ID,Title,URL,Audit status,Composition coverage,Public film IDs,Memberships
3yB_oTqh6Jk,வினைசெயல்வகை (Female) | Vinai Seyalvagai Female Cinematic Thirukkural Film,https://www.youtube.com/watch?v=3yB_oTqh6Jk,Public film entry (title evidence),,,videos; playlist:திருக்குறள் | Thirukkural — Master Collection; playlist:Discography
QXWB2raWKXE,இடுக்கண் அழியாமை (Remix) | Idukkan Azhiyamai Remix Cinematic Thirukkural Film,https://www.youtube.com/watch?v=QXWB2raWKXE,Public film entry (title evidence),,,videos; playlist:திருக்குறள் | Thirukkural — Master Collection; playlist:Discography
79u01V3wbZc,திருக்குறள் - படைச்செருக்கு | Padaicherukku | Full Song Film,https://www.youtube.com/watch?v=79u01V3wbZc,Public film entry (title evidence),,,videos; playlist:திருக்குறள் | Thirukkural — Master Collection; playlist:Discography
cR_u-JuGJAU,திருக்குறள் - பொருள்செயல்வகை | Porul Seyalvagai | Full Song Film,https://www.youtube.com/watch?v=cR_u-JuGJAU,Public film entry (title evidence),,,videos; playlist:திருக்குறள் | Thirukkural — Master Collection; playlist:Discography
x3CyxNH5bpQ,தூது (Remix) | Thoothu Remix Cinematic Thirukkural Film,https://www.youtube.com/watch?v=x3CyxNH5bpQ,Public film entry (title evidence),Needs review,,videos; playlist:திருக்குறள் | Thirukkural — Master Collection; playlist:Discography; release:திருக்குறள் - தூது 2026
sAgX9WX86Rw,திருக்குறள் - நட்பாராய்தல் | Natpaaraaythal | Full Song Film,https://www.youtube.com/watch?v=sAgX9WX86Rw,Public film entry (title evidence),Needs review,,videos; playlist:திருக்குறள் | Thirukkural — Master Collection; playlist:Discography; release:திருக்குறள் - நட்பாராய்தல் 2026
8uX2yl_EnMI,திருக்குறள் - கூடா நட்பு | Kooda Natpu | Full Song Film,https://www.youtube.com/watch?v=8uX2yl_EnMI,Public film entry (title evidence),,,videos; playlist:திருக்குறள் | Thirukkural — Master Collection; playlist:Discography
4zff_qi_G1E,திருக்குறள் - தீ நட்பு | Thee Natpu | Full Song Film,https://www.youtube.com/watch?v=4zff_qi_G1E,Public film entry (title evidence),,,videos; playlist:திருக்குறள் | Thirukkural — Master Collection; playlist:Discography
778r-nAUX9Q,திருக்குறள் - பழைமை | Pazhaimai | Full Song Film,https://www.youtube.com/watch?v=778r-nAUX9Q,Public film entry (title evidence),,,videos; playlist:திருக்குறள் | Thirukkural — Master Collection; playlist:Discography
2Qs07DTJvvM,குறிப்பறிதல் (Remix) | Kuripparithal Remix Cinematic Thirukkural Film,https://www.youtube.com/watch?v=2Qs07DTJvvM,Public film entry (title evidence),,,videos; playlist:திருக்குறள் | Thirukkural — Master Collection; playlist:Discography
jdvz-yoK5eI,திருக்குறள் - நட்பு | Natpu | Full Song Film,https://www.youtube.com/watch?v=jdvz-yoK5eI,Public film entry (title evidence),,,videos; playlist:திருக்குறள் | Thirukkural — Master Collection; playlist:Discography
dthZW-Wo8IU,மன்னரைச்சேர்ந்தொழுதல் (Female) | Mannarai Sernthozhuthal Female Cinematic Thirukkural Film,https://www.youtube.com/watch?v=dthZW-Wo8IU,Public film entry (title evidence),,,videos; playlist:திருக்குறள் | Thirukkural — Master Collection; playlist:Discography
gjo0AfKBzsU,நாடு (Remix) | Naadu Remix Cinematic Thirukkural Film,https://www.youtube.com/watch?v=gjo0AfKBzsU,Public film entry (title evidence),,,videos; playlist:திருக்குறள் | Thirukkural — Master Collection; playlist:Discography
dVYI3ZgpDC8,காலமறிதல் (Remix) | Kaalamarithal Remix Cinematic Thirukkural Film,https://www.youtube.com/watch?v=dVYI3ZgpDC8,Public film entry (title evidence),Needs review,,videos; playlist:திருக்குறள் | Thirukkural — Master Collection; playlist:Discography; release:திருக்குறள் - காலமறிதல் 2026
6MaQYObW8OQ,துறவு (Female) | Thuravu Female Cinematic Thirukkural Film,https://www.youtube.com/watch?v=6MaQYObW8OQ,Public film entry (title evidence),Needs review,,videos; playlist:திருக்குறள் | Thirukkural — Master Collection; playlist:Discography; release:திருக்குறள் - துறவு 2026
wyDIU74Rs7Y,அவை அஞ்சாமை (Female) | Avai Anjaamai Female Cinematic Thirukkural Film,https://www.youtube.com/watch?v=wyDIU74Rs7Y,Public film entry (title evidence),,,videos; playlist:திருக்குறள் | Thirukkural — Master Collection; playlist:Discography
wPT_1jgn2Ys,கூடா ஒழுக்கம் (Symphony) | Kooda Ozhukkam Symphony Cinematic Thirukkural Film,https://www.youtube.com/watch?v=wPT_1jgn2Ys,Public film entry (title evidence),Needs review,,videos; playlist:திருக்குறள் | Thirukkural — Master Collection; playlist:Discography; release:திருக்குறள் - கூடா ஒழுக்கம்
8YLA_CoDfP8,போற்றி திரு அகவல் 2026 | Potri Thiru Agaval 2026 Cinematic Shiva Film,https://www.youtube.com/watch?v=8YLA_CoDfP8,Public film entry (title evidence),,,videos; playlist:Lord Shiva Songs; playlist:Discography
wylRNpaJNmY,சிற்றினம்சேராமை (Remix) | Sittrinam Seramai Remix Cinematic Thirukkural Film,https://www.youtube.com/watch?v=wylRNpaJNmY,Public film entry (title evidence),,,videos; playlist:திருக்குறள் | Thirukkural — Master Collection; playlist:Discography
lD6far4EmHY,திருவோத்தூர் பதிகம் III | Thiruvothur Pathigam III Cinematic Shiva Film,https://www.youtube.com/watch?v=lD6far4EmHY,Public film entry (title evidence),Needs review,,videos; playlist:Lord Shiva Songs; playlist:Discography; release:திருவோத்தூர் பதிகம் 2026 (2)
VVkl8bORJXg,குற்றங்கடிதல் (Remix) | Kuttrangadithal Remix Cinematic Thirukkural Film,https://www.youtube.com/watch?v=VVkl8bORJXg,Public film entry (title evidence),Needs review,,videos; playlist:திருக்குறள் | Thirukkural — Master Collection; playlist:Discography; release:திருக்குறள் - குற்றம் கடிதல் 2026
djYooU1LmGk,வாய்மை (Remix) | Vaaymai Remix Cinematic Thirukkural Film,https://www.youtube.com/watch?v=djYooU1LmGk,Public film entry (title evidence),Needs review,,videos; playlist:திருக்குறள் | Thirukkural — Master Collection; playlist:Discography; release:திருக்குறள் - வாய்மை
vbMywONB5Wc,கேள்விச்செல்வம் (Remix) | Kelvi Selvam Remix Cinematic Thirukkural Film,https://www.youtube.com/watch?v=vbMywONB5Wc,Public film entry (title evidence),,,videos; playlist:திருக்குறள் | Thirukkural — Master Collection; playlist:Discography
HRN77i6Kio8,பெரியாரைத்துணைக்கோடல் (Remix) | Periyarai Thunaikodal Remix Cinematic Thirukkural Film,https://www.youtube.com/watch?v=HRN77i6Kio8,Public film entry (title evidence),,,videos; playlist:திருக்குறள் | Thirukkural — Master Collection; playlist:Discography
xVyPWHTMXHw,அறிவுடைமை (Remix) | Arivudaimai Remix Cinematic Thirukkural Film,https://www.youtube.com/watch?v=xVyPWHTMXHw,Public film entry (title evidence),Needs review,,videos; playlist:திருக்குறள் | Thirukkural — Master Collection; playlist:Discography; release:திருக்குறள் - அறிவுடைமை 2026
KLsXZa28uyE,வலியறிதல் (Remix) | Valiyarithal Remix Cinematic Thirukkural Film,https://www.youtube.com/watch?v=KLsXZa28uyE,Public film entry (title evidence),Needs review,,videos; playlist:திருக்குறள் | Thirukkural — Master Collection; playlist:Discography; release:திருக்குறள் - வலியறிதல் 2026
oEQ3sx6ujQc,இடனறிதல் (Remix) | Idanarithal Remix Cinematic Thirukkural Film,https://www.youtube.com/watch?v=oEQ3sx6ujQc,Public film entry (title evidence),Needs review,,videos; playlist:திருக்குறள் | Thirukkural — Master Collection; playlist:Discography; release:திருக்குறள் - இடனறிதல் 2026
JvonvWQHKQY,அமைச்சு (Remix) | Amaichu Remix Cinematic Thirukkural Film,https://www.youtube.com/watch?v=JvonvWQHKQY,Public film entry (title evidence),,,videos; playlist:திருக்குறள் | Thirukkural — Master Collection; playlist:Discography
tzAYLpH3TkI,கள்ளாமை (Symphony) | Kallaamai Symphony Cinematic Thirukkural Film,https://www.youtube.com/watch?v=tzAYLpH3TkI,Public film entry (title evidence),Needs review,,videos; playlist:திருக்குறள் | Thirukkural — Master Collection; playlist:Discography; release:திருக்குறள் - கள்ளாமை
irx33IVWrPY,அரண் (Symphony) | Aran Symphony Cinematic Thirukkural Film,https://www.youtube.com/watch?v=irx33IVWrPY,Public film entry (title evidence),,,videos; playlist:திருக்குறள் | Thirukkural — Master Collection; playlist:Discography
TQtjI3EepPQ,திருக்குறள் - ஒற்றாடல் | Ottraadal | Full Song Film,https://www.youtube.com/watch?v=TQtjI3EepPQ,Public film entry (title evidence),,,videos; playlist:திருக்குறள் | Thirukkural — Master Collection
fJIeiPyejxU,திருவருட்பா - ஆறாம் திருமுறை - பரசிவ வணக்கம் | Full Song Film,https://www.youtube.com/watch?v=fJIeiPyejxU,Public film entry (title evidence),,,videos; playlist:Lord Shiva Songs
PO4U3nRv6o0,திருவருட்பா - திருவருள் வேட்கை | Full Song Film,https://www.youtube.com/watch?v=PO4U3nRv6o0,Public film entry (title evidence),,,videos; playlist:Lord Shiva Songs
255aVCj3t0w,திருவருட்பா - இரண்டாம் திருமுறை - திருச்சாதனத் தெய்வத் திறம் | Full Song Film,https://www.youtube.com/watch?v=255aVCj3t0w,Public film entry (title evidence),,,videos; playlist:Lord Shiva Songs
KjQZFlnCluU,திருவருட்பா - ஆறாம் திருமுறை - சிவ பதி விளக்கம் | Full Song Film,https://www.youtube.com/watch?v=KjQZFlnCluU,Public film entry (title evidence),Needs review,,videos; playlist:Lord Shiva Songs; release:திருவருட்பா - ஆறாம் திருமுறை - சிவ பதி விளக்கம்
mCwNR1Bytj4,திருக்குறள் - இறை மாட்சி | Irai Maatchi | Full Song Film,https://www.youtube.com/watch?v=mCwNR1Bytj4,Public film entry (title evidence),Needs review,,videos; playlist:திருக்குறள் | Thirukkural — Master Collection; release:திருக்குறள் - இறை மாட்சி
8AEEcskF-Jo,திருக்குறள் - துறவு | Thuravu | Full Song Film,https://www.youtube.com/watch?v=8AEEcskF-Jo,Public film entry (title evidence),Needs review,,videos; playlist:திருக்குறள் | Thirukkural — Master Collection; release:திருக்குறள் - துறவு 2026
nR7R0TWyZHk,திருக்குறள் - தூது | Thoothu | Full Song Film,https://www.youtube.com/watch?v=nR7R0TWyZHk,Public film entry (title evidence),,,videos; playlist:திருக்குறள் | Thirukkural — Master Collection
bH23l5vVgL8,திருக்குறள் - தெரிந்து தெளிதல் | Therinthu Thelithal | Full Song Film,https://www.youtube.com/watch?v=bH23l5vVgL8,Public film entry (title evidence),,,videos; playlist:திருக்குறள் | Thirukkural — Master Collection
BfgGC7DsHMI,திருக்குறள் - தெரிந்து செயல்வகை | Therinthu Seyalvagai | Full Song Film,https://www.youtube.com/watch?v=BfgGC7DsHMI,Public film entry (title evidence),,,videos; playlist:திருக்குறள் | Thirukkural — Master Collection
fNaiY4wiadc,திருவோத்தூர் பதிகம் II | Thiruvothur Pathigam II Cinematic Shiva Film,https://www.youtube.com/watch?v=fNaiY4wiadc,Public film entry (title evidence),Needs review,,videos; playlist:Lord Shiva Songs; playlist:Discography; release:திருவோத்தூர் பதிகம் 2026 (2)
xcUlgFsrepU,திருக்குறள் - வெகுளாமை | Vegulaamai | Full Song Film,https://www.youtube.com/watch?v=xcUlgFsrepU,Public film entry (title evidence),Needs review,,videos; playlist:திருக்குறள் | Thirukkural — Master Collection; release:திருக்குறள் - வெகுளாமை 2026
9NIv50lV4-M,திருக்குறள் - மெய்யுணர்தல் | Meyyunarithal | Full Song Film,https://www.youtube.com/watch?v=9NIv50lV4-M,Public film entry (title evidence),Needs review,,videos; playlist:திருக்குறள் | Thirukkural — Master Collection; release:திருக்குறள் - மெய்யுணர்தல்
JreH0hqB2po,திருக்குறள் - நிலையாமை | Nilaiyaamai | Full Song Film,https://www.youtube.com/watch?v=JreH0hqB2po,Public film entry (title evidence),Needs review,,videos; playlist:திருக்குறள் | Thirukkural — Master Collection; release:திருக்குறள் - நிலையாமை 2026
L6DWSjPqoH0,திருக்குறள் - கொல்லாமை | Kollaamai | Full Song Film,https://www.youtube.com/watch?v=L6DWSjPqoH0,Public film entry (title evidence),Needs review,,videos; playlist:திருக்குறள் | Thirukkural — Master Collection; release:திருக்குறள் - கொல்லாமை
Gnu-TzZfe7A,திருக்குறள் - கல்லாமை | Kallaamai Learning | Full Song Film,https://www.youtube.com/watch?v=Gnu-TzZfe7A,Public film entry (title evidence),Needs review,,videos; playlist:திருக்குறள் | Thirukkural — Master Collection; release:திருக்குறள் - கல்லாமை
HezzLu_n6qE,திருக்குறள் - அவா அறுத்தல் | Avaa Aruththal | Full Song Film,https://www.youtube.com/watch?v=HezzLu_n6qE,Public film entry (title evidence),Needs review,,videos; playlist:திருக்குறள் | Thirukkural — Master Collection; release:திருக்குறள் - அவா அறுத்தல்
dD_cXqU_XVQ,திருக்குறள் - ஊழ் வினை | Oozh Vinai | Full Song Film,https://www.youtube.com/watch?v=dD_cXqU_XVQ,Public film entry (title evidence),Needs review,,videos; playlist:திருக்குறள் | Thirukkural — Master Collection; release:திருக்குறள் - ஊழ் வினை
Nb1nAcrGNeU,திருக்குறள் - சுற்றந்தழால் | Suttranthazhaal | Full Song Film,https://www.youtube.com/watch?v=Nb1nAcrGNeU,Public film entry (title evidence),,,videos; playlist:திருக்குறள் | Thirukkural — Master Collection
q6Rg5CUbOD0,திருக்குறள் - சொல்வன்மை | Solvanmai | Full Song Film,https://www.youtube.com/watch?v=q6Rg5CUbOD0,Public film entry (title evidence),,,videos; playlist:திருக்குறள் | Thirukkural — Master Collection
lCBVB2Yj_7U,திருக்குறள் - செங்கோன்மை | Sengonmai | Full Song Film,https://www.youtube.com/watch?v=lCBVB2Yj_7U,Public film entry (title evidence),,,videos; playlist:திருக்குறள் | Thirukkural — Master Collection
2U45AXlx7DA,திருக்குறள் - சிற்றினம் சேராமை | Sitrinam Seraamai | Full Song Film,https://www.youtube.com/watch?v=2U45AXlx7DA,Public film entry (title evidence),Needs review,,videos; playlist:திருக்குறள் | Thirukkural — Master Collection; release:திருக்குறள் - சிற்றினம் சேராமை 2026
wzdoeFDq0iQ,திருக்குறள் - கொடுங்கோன்மை | Kodungonmai | Full Song Film,https://www.youtube.com/watch?v=wzdoeFDq0iQ,Public film entry (title evidence),,,videos; playlist:திருக்குறள் | Thirukkural — Master Collection
9kHN9Dzrv7o,திருக்குறள் - கேள்விச் செல்வம் | Kelvi Selvam | Full Song Film,https://www.youtube.com/watch?v=9kHN9Dzrv7o,Public film entry (title evidence),Needs review,,videos; playlist:திருக்குறள் | Thirukkural — Master Collection; release:திருக்குறள் - கேள்வி  2026
B60TIM5LLvY,திருக்குறள் - குற்றங்கடிதல் | Kuttrankadithal | Full Song Film,https://www.youtube.com/watch?v=B60TIM5LLvY,Public film entry (title evidence),Needs review,,videos; playlist:திருக்குறள் | Thirukkural — Master Collection; release:திருக்குறள் - குற்றம் கடிதல் 2026
dBIUA3fKBJ0,திருக்குறள் - குறிப்பறிதல் | Kuripparithal | Full Song Film,https://www.youtube.com/watch?v=dBIUA3fKBJ0,Public film entry (title evidence),,,videos; playlist:திருக்குறள் | Thirukkural — Master Collection
DIDV-3cHhag,திருக்குறள் - காலமறிதல் | Kaalamarithal | Full Song Film,https://www.youtube.com/watch?v=DIDV-3cHhag,Public film entry (title evidence),Needs review,,videos; playlist:திருக்குறள் | Thirukkural — Master Collection; release:திருக்குறள் - காலமறிதல் 2026
mv7AezrLzoU,திருக்குறள் - கண்ணோட்டம் | Kannottam | Full Song Film,https://www.youtube.com/watch?v=mv7AezrLzoU,Public film entry (title evidence),,,videos; playlist:திருக்குறள் | Thirukkural — Master Collection
9EAskIS2xuc,திருக்குறள் - கள்ளாமை | Kallaamai | Full Song Film,https://www.youtube.com/watch?v=9EAskIS2xuc,Public film entry (title evidence),Needs review,,videos; playlist:திருக்குறள் | Thirukkural — Master Collection; release:திருக்குறள் - கள்ளாமை
XN5ENUbmSOE,திருக்குறள் - ஊக்கமுடைமை | Ookkamudaimai | Full Song Film,https://www.youtube.com/watch?v=XN5ENUbmSOE,Public film entry (title evidence),,,videos; playlist:திருக்குறள் | Thirukkural — Master Collection
daM5VkysZqg,திருக்குறள் - இடுக்கண் அழியாமை | Idukkan Azhiyaamai | Full Song Film,https://www.youtube.com/watch?v=daM5VkysZqg,Public film entry (title evidence),,,videos; playlist:திருக்குறள் | Thirukkural — Master Collection
817Wxel4F5s,திருக்குறள் - இடனறிதல் | Idanarithal | Full Song Film,https://www.youtube.com/watch?v=817Wxel4F5s,Public film entry (title evidence),Needs review,,videos; playlist:திருக்குறள் | Thirukkural — Master Collection; release:திருக்குறள் - இடனறிதல் 2026
_Q2t-TcmDT4,திருக்குறள் - அறிவுடைமை | Arivudaimai | Full Song Film,https://www.youtube.com/watch?v=_Q2t-TcmDT4,Public film entry (title evidence),Needs review,,videos; playlist:திருக்குறள் | Thirukkural — Master Collection; release:திருக்குறள் - அறிவுடைமை 2026
zj4_pEqa_cs,திருக்குறள் - ஆள்வினையுடைமை | Aalvinaiyudaimai | Full Song Film,https://www.youtube.com/watch?v=zj4_pEqa_cs,Public film entry (title evidence),,,videos; playlist:திருக்குறள் | Thirukkural — Master Collection
CEh2a8KUIKU,திருக்குறள் - அவையறிதல் | Avaiyarithal | Full Song Film,https://www.youtube.com/watch?v=CEh2a8KUIKU,Public film entry (title evidence),,,videos; playlist:திருக்குறள் | Thirukkural — Master Collection
W4LQ0TT2cRA,திருக்குறள் - அவை அஞ்சாமை | Avai Anjaamai | Full Song Film,https://www.youtube.com/watch?v=W4LQ0TT2cRA,Public film entry (title evidence),,,videos; playlist:திருக்குறள் | Thirukkural — Master Collection
6r6TpY-sgbw,திருக்குறள் - அரண் | Aran | Full Song Film,https://www.youtube.com/watch?v=6r6TpY-sgbw,Public film entry (title evidence),,,videos; playlist:திருக்குறள் | Thirukkural — Master Collection
VENn3ip3XPA,திருக்குறள் - அமைச்சு | Amaichu | Full Song Film,https://www.youtube.com/watch?v=VENn3ip3XPA,Public film entry (title evidence),,,videos; playlist:திருக்குறள் | Thirukkural — Master Collection
hCHBPd8BH8A,திருக்குறள் - வாழ்க்கை துணை | Vaazkkai Thunai | Full Song Film,https://www.youtube.com/watch?v=hCHBPd8BH8A,Public film entry (title evidence),,,videos; playlist:திருக்குறள் | Thirukkural — Master Collection
KvU4v5v2X98,ஈஸ்வர நாமவளி சரணம்! (II) | Cinematic Lord Shiva Devotional Film,https://www.youtube.com/watch?v=KvU4v5v2X98,Public film entry (title evidence),Needs review,,videos; playlist:Lord Shiva Songs; playlist:Discography; release:ஈஸ்வர நாமவளி சரணம்!
02C8glMmetw,திருக்குறள் - அகர முதல | Agara Muthala | Full Song Film,https://www.youtube.com/watch?v=02C8glMmetw,Public film entry (title evidence),,,videos; playlist:திருக்குறள் | Thirukkural — Master Collection
kGhg01-hWos,அருட்பெருஞ்சோதி அகவல் II | Arutperunjothi Agaval II | Full Song Film,https://www.youtube.com/watch?v=kGhg01-hWos,Public film entry (title evidence),Needs review,,videos; playlist:Other Songs; playlist:Discography; release:அருட்பெருஞ்சோதி அகவல் சாரம்
qYVo1gCko5Q,அருட்பெருஞ்சோதி அகவல் I | Arutperunjothi Agaval I | Full Song Film,https://www.youtube.com/watch?v=qYVo1gCko5Q,Public film entry (title evidence),Needs review,,videos; playlist:Other Songs; playlist:Discography; release:அருட்பெருஞ்சோதி அகவல் சாரம்
GlJrQMMTRhI,அருட்பெருஞ்சோதி 2026 VI | Arutperunjothi VI | Full Song Film,https://www.youtube.com/watch?v=GlJrQMMTRhI,Public film entry (title evidence),,,videos; playlist:Other Songs; playlist:Discography
-CsF4lE2UfA,அருட்பெருஞ்சோதி அகவல் 2026 V | Arutperunjothi V | Full Song Film,https://www.youtube.com/watch?v=-CsF4lE2UfA,Public film entry (title evidence),Needs review,,videos; playlist:Other Songs; playlist:Discography; release:அருட்பெருஞ்சோதி அகவல்
lG5AT1rN9Us,அருட்பெருஞ்சோதி அகவல் 2026 IV | Arutperunjothi IV | Full Song Film,https://www.youtube.com/watch?v=lG5AT1rN9Us,Public film entry (title evidence),Needs review,,videos; playlist:Other Songs; playlist:Discography; release:அருட்பெருஞ்சோதி அகவல்
WhqZ0ttDYYc,அருட்பெருஞ்சோதி அகவல் 2026 III | Arutperunjothi III | Full Song Film,https://www.youtube.com/watch?v=WhqZ0ttDYYc,Public film entry (title evidence),Needs review,,videos; playlist:Other Songs; playlist:Discography; release:அருட்பெருஞ்சோதி அகவல்
0fD-z3s_g2A,திருக்குறள் - அருளுடைமை | Aruludaimai Cinematic Thirukkural Film,https://www.youtube.com/watch?v=0fD-z3s_g2A,Public film entry (title evidence),Needs review,,videos; playlist:திருக்குறள் | Thirukkural — Master Collection; playlist:Discography; release:திருக்குறள் - அருளுடைமை
C05GEfkJZaY,திருக்குறள் - இல்வாழ்க்கை | Ilvazhkkai Cinematic Thirukkural Film,https://www.youtube.com/watch?v=C05GEfkJZaY,Public film entry (title evidence),Needs review,,videos; playlist:திருக்குறள் | Thirukkural — Master Collection; playlist:Discography; release:திருக்குறள் இல்வாழ்க்கை
SWAjAbur-TQ,திருக்குறள் - கடவுள் வாழ்த்து | Kadavul Vazhthu Cinematic Thirukkural Film,https://www.youtube.com/watch?v=SWAjAbur-TQ,Public film entry (title evidence),Needs review,,videos; playlist:திருக்குறள் | Thirukkural — Master Collection; playlist:Discography; release:திருக்குறள் - கடவுள் வாழ்த்து
HD3EgOlDLJ0,அருட்பெருஞ்சோதி அகவல் 2026 II | Arutperunjothi II | Full Song Film,https://www.youtube.com/watch?v=HD3EgOlDLJ0,Public film entry (title evidence),,,videos; playlist:Other Songs; playlist:Discography
l3E27q5r-nk,திருவருட்பா - திருப்புகழ் விலாசம் | Thiruppugazh Vilasam | Full Song Film,https://www.youtube.com/watch?v=l3E27q5r-nk,Public film entry (title evidence),Needs review,,videos; playlist:Other Songs; playlist:Discography; release:திருவருட்பா - இரண்டாம் திருமுறை - திருப்புகழ் விலாசம் 2026
BxQ4c9VPwAo,திருவருட்பா - அபராத விண்ணப்பம் III Golden | Aparadha Vinnappam III | Full Song Film,https://www.youtube.com/watch?v=BxQ4c9VPwAo,Public film entry (title evidence),,,videos; playlist:Other Songs; playlist:Discography
lg5W3VaLQNQ,திருவருட்பா - அறிவரும் பெருமை | Arivarum Perumai | Full Song Film,https://www.youtube.com/watch?v=lg5W3VaLQNQ,Public film entry (title evidence),Needs review,,videos; playlist:Other Songs; playlist:Discography; release:திருவருட்பா - இரண்டாம் திருமுறை - அறிவரும் பெருமை
NjHDFS3cftg,திருவருட்பா - அருள்விடை வேட்கை | Arulvidai Vetkai | Full Song Film,https://www.youtube.com/watch?v=NjHDFS3cftg,Public film entry (title evidence),,,videos; playlist:Other Songs; playlist:Discography
uSHc6kdU_mY,போற்றித் திருஅகவல் (திருவாசகம்) | Cinematic Devotional Film,https://www.youtube.com/watch?v=uSHc6kdU_mY,Public film entry (title evidence),,,videos; playlist:Lord Shiva Songs; playlist:Discography
g3tE-_-cZgQ,திருவருட்பா - நெஞ்சொடு நேர்தல் | Nenjodu Nerthal | Full Song Film,https://www.youtube.com/watch?v=g3tE-_-cZgQ,Public film entry (title evidence),Needs review,,videos; playlist:Other Songs; playlist:Discography; release:திருவருட்பா - இரண்டாம் திருமுறை - நெஞ்சொடு நேர்தல்
DvFAVsnMOE4,ஸ்மரணாத³ருணாசலம் | Cinematic Lord Shiva Devotional Film,https://www.youtube.com/watch?v=DvFAVsnMOE4,Public film entry (title evidence),Needs review,,videos; playlist:Lord Shiva Songs; playlist:Discography; release:தமிழ் இறை விருந்து - 2026
M2YC8urOH0M,திருவருட்பா - முத்தி உபாயம் | Muthi Upayam | Full Song Film,https://www.youtube.com/watch?v=M2YC8urOH0M,Public film entry (title evidence),Needs review,,videos; playlist:Other Songs; playlist:Discography; release:திருவருட்பா - இரண்டாம் திருமுறை - முத்தி உபாயம் 2026
XpdQL93uFtM,புண்ணிய விளக்கம் | Cinematic Lord Shiva Devotional Film,https://www.youtube.com/watch?v=XpdQL93uFtM,Public film entry (title evidence),,,videos; playlist:Lord Shiva Songs; playlist:Discography
fg2YbSBo1Sk,திருவருட்பா - அபராத விண்ணப்பம் II | Aparadha Vinnappam II | Full Song Film,https://www.youtube.com/watch?v=fg2YbSBo1Sk,Public film entry (title evidence),Needs review,,videos; playlist:Other Songs; playlist:Discography; release:திருவருட்பா - இரண்டாம் திருமுறை - அபராத விண்ணப்பம் 2026
-cmB2_XZqs0,திருவருட்பா - அபராத விண்ணப்பம் I | Aparadha Vinnappam I | Full Song Film,https://www.youtube.com/watch?v=-cmB2_XZqs0,Public film entry (title evidence),Needs review,,videos; playlist:Other Songs; playlist:Discography; release:திருவருட்பா - இரண்டாம் திருமுறை - அபராத விண்ணப்பம் 2026
nnlH4ydFRQw,பிரார்த்தனைப் பத்து 2026 (திருவாசகம்) | Cinematic Devotional Film,https://www.youtube.com/watch?v=nnlH4ydFRQw,Public film entry (title evidence),,,videos; playlist:Lord Shiva Songs; playlist:Discography
IuZ6Qe-aiYI,Achcho Pathigam | Cinematic Lord Shiva Devotional Film,https://www.youtube.com/watch?v=IuZ6Qe-aiYI,Public film entry (title evidence),Needs review,,"videos; playlist:Lord Shiva Songs; playlist:Discography; release:Thiurvasagam Songs, Pt. 2"
-7ppYdnUdVk,திருவருட்பா - ஆறாம் திருமுறை | Aaram Thirumurai | Full Song Film,https://www.youtube.com/watch?v=-7ppYdnUdVk,Public film entry (title evidence),Needs review,,videos; playlist:Other Songs; playlist:Discography; release:திருவருட்பா - ஆறாம் திருமுறை - பதி விளக்கம்
s7idxr-uVfQ,திருவருட்பா - திருவருண் முறையீடு | Thiruvarun Muraiyidu | Full Song Film,https://www.youtube.com/watch?v=s7idxr-uVfQ,Public film entry (title evidence),Needs review,,videos; playlist:Other Songs; playlist:Discography; release:திருவருட்பா - திருவருண் முறையீடு
hfv9Ys99fZU,திருவருட்பா - இங்கித மாலை 2026 | Ingitha Maalai | Full Song Film,https://www.youtube.com/watch?v=hfv9Ys99fZU,Public film entry (title evidence),,,videos; playlist:Other Songs; playlist:Discography
ZXdIpt_-Pmo,வாழ்வது தமிழ் ஆகட்டும் | Vaazvathu Thamiz Aagattum | Full Song Film,https://www.youtube.com/watch?v=ZXdIpt_-Pmo,Public film entry (title evidence),Needs review,,videos; playlist:Other Songs; playlist:Discography; release:Tamil Divine Patriotism (தமிழ் தேசப் பற்று பாடல்கள்)
eK--J196v_c,தாயின் மணிக்கொடி பாரீர்! | Thayin Manikkodi Paareer | Full Song Film,https://www.youtube.com/watch?v=eK--J196v_c,Public film entry (title evidence),Needs review,,videos; playlist:Other Songs; playlist:Discography; release:Tamil Divine Patriotism (தமிழ் தேசப் பற்று பாடல்கள்)
tMnJYH0SR9c,இந்திய தேசிய கீதம் 2026 | Indian National Anthem | Full Song Film,https://www.youtube.com/watch?v=tMnJYH0SR9c,Public film entry (title evidence),Needs review,,videos; playlist:Other Songs; playlist:Discography; release:Tamil Devotional Songs VI
EE9qX_vQdlQ,திருஏசறவு 2026 (திருவாசகம்) | Thiruesaravu Cinematic Devotional Film,https://www.youtube.com/watch?v=EE9qX_vQdlQ,Public film entry (title evidence),Needs review,,videos; playlist:Lord Shiva Songs; playlist:Discography; release:Thiruvasagam 2026 (திருவாசகம்)
GYH3tnKYidU,திருமந்திரம் (முதல் தந்திரம்) | Thirumanthiram Cinematic Devotional Film,https://www.youtube.com/watch?v=GYH3tnKYidU,Public film entry (title evidence),Needs review,,videos; playlist:Lord Shiva Songs; playlist:Discography; release:திருமந்திரம் (முதல் தந்திரம்)
huastC0A3-8,கோயிலாகநல் - பழமொழிமேல் 2026 | Koiyilakanal | Full Song Film,https://www.youtube.com/watch?v=huastC0A3-8,Public film entry (title evidence),,,videos; playlist:Other Songs; playlist:Discography
JGslKeAreOE,சம்சாரம் என்பது வீணை (REMIX) 2026 | Samsaram Enbathu Veenai | Full Song Film,https://www.youtube.com/watch?v=JGslKeAreOE,Public film entry (title evidence),Needs review,,videos; playlist:Other Songs; playlist:Discography; release:தமிழ் பெண்ணின் பெருமை (Mixed Album) 2026
4QpJHz2SAbU,கள்ளப் பிழையும் | Kalla Pizhaiyum Cinematic Devotional Film,https://www.youtube.com/watch?v=4QpJHz2SAbU,Public film entry (title evidence),Needs review,,videos; playlist:Lord Shiva Songs; playlist:Discography; release:Tamil Devotional Songs 2
dwYw5_W4g4A,உலகமெலாந் தனிநிறைந்த! | Ulagamelan Thaniniraindha | Full Song Film,https://www.youtube.com/watch?v=dwYw5_W4g4A,Public film entry (title evidence),,,videos; playlist:Other Songs; playlist:Discography
pzW2LiiPSVo,பண்டாய நான்மறை | Pandaaya Naanmarai Cinematic Devotional Film,https://www.youtube.com/watch?v=pzW2LiiPSVo,Public film entry (title evidence),Needs review,,"videos; playlist:Lord Shiva Songs; playlist:Discography; release:Thiurvasagam Songs, Pt. 2"
pLVPFb8LJEk,ஈஸ்வர நாமவளி சரணம்! (I) | Eeswara Naamavali Cinematic Devotional Film,https://www.youtube.com/watch?v=pLVPFb8LJEk,Public film entry (title evidence),Needs review,,videos; playlist:Lord Shiva Songs; playlist:Discography; release:ஈஸ்வர நாமவளி சரணம்!
mVQJIrLtnCk,விழியிலே மலர்ந்தது (REMIX) 2026 | Vizhiyile Malarnthathu | Full Song Film,https://www.youtube.com/watch?v=mVQJIrLtnCk,Public film entry (title evidence),Needs review,,videos; playlist:Other Songs; playlist:Discography; release:தமிழ் பெண்ணின் பெருமை (Mixed Album) 2026
JhdXurT4ohI,ஏகமாய் அந்தமாய் | Ekamaai Anthamaai | Full Song Film,https://www.youtube.com/watch?v=JhdXurT4ohI,Public film entry (title evidence),Needs review,,videos; playlist:Other Songs; playlist:Discography; release:தமிழ் பெண்ணின் பெருமை (Mixed Album) 2026
BXLeRFa6NHA,அவலத் தழுங்கல் 2026 | Avalath Thazhungal | Full Song Film,https://www.youtube.com/watch?v=BXLeRFa6NHA,Public film entry (title evidence),Needs review,,videos; playlist:Other Songs; playlist:Discography; release:திருவருட்பா - இரண்டாம் திருமுறை (II)
9Qhwgy74BXI,ஹரே ராமா ஹரே கிருஷ்ணா! II | Hare Rama Hare Krishna Cinematic Film,https://www.youtube.com/watch?v=9Qhwgy74BXI,Public film entry (title evidence),Needs review,,videos; playlist:Lord Krishnar Songs; playlist:Discography; release:Hare Rama Hare Krishna! 2026
hXpQuPvEzSk,ஹரே ராமா ஹரே கிருஷ்ணா! I | Hare Rama Hare Krishna Cinematic Film,https://www.youtube.com/watch?v=hXpQuPvEzSk,Public film entry (title evidence),Needs review,,videos; playlist:Lord Krishnar Songs; playlist:Discography; release:Hare Rama Hare Krishna! 2026
UPODVJixLyM,ஞானத் திருவடி 2026 | Gnanath Thiruvadi | Full Song Film,https://www.youtube.com/watch?v=UPODVJixLyM,Public film entry (title evidence),Needs review,,videos; playlist:Other Songs; playlist:Discography; release:ஞானத் திருவடி 2026
Q57FSOLDMU0,சொற்பெரு மெய்ஞ்ஞான | Sorpperu Meygnana | Full Song Film,https://www.youtube.com/watch?v=Q57FSOLDMU0,Public film entry (title evidence),,,videos; playlist:Other Songs; playlist:Discography
v_Q_vKG_nHo,உள்ளம் ஒரு கோவில் (II) 2026 | Ullam Oru Kovil II | Full Song Film,https://www.youtube.com/watch?v=v_Q_vKG_nHo,Public film entry (title evidence),Needs review,,videos; playlist:Other Songs; playlist:Discography; release:தமிழ் பெண்ணின் பெருமை (Mixed Album) 2026
peEwj9A2blw,திருவசிய மந்திரம் 2026 | Thiruvasiyam Mantra | Full Song Film,https://www.youtube.com/watch?v=peEwj9A2blw,Public film entry (title evidence),Needs review,,videos; playlist:Other Songs; playlist:Lord Shiva Songs; playlist:Discography; release:திருவசிய மந்திரம் 2026
i8h-2dDFnhI,தாமரை மலரே! | Thamarai Malare | Full Song Film,https://www.youtube.com/watch?v=i8h-2dDFnhI,Public film entry (title evidence),Needs review,,videos; playlist:Other Songs; playlist:Discography; release:தமிழ் இறை விருந்து - 2026
i6XFZE1q9uo,உள்ளம் ஒரு கோவில் 2026 | Ullam Oru Kovil | Full Song Film,https://www.youtube.com/watch?v=i6XFZE1q9uo,Public film entry (title evidence),Needs review,,videos; playlist:Other Songs; playlist:Discography; release:தமிழ் பெண்ணின் பெருமை (Mixed Album) 2026
YlNGYTlCedk,இராம கிருஷ்ண துதி | Rama Krishna Thuthi Cinematic Devotional Film,https://www.youtube.com/watch?v=YlNGYTlCedk,Public film entry (title evidence),,,videos; playlist:Lord Krishnar Songs; playlist:Discography
wCyrA4Be7cE,பெரியாழ்வார் திருமொழி தாலாட்டு 2026 (III) | Periyazhvar Lullaby Cinematic Film,https://www.youtube.com/watch?v=wCyrA4Be7cE,Public film entry (title evidence),Needs review,,videos; playlist:Lord Krishnar Songs; playlist:Discography; release:பெரியாழ்வார் திருமொழி தாலாட்டு 2026
HXLltX2BPig,அருள் நாம விளக்கம் | Arul Nama Vilakkam Cinematic Devotional Film,https://www.youtube.com/watch?v=HXLltX2BPig,Public film entry (title evidence),,,videos; playlist:Other Songs; playlist:Discography
S_FoILDLhls,கிருஷ்ண மந்திரம் II | Krishna Mantra Cinematic Devotional Film,https://www.youtube.com/watch?v=S_FoILDLhls,Public film entry (title evidence),Needs review,,videos; playlist:Lord Krishnar Songs; playlist:Discography; release:கிருஷ்ண மந்திரம்
r55zzDkNtF4,அன்பே சரணம் அருளே சரணம் | Anbe Saranam Arule Saranam Cinematic Devotional Film,https://www.youtube.com/watch?v=r55zzDkNtF4,Public film entry (title evidence),Needs review,,videos; playlist:Other Songs; playlist:Discography; release:அன்பே சரணம்! அருளே சரணம்!
fRoTy3NdaLo,கொன்றை வேந்தன் | Konrai Vendhan Cinematic Devotional Film,https://www.youtube.com/watch?v=fRoTy3NdaLo,Public film entry (title evidence),Needs review,,videos; playlist:Other Songs; playlist:Discography; release:Tamil Devotional Songs VI
Yg_IgGStRvY,கோளறு பதிகம் 2026 | Kolaru Pathigam Cinematic Devotional Film,https://www.youtube.com/watch?v=Yg_IgGStRvY,Public film entry (title evidence),,,videos; playlist:Lord Shiva Songs; playlist:Discography
bJLV48oruHs,சென்னிப்பத்து 2026 | Sennippathu Cinematic Devotional Film,https://www.youtube.com/watch?v=bJLV48oruHs,Public film entry (title evidence),,,videos; playlist:Lord Shiva Songs; playlist:Discography
do8z9OuxLNo,திரு உந்தியார் | Thiru Undhiyar Cinematic Devotional Film,https://www.youtube.com/watch?v=do8z9OuxLNo,Public film entry (title evidence),Needs review,,videos; playlist:Lord Shiva Songs; playlist:Discography; release:Tamil Devotional Songs VI
tTQIGe4LJK4,சிவநேச வெண்பா | Sivanesa Venba Cinematic Devotional Film,https://www.youtube.com/watch?v=tTQIGe4LJK4,Public film entry (title evidence),Needs review,,videos; playlist:Lord Shiva Songs; playlist:Discography; release:முதல் தேவாரம் 2026
mPypwIgdo-E,திருப்புலம்பல் 2026 (திருவாசகம்) | Thiruppulambal Cinematic Devotional Film,https://www.youtube.com/watch?v=mPypwIgdo-E,Public film entry (title evidence),Needs review,,videos; playlist:Lord Shiva Songs; playlist:Discography; release:Thiruvasagam 2026 (திருவாசகம்)
MtV5wS61MsM,திரு சனி பகவான் பதிகம் 2026 | Sani Bhagavan Pathigam Cinematic Devotional Film,https://www.youtube.com/watch?v=MtV5wS61MsM,Public film entry (title evidence),Needs review,,videos; playlist:Other Songs; playlist:Discography; release:திரு சனி பகவான் பதிகம் 2026
mIC0hJwu8F0,திரு சனி பகவான் துதி 2026 | Sani Bhagavan Thuthi Cinematic Devotional Film,https://www.youtube.com/watch?v=mIC0hJwu8F0,Public film entry (title evidence),Needs review,,videos; playlist:Other Songs; playlist:Discography; release:திரு சனி பகவான் துதி 2026
4-FJ8eh7Als,குரு பகவான் துதி 2026 | Guru Bhagavan Thuthi Cinematic Devotional Film,https://www.youtube.com/watch?v=4-FJ8eh7Als,Public film entry (title evidence),Needs review,,videos; playlist:Other Songs; playlist:Discography; release:குரு பகவான் துதி 2026
LBcuDwnrypQ,பெரியாழ்வார் திருமொழி தாலாட்டு 2026 (II) | Periyazhvar Lullaby Cinematic Film,https://www.youtube.com/watch?v=LBcuDwnrypQ,Public film entry (title evidence),Needs review,,videos; playlist:Lord Krishnar Songs; playlist:Discography; release:பெரியாழ்வார் திருமொழி தாலாட்டு 2026
b-FcuF06jHI,பெரியாழ்வார் திருமொழி தாலாட்டு 2026 (I) | Periyazhvar Lullaby Cinematic Film,https://www.youtube.com/watch?v=b-FcuF06jHI,Public film entry (title evidence),Needs review,,videos; playlist:Lord Krishnar Songs; playlist:Discography; release:பெரியாழ்வார் திருமொழி தாலாட்டு 2026
NeauJSGB2W8,கிருஷ்ண மந்திரம் (Female) | Krishna Mantra Cinematic Devotional Film,https://www.youtube.com/watch?v=NeauJSGB2W8,Public film entry (title evidence),,,videos; playlist:Lord Krishnar Songs; playlist:Discography
uGdn0wzpH6c,ஆஞ்சநேயர் துதி | Anjaneyar Thuthi Cinematic Devotional Film,https://www.youtube.com/watch?v=uGdn0wzpH6c,Public film entry (title evidence),Needs review,,videos; playlist:Other Songs; playlist:Discography; release:Tamil Devotional Songs 2
xjem5fTKx90,கிருஷ்ண மந்திரம் I | Krishna Mantram Cinematic Devotional Film,https://www.youtube.com/watch?v=xjem5fTKx90,Public film entry (title evidence),,,videos; playlist:Lord Krishnar Songs; playlist:Discography
diblSOvZENA,விஷ்ணும் ஜிஷ்ணும் | Vishnum Jishnum Cinematic Devotional Film,https://www.youtube.com/watch?v=diblSOvZENA,Public film entry (title evidence),Needs review,,videos; playlist:Lord Vishnu Songs; playlist:Discography; release:Hare Rama Hare Krishna! 2026
mCkB-h75-dE,குறி கலந்த இசை | Kuri Kalandha Isai Cinematic Devotional Film,https://www.youtube.com/watch?v=mCkB-h75-dE,Public film entry (title evidence),,,videos; playlist:Lord Shiva Songs; playlist:Discography
TcsCIh8hvko,கடவுளைக் கடலுள் எழு! | Kadavulai Kadalul Ezhu Cinematic Devotional Film,https://www.youtube.com/watch?v=TcsCIh8hvko,Public film entry (title evidence),Needs review,,videos; playlist:Lord Shiva Songs; playlist:Discography; release:கடவுளைக் கடலுள் எழு!
5GHCLSRXtn4,கரைந்து கைதொழுவாரையும் | Karaindhu Kai Thozhuvaaraiyum Cinematic Devotional Film,https://www.youtube.com/watch?v=5GHCLSRXtn4,Public film entry (title evidence),Needs review,,videos; playlist:Lord Shiva Songs; playlist:Discography; release:திருவருட்பா - முதல் திருமுறை - II
yy8f939JP4M,எண்ணப் பதிகம் (திருவாசகம்) | Enna Pathigam Cinematic Devotional Film,https://www.youtube.com/watch?v=yy8f939JP4M,Public film entry (title evidence),Needs review,,videos; playlist:Lord Shiva Songs; playlist:Discography; release:Thiruvasagam 2026 (திருவாசகம்)
UIc-dkmHgt4,அன்னைப்பத்து (2026) திருவாசகம் | Annaippathu Cinematic Devotional Film,https://www.youtube.com/watch?v=UIc-dkmHgt4,Public film entry (title evidence),Needs review,,videos; playlist:Lord Shiva Songs; playlist:Discography; release:Thiruvasagam 2026 (திருவாசகம்)
rYUfISYky0g,காயத்ரி மந்திரம் 2026 | Gayathri Mantra Cinematic Devotional Film,https://www.youtube.com/watch?v=rYUfISYky0g,Public film entry (title evidence),,,videos; playlist:Goddess Amman Songs; playlist:Discography
VMn8fiWF-oA,108 சரஸ்வதி போற்றி | Saraswathi 108 Potri Cinematic Devotional Film,https://www.youtube.com/watch?v=VMn8fiWF-oA,Public film entry (title evidence),,,videos; playlist:Goddess Amman Songs; playlist:Discography
7iWQUBmq3aU,வடிவுடை மாணிக்கமாலை | Vadivudai Manikkamalai Cinematic Devotional Film,https://www.youtube.com/watch?v=7iWQUBmq3aU,Public film entry (title evidence),,,videos; playlist:Goddess Amman Songs; playlist:Discography
C2rLIrP3vAA,கந்த சஷ்டி கவசம் II | Kandha Sashti Kavasam II Full Cinematic Film,https://www.youtube.com/watch?v=C2rLIrP3vAA,Public film entry (title evidence),,,videos; playlist:Lord Murugar Songs; playlist:Discography
0PvXn4gqlFM,கந்த சஷ்டி கவசம் | Kandha Sashti Kavasam Full Cinematic Film,https://www.youtube.com/watch?v=0PvXn4gqlFM,Public film entry (title evidence),,,videos; playlist:Lord Murugar Songs; playlist:Discography
1hoVaPwWMes,கந்த சஷ்டி கவசம் துதி 2026 | Kandha Shashti Thuthi Cinematic Film,https://www.youtube.com/watch?v=1hoVaPwWMes,Public film entry (title evidence),,,videos; playlist:Lord Murugar Songs; playlist:Discography
QRSRyYEacMs,ஸ்கந்த மந்திரம் (Symphony) | Skanda Mantram Cinematic Film,https://www.youtube.com/watch?v=QRSRyYEacMs,Public film entry (title evidence),,,videos; playlist:Lord Murugar Songs; playlist:Discography
XErAOEtZdAU,மகரம் அளறு இடை (Original) | Magaram Alaru Idai Cinematic Film,https://www.youtube.com/watch?v=XErAOEtZdAU,Public film entry (title evidence),Needs review,,videos; playlist:Lord Murugar Songs; playlist:Discography; release:வேல் விருத்தம் 2026 (Part 1)
VMqFjcQtebw,மகரம் அளறு இடை (Remix) | Magaram Alaru Idai Cinematic Film,https://www.youtube.com/watch?v=VMqFjcQtebw,Public film entry (title evidence),,,videos; playlist:Lord Murugar Songs; playlist:Discography
CS92JrOQkbc,லக்ஷ்மி 108 போற்றி | Lakshmi 108 Potri Cinematic Devotional Film,https://www.youtube.com/watch?v=CS92JrOQkbc,Public film entry (title evidence),,,videos; playlist:Goddess Amman Songs; playlist:Discography
FFXImcs5Ehw,ஸ்ரீ சிவசண்முக நாம ஸங்கீர்த்தனம் | Siva Shanmuga Nama Sankeerthanam Cinematic Film,https://www.youtube.com/watch?v=FFXImcs5Ehw,Public film entry (title evidence),Needs review,,videos; playlist:Lord Murugar Songs; playlist:Discography; release:தமிழ் இறை விருந்து - 2026
-L3VXkM2MTY,முருகர் வார வழிபாடு 2026 | Murugar Vaara Vazhipadu Cinematic Film,https://www.youtube.com/watch?v=-L3VXkM2MTY,Public film entry (title evidence),,,videos; playlist:Lord Murugar Songs; playlist:Discography
NK2PqzKz3aI,திருப்பல்லாண்டு | Thiru Pallaandu Cinematic Devotional Film,https://www.youtube.com/watch?v=NK2PqzKz3aI,Public film entry (title evidence),Needs review,,"videos; playlist:Lord Shiva Songs; playlist:Discography; release:Thiurvasagam Songs, Pt. 2"
iJ-3SHR2MKw,ஸ்கந்த மந்திரம் (Original) | Skanda Mantram Cinematic Film,https://www.youtube.com/watch?v=iJ-3SHR2MKw,Public film entry (title evidence),Needs review,,videos; playlist:Lord Murugar Songs; playlist:Discography; release:ஸ்கந்த புராண மந்திரம்
60rrBjJfAS4,தனந்தரும் அபிராமி | Dhanam Tharum Abhirami Cinematic Devotional Film,https://www.youtube.com/watch?v=60rrBjJfAS4,Public film entry (title evidence),,,videos; playlist:Goddess Amman Songs; playlist:Discography
ldsJ6l90zLs,ஆனந்த மாலை | Anandha Maalai Cinematic Devotional Film,https://www.youtube.com/watch?v=ldsJ6l90zLs,Public film entry (title evidence),Needs review,,"videos; playlist:Lord Shiva Songs; playlist:Discography; release:Thiurvasagam Songs, Pt. 2"
FI0wKDmanmE,திருவடிப் புகழ்ச்சி | Thiruvadi Pugazhchi Cinematic Devotional Film,https://www.youtube.com/watch?v=FI0wKDmanmE,Public film entry (title evidence),,,videos; playlist:Lord Shiva Songs; playlist:Discography
xXOHhRpIUn4,உலகெலாம் உணர்ந்து | Ulagelaam Unarndhu Cinematic Devotional Film,https://www.youtube.com/watch?v=xXOHhRpIUn4,Public film entry (title evidence),Needs review,,videos; playlist:Lord Shiva Songs; playlist:Discography; release:Tamil Devotional Songs V
ixQGKe_IH80,ஆதியும் அந்தமும் | Aadhiyum Anthamum Cinematic Devotional Film,https://www.youtube.com/watch?v=ixQGKe_IH80,Public film entry (title evidence),Needs review,,videos; playlist:Lord Shiva Songs; playlist:Discography; release:Tamil Devotional Songs III
Nvx3ObuSndM,திருப்புகழ் 712 சீர் உலாவிய | Seer Ulaaviya Cinematic Devotional Film,https://www.youtube.com/watch?v=Nvx3ObuSndM,Public film entry (title evidence),,,videos; playlist:Lord Murugar Songs; playlist:Discography
FTAB7OBVPPY,திருப்புகழ் 566 இரத்னகிரி II | Rathinagiri Thiruppugazh Cinematic Film,https://www.youtube.com/watch?v=FTAB7OBVPPY,Public film entry (title evidence),,,videos; playlist:Lord Murugar Songs; playlist:Discography
meXI3QsNHhE,திருப்புகழ் 566 இரத்னகிரி I | Rathinagiri Thiruppugazh Cinematic Film,https://www.youtube.com/watch?v=meXI3QsNHhE,Public film entry (title evidence),Needs review,,videos; playlist:Lord Murugar Songs; playlist:Discography; release:திருப்புகழ் 566 (இரத்னகிரி)
Lki_Y8OSljs,கண நாதா ஓம் (Symphony) | Gana Natha Om Cinematic Devotional Film,https://www.youtube.com/watch?v=Lki_Y8OSljs,Public film entry (title evidence),Needs review,,videos; playlist:Lord Vinayagar Songs; playlist:Discography; release:திருப்புகழ் - கண நாதா ஓம்
eEYBleNgRGU,கந்தர் அலங்காரம் 2026 | Kandhar Alangaram Cinematic Devotional Film,https://www.youtube.com/watch?v=eEYBleNgRGU,Public film entry (title evidence),,,videos; playlist:Lord Murugar Songs; playlist:Discography
B6yVe6HM8Ok,ஆறுமுகம் ஆறுமுகம் | Arumugam Arumugam Cinematic Devotional Film,https://www.youtube.com/watch?v=B6yVe6HM8Ok,Public film entry (title evidence),Needs review,,videos; playlist:Lord Murugar Songs; playlist:Discography; release:Tamil Devotional Songs 2
DsbMysGdqv8,உருவாய் அருவாய் | Uruvaai Aruvaai Kandhar Anubhudhi Cinematic Devotional Film,https://www.youtube.com/watch?v=DsbMysGdqv8,Public film entry (title evidence),Needs review,,videos; playlist:Lord Murugar Songs; playlist:Discography; release:Tamil Devotional Songs 2
0tXyQEAHVNQ,அன்னம் பாலிக்கும் தில்லை | Annam Paalikkum Thillai Cinematic Devotional Film,https://www.youtube.com/watch?v=0tXyQEAHVNQ,Public film entry (title evidence),Needs review,,videos; playlist:Lord Shiva Songs; playlist:Discography; release:அன்னம் பாலிக்கும் தில்லை!
hKkmbQ9TIaU,கைத்தல நிறைகனி | Kaiththala Niraigani Cinematic Thiruppugazh Film,https://www.youtube.com/watch?v=hKkmbQ9TIaU,Public film entry (title evidence),Needs review,,videos; playlist:Lord Murugar Songs; playlist:Discography; release:Tamil Devotional Songs 4
nuSx1NgiCuo,நாத விந்துகள் | Naatha Vindhugal Pazhani Thiruppugazh Cinematic Devotional Film,https://www.youtube.com/watch?v=nuSx1NgiCuo,Public film entry (title evidence),Needs review,,videos; playlist:Lord Murugar Songs; playlist:Discography; release:Guru Kula Desam (Tamil Devotional I)
2tL-bKjkL18,அபிராமி அந்தாதி துதி | Abhirami Andhathi Thuthi Cinematic Devotional Film,https://www.youtube.com/watch?v=2tL-bKjkL18,Public film entry (title evidence),Needs review,,videos; playlist:Goddess Amman Songs; playlist:Discography; release:Tamil Devotional Songs 4; release:அம்மன் பாடல்கள் (Tamil Amman Devotional Songs)
kFmUrNPXsso,தமிழ்த்தாய் வாழ்த்து | Land and People Cinematic Film,https://www.youtube.com/watch?v=kFmUrNPXsso,Public film entry (title evidence),,,videos
fRNAsDZr3QA,இன்னா செய்தாரை | Kindness Story Cinematic Film,https://www.youtube.com/watch?v=fRNAsDZr3QA,Public film entry (title evidence),,,videos
MTvDDAQCFmk,நாள் என் செய்யும் | Time and Faith Cinematic Film,https://www.youtube.com/watch?v=MTvDDAQCFmk,Public film entry (title evidence),,,videos
pYuwzoJkhTE,மகா கணேச பஞ்சரத்னம் | Maha Ganesha Pancharatnam Cinematic Devotional Film,https://www.youtube.com/watch?v=pYuwzoJkhTE,Public film entry (title evidence),Needs review,,videos; playlist:Lord Vinayagar Songs; playlist:Discography; release:மகா கணேச பஞ்சரத்னம்
zPQOik79O68,அருட்பெருஞ்சோதி 2026 | Arutperunjothi Cinematic Devotional Film,https://www.youtube.com/watch?v=zPQOik79O68,Public film entry (title evidence),Needs review,,videos; playlist:Other Songs; playlist:Discography; release:அருட்பெருஞ்சோதி அகவல்
qW6CZgELq1o,இராம ராம ராம ஹரே ஹரே | Rama Rama Rama Hare Hare Cinematic Devotional Film,https://www.youtube.com/watch?v=qW6CZgELq1o,Public film entry (title evidence),Needs review,,videos; playlist:Lord Vishnu Songs; playlist:Discography; release:Hare Rama Hare Krishna! 2026
g42Pg2sg_gg,வேதஸார சிவ ஸ்தோத்ரம் | Sacred Landscapes Cinematic Film,https://www.youtube.com/watch?v=g42Pg2sg_gg,Public film entry (title evidence),,,videos
rRoJfeRQiaM,திருவையாறு திருமுறை | Kaveri Pilgrimage Cinematic Film,https://www.youtube.com/watch?v=rRoJfeRQiaM,Public film entry (title evidence),,,videos
KI7uUFiJO1E,பொறையுடைமை | Patience Story Cinematic Film,https://www.youtube.com/watch?v=KI7uUFiJO1E,Public film entry (title evidence),,,videos
31xVgvxoiUA,ஓங்கி உலகளந்த | Ongi Ulagalandha Cinematic Devotional Film,https://www.youtube.com/watch?v=31xVgvxoiUA,Public film entry (title evidence),Needs review,,videos; playlist:Lord Vishnu Songs; playlist:Discography; release:Tamil Devotional Songs III
3t5U9ABVeOc,மாசில் வீணையும் | River Music Cinematic Film,https://www.youtube.com/watch?v=3t5U9ABVeOc,Public film entry (title evidence),,,videos
CV1j4ieFw5w,அவிநாசி பத்து | Avinasi Pathu Cinematic Devotional Film,https://www.youtube.com/watch?v=CV1j4ieFw5w,Public film entry (title evidence),,,videos; playlist:Lord Shiva Songs; playlist:Discography
bZ03UopgYcc,தாயே கருமாரி | Thaaye Karumari Cinematic Devotional Film,https://www.youtube.com/watch?v=bZ03UopgYcc,Public film entry (title evidence),,,videos; playlist:Goddess Amman Songs; playlist:Discography
SN7FIkL-o1k,முத்தைத் தரு | Muthai Tharu Cinematic Thiruppugazh Film,https://www.youtube.com/watch?v=SN7FIkL-o1k,Public film entry (title evidence),Needs review,,videos; playlist:Lord Murugar Songs; playlist:Discography; release:தமிழ் இறைத் துதிகள் (பகுதி 1)
yPfkP_EjTyc,கௌமாரம் ஸ்துதி | Koumaram Stuthi Cinematic Devotional Film,https://www.youtube.com/watch?v=yPfkP_EjTyc,Public film entry (title evidence),Needs review,,videos; playlist:Lord Murugar Songs; playlist:Discography; release:கௌமாரம் ஸ்துதி 2026
mQpQEuXiEZ4,திகட சக்கர | Thigada Sakkara Cinematic Devotional Film,https://www.youtube.com/watch?v=mQpQEuXiEZ4,Public film entry (title evidence),Needs review,,videos; playlist:Lord Vinayagar Songs; playlist:Discography; release:தமிழ் இறை விருந்து - 2026
lpOcAVJIax0,நெஞ்சறிவுறுத்தல் பகுதி 2 | Compassion Journey Cinematic Film,https://www.youtube.com/watch?v=lpOcAVJIax0,Public film entry (title evidence),,,videos
vgB45NTmvK8,திருப்புலம்பல் | Storm to Dawn Cinematic Film,https://www.youtube.com/watch?v=vgB45NTmvK8,Public film entry (title evidence),,,videos
o2cv5Oaii4M,தென்னாடுடைய சிவனே போற்றி | New Cinematic Journey,https://www.youtube.com/watch?v=o2cv5Oaii4M,Public film entry (title evidence),,,videos
vaXLG5kUGVc,அன்னை ரேணுகாம்பாள் துதி | Annai Renukambal Cinematic Devotional Film,https://www.youtube.com/watch?v=vaXLG5kUGVc,Public film entry (title evidence),Needs review,,videos; playlist:Goddess Amman Songs; playlist:Discography; release:அன்னை ரேணுகாம்பாள் துதி
s42Po5EpzyI,நமோ நாராயணம் | தசாவதாரம் — Image Motion Devotional Film,https://www.youtube.com/watch?v=s42Po5EpzyI,Public film entry (title evidence),,,videos
0SUn5igNEE0,துஞ்சலும் துஞ்சல் | Tunjalum Tunjal Cinematic Devotional Film,https://www.youtube.com/watch?v=0SUn5igNEE0,Public film entry (title evidence),,,videos; playlist:Lord Shiva Songs; playlist:Discography
KFtS403RfbY,நெஞ்சறிவுறுத்தல் பகுதி 1 | Nenjari Vuruthal Part 1 Cinematic Film,https://www.youtube.com/watch?v=KFtS403RfbY,Public film entry (title evidence),,,videos; playlist:Other Songs; playlist:Discography
coUEhVQH0Uk,ஆலய நாதம் | Aalaya Naatham Cinematic Meditation Film,https://www.youtube.com/watch?v=coUEhVQH0Uk,Public film entry (title evidence),,,videos; playlist:Other Songs; playlist:Discography
R8OyFbqJJEw,நெஞ்சறிவுறுத்தல் பகுதி 2 | Nenjari Vuruthal Part 2 Cinematic Film,https://www.youtube.com/watch?v=R8OyFbqJJEw,Public film entry (title evidence),,,videos; playlist:Other Songs; playlist:Discography
7npbkuQwjEE,இன்னா செய்தாரை | Inna Seidharai Cinematic Thirukkural Film,https://www.youtube.com/watch?v=7npbkuQwjEE,Public film entry (title evidence),,,videos; playlist:திருக்குறள் | Thirukkural — Master Collection; playlist:Discography
5RTBMEIozEg,நாள் என் செய்யும் | Naal En Seyyum Cinematic Devotional Film,https://www.youtube.com/watch?v=5RTBMEIozEg,Public film entry (title evidence),,,videos; playlist:Lord Shiva Songs; playlist:Discography
4sJwwtZHUvI,திருப்புலம்பல் | Thirupulambal Cinematic Devotional Film,https://www.youtube.com/watch?v=4sJwwtZHUvI,Public film entry (title evidence),,,videos; playlist:Lord Shiva Songs; playlist:Discography
Csc5uzl184s,வேதசார் சிவ ஸ்தோத்திரம் | Vedasar Shiva Stotram Cinematic Devotional Film,https://www.youtube.com/watch?v=Csc5uzl184s,Public film entry (title evidence),,,videos; playlist:Lord Shiva Songs; playlist:Discography
iTALOLp7MkQ,திருவையாறு திருமுறை | Thiruvaiyaaru Thirumurai Cinematic Devotional Film,https://www.youtube.com/watch?v=iTALOLp7MkQ,Public film entry (title evidence),,,videos; playlist:Lord Shiva Songs; playlist:Discography
WIDyQVQY2X8,நமோ நாராயணம் | Namo Narayanam Cinematic Devotional Film,https://www.youtube.com/watch?v=WIDyQVQY2X8,Public film entry (title evidence),,,videos; playlist:Lord Vishnu Songs; playlist:Discography
Z9GnvOMjDjU,தென்னாடுடைய சிவனே போற்றி | Thennadudaiya Sivaney Potri Cinematic Devotional Film,https://www.youtube.com/watch?v=Z9GnvOMjDjU,Public film entry (title evidence),,,videos; playlist:Lord Shiva Songs; playlist:Discography
KQpDmHooEh8,மாசில் வீணையும் | Maasil Veenaiyum Cinematic Devotional Film,https://www.youtube.com/watch?v=KQpDmHooEh8,Public film entry (title evidence),Needs review,,videos; playlist:Lord Shiva Songs; playlist:Discography; release:Guru Kula Desam (Tamil Devotional I)
R82hz_s2YGQ,பொறையுடைமை | Porai Udaimai Cinematic Thirukkural Film,https://www.youtube.com/watch?v=R82hz_s2YGQ,Public film entry (title evidence),,,videos; playlist:திருக்குறள் | Thirukkural — Master Collection; playlist:Discography
isCeNcUwBTw,தமிழ்த்தாய் வாழ்த்து | Tamil Thai Vazhthu Cinematic Film,https://www.youtube.com/watch?v=isCeNcUwBTw,Public film entry (title evidence),,,videos; playlist:Other Songs; playlist:Discography
QH-xL37NmGM,திருப்பாவை - 1 (மார்கழித் திங்கள்) | Thiruppavai 1 Cinematic Devotional Film,https://www.youtube.com/watch?v=QH-xL37NmGM,Public film entry (title evidence),,,videos; playlist:Lord Vishnu Songs; playlist:Discography
KZxknhbVIk0,கல்வி | Kalvi Cinematic Thirukkural Film,https://www.youtube.com/watch?v=KZxknhbVIk0,Public film entry (title evidence),,,videos; playlist:திருக்குறள் | Thirukkural — Master Collection; playlist:Discography
f1jxgAbXcdE,வான் சிறப்பு | Vaan Sirappu Cinematic Thirukkural Film,https://www.youtube.com/watch?v=f1jxgAbXcdE,Public film entry (title evidence),,,videos; playlist:திருக்குறள் | Thirukkural — Master Collection; playlist:Discography
lEHLSYxnpbU,கண நாதா ஓம் | Gana Natha Om Cinematic Devotional Film,https://www.youtube.com/watch?v=lEHLSYxnpbU,Public film entry (title evidence),Needs review,,videos; playlist:Lord Vinayagar Songs; playlist:Discography; release:திருப்புகழ் - கண நாதா ஓம்
jO2i4bcZ2ts,அன்புடைமை | Anbudaimai Cinematic Thirukkural Film,https://www.youtube.com/watch?v=jO2i4bcZ2ts,Public film entry (title evidence),existing film entry,,videos; playlist:திருக்குறள் | Thirukkural — Master Collection; playlist:Discography; release:திருக்குறள் அன்புடைமை
hm7_qUlTUiU,திருப்பாவை - 2 (வையத்து வாழ்வீர்) | Cinematic Devotional Film,https://www.youtube.com/watch?v=hm7_qUlTUiU,Public film entry (title evidence),existing film entry,,videos; playlist:Lord Vishnu Songs; playlist:Discography
ssOkftpUcLE,சிவ சுப்ரமணியர் திருவிருத்தம் | Siva Subramaniyar Thiruvirutham Cinematic Devotional Film,https://www.youtube.com/watch?v=ssOkftpUcLE,Public film entry (title evidence),existing film entry,,videos; playlist:Lord Murugar Songs; playlist:Discography
qUsv2Gyk3d4,திருநீற்றுப் பதிகம் | Thiruneetru Pathigam Cinematic Devotional Film,https://www.youtube.com/watch?v=qUsv2Gyk3d4,Public film entry (title evidence),existing film entry,,videos; playlist:Lord Shiva Songs; playlist:Discography; release:Tamil Devotional Songs 4
rZvXZu39OHc,ஹரே கிருஷ்ணா ஹரே ராமா | Hare Krishna Hare Rama Cinematic Devotional Film,https://www.youtube.com/watch?v=rZvXZu39OHc,Public film entry (title evidence),existing film entry,,videos; playlist:Lord Krishnar Songs; playlist:Discography
O7n8bL9XOn4,ரகுபதி ராகவ ராஜா ராம் | Raghupati Raghava Cinematic Devotional Film,https://www.youtube.com/watch?v=O7n8bL9XOn4,Public film entry (title evidence),existing film entry,,videos; playlist:Lord Vishnu Songs; playlist:Discography
sHSkPTQRtH8,வான் முகில் வழாது பெய்க | Vaan Mugil Cinematic Devotional Film,https://www.youtube.com/watch?v=sHSkPTQRtH8,Public film entry (title evidence),,,videos; playlist:Other Songs; playlist:Discography
Yu4RBKpAodM,தனந்தரும் கல்விதரும் | Dhanam Tharum Kalvi Tharum Cinematic Film,https://www.youtube.com/watch?v=Yu4RBKpAodM,Public film entry (title evidence),existing film entry,,videos; playlist:Goddess Amman Songs; playlist:Discography; release:Guru Kula Desam (Tamil Devotional I); release:அம்மன் பாடல்கள் (Tamil Amman Devotional Songs)
leIJDxweGiM,இராம கிருஷ்ண துதி | Rama Krishna Thuthi Cinematic Devotional Film,https://www.youtube.com/watch?v=leIJDxweGiM,Public film entry (title evidence),existing film entry,,videos; playlist:Lord Vishnu Songs; playlist:Discography
grjVzzo-RWc,Magamayi Samayapurathaye | Original Story Version,https://www.youtube.com/watch?v=grjVzzo-RWc,Public film entry (title evidence),existing film entry,,videos; playlist:Goddess Amman Songs; playlist:Discography
h39OlLt4N9A,Sivapuranam | Devotional Story Film,https://www.youtube.com/watch?v=h39OlLt4N9A,Public film entry (title evidence),existing film entry,,videos; playlist:Lord Shiva Songs; playlist:Discography
wehcVz3BMHo,Magamayi Samayapurathaye | Cinematic Devotional Film,https://www.youtube.com/watch?v=wehcVz3BMHo,Public film entry (title evidence),existing film entry,,videos; playlist:Goddess Amman Songs; playlist:Discography
T1KiH3G5WPs,Mahaganesa Pancharatnam | Cinematic Devotional Film,https://www.youtube.com/watch?v=T1KiH3G5WPs,Public film entry (title evidence),existing film entry,,videos; playlist:Lord Vinayagar Songs; playlist:Discography
RVMUEr1MOFo,பாலும் தெளிர் தேனும் | Full Music Video,https://www.youtube.com/watch?v=RVMUEr1MOFo,Public film entry (title evidence),existing film entry,,videos; playlist:Lord Vinayagar Songs; playlist:Discography
Q5G2h9GuGQs,ரகுபதி ராகவ ராஜா ராம்!,https://www.youtube.com/watch?v=Q5G2h9GuGQs,Composition coverage recorded; exact version not verified,same composition as existing or reserved film,,videos; playlist:Lord Vishnu Songs; playlist:Discography
AW4cljBWy2w,பாலும் தெளிர் தேனும்,https://www.youtube.com/watch?v=AW4cljBWy2w,Composition coverage recorded; exact version not verified,same composition as existing or reserved film,,videos; playlist:Lord Vinayagar Songs; playlist:Discography
KOroiTQUE0g,வான் முகில் வழாது பெய்க!,https://www.youtube.com/watch?v=KOroiTQUE0g,Existing composition film publicly listed; source mapping reviewed,,sHSkPTQRtH8,videos; playlist:Other Songs; playlist:Discography
0k9CZLNA2TY,தனந்தரும் கல்விதரும்!,https://www.youtube.com/watch?v=0k9CZLNA2TY,Local film exists; public link needs verification,,,videos; playlist:Goddess Amman Songs; playlist:Discography
qWSwrdJMbSg,இராம கிருஷ்ண துதி!,https://www.youtube.com/watch?v=qWSwrdJMbSg,Local film exists; public link needs verification,,,videos; playlist:Lord Krishnar Songs; playlist:Lord Vishnu Songs; playlist:Discography
Lzkbhp_ehA8,திருப்பாவை - 2 (வையத்து வாழ்வீர்),https://www.youtube.com/watch?v=Lzkbhp_ehA8,Composition coverage recorded; exact version not verified,same composition as existing or reserved film,,videos; playlist:Lord Vishnu Songs; playlist:Discography
W2peLbC20sA,சிவ சுப்ரமணியர் திருவிருத்தம்,https://www.youtube.com/watch?v=W2peLbC20sA,Local film exists; public link needs verification,,,videos; playlist:Lord Murugar Songs; playlist:Discography
JzGTK1V3dkM,திருநீற்றுப் பதிகம்,https://www.youtube.com/watch?v=JzGTK1V3dkM,Local film exists; public link needs verification,,,videos; playlist:Lord Shiva Songs; playlist:Discography
HPP3IG7DWRc,ஹரே கிருஷ்ணா ஹரே ராமா!.m,https://www.youtube.com/watch?v=HPP3IG7DWRc,Composition coverage recorded; exact version not verified,same composition as existing or reserved film,,videos; playlist:Lord Krishnar Songs; playlist:Lord Vishnu Songs; playlist:Discography
cKyT1Cv7zEA,மாசில் வீணையும்,https://www.youtube.com/watch?v=cKyT1Cv7zEA,Local film exists; public link needs verification,,,videos; playlist:Lord Shiva Songs; playlist:Discography
ETELjf0OTi4,தமிழ்த்தாய் வாழ்த்து,https://www.youtube.com/watch?v=ETELjf0OTi4,Local film exists; public link needs verification,,,videos; playlist:Other Songs; playlist:Discography
RDcw0Bol-cE,திருப்பாவை - 1 (மார்கழி திங்கள்),https://www.youtube.com/watch?v=RDcw0Bol-cE,Existing composition film publicly listed; source mapping reviewed,Existing composition film: https://youtu.be/QH-xL37NmGM,QH-xL37NmGM,videos; playlist:Other Songs; playlist:Discography; release:Tamil Devotional Songs III
xAgvuRIIl6o,திருவையாறு திருமுறை (சாரம்),https://www.youtube.com/watch?v=xAgvuRIIl6o,Local film exists; public link needs verification,Existing composition film: https://youtu.be/iTALOLp7MkQ,,videos; playlist:Other Songs; playlist:Discography; release:Tamil Devotional Songs V; release:Tamil Devotional Songs 4
4vZEVROZIx8,நமோ நாராயணம் | தசாவதாரம்,https://www.youtube.com/watch?v=4vZEVROZIx8,Local film exists; public link needs verification,,,videos; playlist:Lord Vishnu Songs; playlist:Discography
Wf1Ehxt_A5s,ஆலய நாதம் | இந்திய ஹார்மோனிக்கா தியான இசை,https://www.youtube.com/watch?v=Wf1Ehxt_A5s,Local film exists; public link needs verification,,,videos; playlist:Other Songs; playlist:Discography
_6amHDAc8EI,வேதஸார சிவ ஸ்தோத்ரம் | ஆதிசங்கரர் | Tamil Shiva Devotional,https://www.youtube.com/watch?v=_6amHDAc8EI,Local film exists; public link needs verification,,,videos; playlist:Lord Shiva Songs; playlist:Discography
mb-lljpUJ5g,தென்னாடுடைய சிவனே போற்றி | Thennadudaiya Sivaney Potri,https://www.youtube.com/watch?v=mb-lljpUJ5g,Local film exists; public link needs verification,Needs review,,videos; playlist:Lord Shiva Songs; playlist:Discography; release:Guru Kula Desam (Tamil Devotional I); release:தென்னாடுடைய சிவனே போற்றி! 2026
BbDNJdLDy-4,திருப்புலம்பல் 2026 | திருவாசகம் | Tamil Shiva Devotional,https://www.youtube.com/watch?v=BbDNJdLDy-4,Local film exists; public link needs verification,,,videos; playlist:Lord Shiva Songs; playlist:Discography
pYh67ltckLQ,நாள் என் செய்யும்!,https://www.youtube.com/watch?v=pYh67ltckLQ,Local film exists; public link needs verification,,,videos; playlist:Lord Murugar Songs; playlist:Discography
aSQrSHA4YtU,திருக்குறள் – பொறை உடைமை,https://www.youtube.com/watch?v=aSQrSHA4YtU,Local film exists; public link needs verification,,,videos; playlist:திருக்குறள் | Thirukkural — Master Collection; playlist:Other Songs; playlist:Discography
JDqbpISJjIA,நெஞ்சறிவுறுத்தல் 2026 – பகுதி 1,https://www.youtube.com/watch?v=JDqbpISJjIA,Local film exists; public link needs verification,,,videos; playlist:Other Songs; playlist:Discography
7wJJCQrYo04,நெஞ்சறிவுறுத்தல் 2026 – பகுதி 2,https://www.youtube.com/watch?v=7wJJCQrYo04,Local film exists; public link needs verification,,,videos; playlist:Other Songs; playlist:Discography
Y3xujLwXuBs,இன்னா செய்தாரை,https://www.youtube.com/watch?v=Y3xujLwXuBs,Local film exists; public link needs verification,,,videos; playlist:திருக்குறள் | Thirukkural — Master Collection; playlist:Other Songs; playlist:Discography
xGb7ZXDRvVU,துஞ்சலும் துஞ்சல்,https://www.youtube.com/watch?v=xGb7ZXDRvVU,Local film exists; public link needs verification,,,videos; playlist:Lord Shiva Songs; playlist:Discography
kA_mQ4bRB2E,திருக்குறள் - கடவுள் வாழ்த்து,https://www.youtube.com/watch?v=kA_mQ4bRB2E,Local film exists; public link needs verification,,,playlist:திருக்குறள் | Thirukkural — Master Collection; playlist:Discography
v_dsHTOvKP8,திருக்குறள் இல்வாழ்க்கை,https://www.youtube.com/watch?v=v_dsHTOvKP8,Local film exists; public link needs verification,,,playlist:திருக்குறள் | Thirukkural — Master Collection; playlist:Discography
lneosghJWgs,திருக்குறள் அன்புடைமை,https://www.youtube.com/watch?v=lneosghJWgs,Composition coverage recorded; exact version not verified,alternate recording of covered Thirukkural chapter,,playlist:திருக்குறள் | Thirukkural — Master Collection; playlist:Discography
EChaj0wXk_0,திருக்குறள் - அருளுடைமை,https://www.youtube.com/watch?v=EChaj0wXk_0,Local film exists; public link needs verification,,,playlist:திருக்குறள் | Thirukkural — Master Collection; playlist:Discography
h2q-ADrbBc4,திருக்குறள் - புலால் உண்ணாமை,https://www.youtube.com/watch?v=h2q-ADrbBc4,Local film exists; public link needs verification,Needs review,,playlist:திருக்குறள் | Thirukkural — Master Collection; playlist:Discography; release:திருக்குறள் - புலால் உண்ணாமை
IEk-wwY3rC8,திருக்குறள் - தவம்,https://www.youtube.com/watch?v=IEk-wwY3rC8,Local film exists; public link needs verification,Needs review,,playlist:திருக்குறள் | Thirukkural — Master Collection; playlist:Discography; release:திருக்குறள் - தவம்
mvOSVEFhvDc,கூடா ஒழுக்கம் (Original),https://www.youtube.com/watch?v=mvOSVEFhvDc,Local film exists; public link needs verification,Needs review,,playlist:திருக்குறள் | Thirukkural — Master Collection; playlist:Discography; release:திருக்குறள் - கூடா ஒழுக்கம்
NxZf0eRutEY,கூடா ஒழுக்கம் (Symphony),https://www.youtube.com/watch?v=NxZf0eRutEY,Local film exists; public link needs verification,alternate recording of covered Thirukkural chapter,,playlist:திருக்குறள் | Thirukkural — Master Collection; playlist:Discography
h4Pc0KxvnRo,கள்ளாமை (Original),https://www.youtube.com/watch?v=h4Pc0KxvnRo,Source linked to publicly listed film,,9EAskIS2xuc,playlist:திருக்குறள் | Thirukkural — Master Collection; playlist:Discography
jXOalu0JJoA,கள்ளாமை (Symphony),https://www.youtube.com/watch?v=jXOalu0JJoA,Local film exists; public link needs verification,alternate recording of covered Thirukkural chapter,,playlist:திருக்குறள் | Thirukkural — Master Collection; playlist:Discography
BoOWFaOGczE,வாய்மை (Original),https://www.youtube.com/watch?v=BoOWFaOGczE,Local film exists; public link needs verification,Needs review,,playlist:திருக்குறள் | Thirukkural — Master Collection; playlist:Discography; release:திருக்குறள் - வாய்மை
R-5gWfRNMts,வாய்மை (Remix),https://www.youtube.com/watch?v=R-5gWfRNMts,Local film exists; public link needs verification,alternate recording of covered Thirukkural chapter,,playlist:திருக்குறள் | Thirukkural — Master Collection; playlist:Discography
WM8EPZ4KK2s,திருக்குறள் - வெகுளாமை 2026,https://www.youtube.com/watch?v=WM8EPZ4KK2s,Source linked to publicly listed film,,xcUlgFsrepU,playlist:திருக்குறள் | Thirukkural — Master Collection; playlist:Discography
rBeSH7tNEzA,திருக்குறள் - கொல்லாமை,https://www.youtube.com/watch?v=rBeSH7tNEzA,Source linked to publicly listed film,,L6DWSjPqoH0,playlist:திருக்குறள் | Thirukkural — Master Collection; playlist:Discography
A86cP9ae6Vs,திருக்குறள் - மெய்யுணர்தல்,https://www.youtube.com/watch?v=A86cP9ae6Vs,Source linked to publicly listed film,,9NIv50lV4-M,playlist:திருக்குறள் | Thirukkural — Master Collection; playlist:Discography
C7PTFCAFIRI,திருக்குறள் - அவா அறுத்தல்,https://www.youtube.com/watch?v=C7PTFCAFIRI,Source linked to publicly listed film,,HezzLu_n6qE,playlist:திருக்குறள் | Thirukkural — Master Collection; playlist:Discography
scUcWDtCge8,திருக்குறள் - ஊழ் வினை,https://www.youtube.com/watch?v=scUcWDtCge8,Source linked to publicly listed film,,dD_cXqU_XVQ,playlist:திருக்குறள் | Thirukkural — Master Collection; playlist:Discography
K6mhIh64XE8,திருக்குறள் - இறை மாட்சி,https://www.youtube.com/watch?v=K6mhIh64XE8,Source linked to publicly listed film,,mCwNR1Bytj4,playlist:திருக்குறள் | Thirukkural — Master Collection; playlist:Discography
_Ceq0AzIQ9c,திருக்குறள் -  கல்வி,https://www.youtube.com/watch?v=_Ceq0AzIQ9c,Existing composition film publicly listed; source mapping reviewed,Needs review,KZxknhbVIk0,playlist:திருக்குறள் | Thirukkural — Master Collection; playlist:Discography; release:திருக்குறள் -  கல்வி
6ofQ9hrD1RQ,Thirukkural Vaazkkai Thunai (வாழ்க்கை துணை),https://www.youtube.com/watch?v=6ofQ9hrD1RQ,Source linked to publicly listed film,Needs review,hCHBPd8BH8A,playlist:திருக்குறள் | Thirukkural — Master Collection; playlist:Other Songs; playlist:Discography; release:Tamil Divine Patriotism (தமிழ் தேசப் பற்று பாடல்கள்)
tX4JtRSOuxE,Thirukkural Vaan Sirappu (வான் சிறப்பு),https://www.youtube.com/watch?v=tX4JtRSOuxE,Composition coverage recorded; exact version not verified,Existing composition film: https://youtu.be/f1jxgAbXcdE,,playlist:திருக்குறள் | Thirukkural — Master Collection; playlist:Other Songs; playlist:Discography; release:Tamil Divine Patriotism (தமிழ் தேசப் பற்று பாடல்கள்)
QXhT9uoA7_w,Thirukkural Agara Muthala (அகர முதல எழுத்தெல்லாம்),https://www.youtube.com/watch?v=QXhT9uoA7_w,Source linked to publicly listed film,Needs review,02C8glMmetw,playlist:திருக்குறள் | Thirukkural — Master Collection; playlist:Other Songs; playlist:Discography; release:Tamil Divine Patriotism (தமிழ் தேசப் பற்று பாடல்கள்)
L-FvFZeT_cQ,இடனறிதல் (Original),https://www.youtube.com/watch?v=L-FvFZeT_cQ,Source linked to publicly listed film,,817Wxel4F5s,playlist:திருக்குறள் | Thirukkural — Master Collection; playlist:Discography
0DoegY9d0ZM,இடனறிதல் (Remix),https://www.youtube.com/watch?v=0DoegY9d0ZM,Local film exists; public link needs verification,alternate recording of covered Thirukkural chapter,,playlist:திருக்குறள் | Thirukkural — Master Collection; playlist:Discography
WKCMHUFbf2Q,துறவு (Original),https://www.youtube.com/watch?v=WKCMHUFbf2Q,Source linked to publicly listed film,,8AEEcskF-Jo,playlist:திருக்குறள் | Thirukkural — Master Collection; playlist:Discography
QAv04nxeH4c,துறவு (Female),https://www.youtube.com/watch?v=QAv04nxeH4c,Local film exists; public link needs verification,alternate recording of covered Thirukkural chapter,,playlist:திருக்குறள் | Thirukkural — Master Collection; playlist:Discography
rq7PXPBI7SA,துறவு (Symphony),https://www.youtube.com/watch?v=rq7PXPBI7SA,Composition coverage recorded; exact version not verified,alternate recording of covered Thirukkural chapter,,playlist:திருக்குறள் | Thirukkural — Master Collection; playlist:Discography; release:திருக்குறள் - துறவு 2026
LjiR9PIRl8o,துறவு (Rock),https://www.youtube.com/watch?v=LjiR9PIRl8o,Composition coverage recorded; exact version not verified,alternate recording of covered Thirukkural chapter,,playlist:திருக்குறள் | Thirukkural — Master Collection; playlist:Discography; release:திருக்குறள் - துறவு 2026
diUv8fkOqv0,காலமறிதல் (Original),https://www.youtube.com/watch?v=diUv8fkOqv0,Source linked to publicly listed film,,DIDV-3cHhag,playlist:திருக்குறள் | Thirukkural — Master Collection; playlist:Discography
cUt716Zafy0,காலமறிதல் (Remix),https://www.youtube.com/watch?v=cUt716Zafy0,Local film exists; public link needs verification,alternate recording of covered Thirukkural chapter,,playlist:திருக்குறள் | Thirukkural — Master Collection; playlist:Discography
Js6Vepbegr8,வலியறிதல் (Original),https://www.youtube.com/watch?v=Js6Vepbegr8,Local film exists; public link needs verification,Needs review,,playlist:திருக்குறள் | Thirukkural — Master Collection; playlist:Discography; release:திருக்குறள் - வலியறிதல் 2026
FS5fUOxZySE,வலியறிதல் (Remix),https://www.youtube.com/watch?v=FS5fUOxZySE,Local film exists; public link needs verification,alternate recording of covered Thirukkural chapter,,playlist:திருக்குறள் | Thirukkural — Master Collection; playlist:Discography
aTFvlXMPBSE,பெரியாரைத் துணைக்கோடல் (Original),https://www.youtube.com/watch?v=aTFvlXMPBSE,Local film exists; public link needs verification,Needs review,,playlist:திருக்குறள் | Thirukkural — Master Collection; playlist:Discography; release:திருக்குறள் - பெரியாரைத் துணைக்கோடல் 2026
2Pun6K7h984,பெரியாரைத் துணைக்கோடல் (Remix),https://www.youtube.com/watch?v=2Pun6K7h984,Local film exists; public link needs verification,alternate recording of covered Thirukkural chapter,,playlist:திருக்குறள் | Thirukkural — Master Collection; playlist:Discography; release:திருக்குறள் - பெரியாரைத் துணைக்கோடல் 2026
FkQqysk6vmE,அறிவுடைமை (Original),https://www.youtube.com/watch?v=FkQqysk6vmE,Source linked to publicly listed film,,_Q2t-TcmDT4,playlist:திருக்குறள் | Thirukkural — Master Collection; playlist:Discography
0bz1myKXoJQ,அறிவுடைமை (Remix),https://www.youtube.com/watch?v=0bz1myKXoJQ,Local film exists; public link needs verification,alternate recording of covered Thirukkural chapter,,playlist:திருக்குறள் | Thirukkural — Master Collection; playlist:Discography
bUepGv6PJQA,அறிவுடைமை (Pop),https://www.youtube.com/watch?v=bUepGv6PJQA,Composition coverage recorded; exact version not verified,alternate recording of covered Thirukkural chapter,,playlist:திருக்குறள் | Thirukkural — Master Collection; playlist:Discography; release:திருக்குறள் - அறிவுடைமை 2026
5-z9v-1INWg,சிற்றினம் சேராமை (Original),https://www.youtube.com/watch?v=5-z9v-1INWg,Source linked to publicly listed film,,2U45AXlx7DA,playlist:திருக்குறள் | Thirukkural — Master Collection; playlist:Discography
UyCe3KLqY_8,சிற்றினம் சேராமை (Remix),https://www.youtube.com/watch?v=UyCe3KLqY_8,Local film exists; public link needs verification,alternate recording of covered Thirukkural chapter,,playlist:திருக்குறள் | Thirukkural — Master Collection; playlist:Discography; release:திருக்குறள் - சிற்றினம் சேராமை 2026
2_TfLljo1qg,குற்றங்கடிதல் (Original),https://www.youtube.com/watch?v=2_TfLljo1qg,Source linked to publicly listed film,,B60TIM5LLvY,playlist:திருக்குறள் | Thirukkural — Master Collection; playlist:Discography
OzejLLvDq5s,குற்றங்கடிதல் (Remix),https://www.youtube.com/watch?v=OzejLLvDq5s,Local film exists; public link needs verification,alternate recording of covered Thirukkural chapter,,playlist:திருக்குறள் | Thirukkural — Master Collection; playlist:Discography
3CICxCn-4A0,கேள்விச் செல்வம் (Original),https://www.youtube.com/watch?v=3CICxCn-4A0,Source linked to publicly listed film,,9kHN9Dzrv7o,playlist:திருக்குறள் | Thirukkural — Master Collection; playlist:Discography
r75xdfETSbE,கேள்விச் செல்வம் (Remix),https://www.youtube.com/watch?v=r75xdfETSbE,Local film exists; public link needs verification,alternate recording of covered Thirukkural chapter,,playlist:திருக்குறள் | Thirukkural — Master Collection; playlist:Discography; release:திருக்குறள் - கேள்வி  2026
9YAr421Ft00,திருக்குறள் - கல்லாமை,https://www.youtube.com/watch?v=9YAr421Ft00,Source linked to publicly listed film,,Gnu-TzZfe7A,playlist:திருக்குறள் | Thirukkural — Master Collection; playlist:Discography
YL6ocN5OMzI,திருக்குறள் - நிலையாமை 2026,https://www.youtube.com/watch?v=YL6ocN5OMzI,Source linked to publicly listed film,,JreH0hqB2po,playlist:திருக்குறள் | Thirukkural — Master Collection; playlist:Discography
9mOpq9daQVs,அவையறிதல் (Original),https://www.youtube.com/watch?v=9mOpq9daQVs,Source linked to publicly listed film,Needs review,CEh2a8KUIKU,playlist:திருக்குறள் | Thirukkural — Master Collection; playlist:Discography; release:திருக்குறள் - அவையறிதல் 2026
HxxLl5p1t0A,அவையறிதல் (Sad),https://www.youtube.com/watch?v=HxxLl5p1t0A,Composition coverage recorded; exact version not verified,alternate recording of covered Thirukkural chapter,,playlist:திருக்குறள் | Thirukkural — Master Collection; playlist:Discography; release:திருக்குறள் - அவையறிதல் 2026
nf8EO1GdKlY,நாடு (Original),https://www.youtube.com/watch?v=nf8EO1GdKlY,Local film exists; public link needs verification,Needs review,,playlist:திருக்குறள் | Thirukkural — Master Collection; playlist:Discography; release:திருக்குறள் - நாடு 2026
kdZSlrXEfvs,அவை அஞ்சாமை (Female),https://www.youtube.com/watch?v=kdZSlrXEfvs,Local film exists; public link needs verification,alternate recording of covered Thirukkural chapter,,playlist:திருக்குறள் | Thirukkural — Master Collection; playlist:Discography; release:திருக்குறள் - அவை அஞ்சாமை 2026
RAUafMVpT5k,நாடு (Remix),https://www.youtube.com/watch?v=RAUafMVpT5k,Local film exists; public link needs verification,alternate recording of covered Thirukkural chapter,,playlist:திருக்குறள் | Thirukkural — Master Collection; playlist:Discography; release:திருக்குறள் - நாடு 2026
FrZmyvY3sEc,அவை அஞ்சாமை (Original),https://www.youtube.com/watch?v=FrZmyvY3sEc,Source linked to publicly listed film,Needs review,W4LQ0TT2cRA,playlist:திருக்குறள் | Thirukkural — Master Collection; playlist:Discography; release:திருக்குறள் - அவை அஞ்சாமை 2026
aBA50x-gDME,தூது (Original),https://www.youtube.com/watch?v=aBA50x-gDME,Source linked to publicly listed film,Needs review,nR7R0TWyZHk,playlist:திருக்குறள் | Thirukkural — Master Collection; playlist:Discography; release:திருக்குறள் - தூது 2026
t9Ke0-KMTyM,அவை அஞ்சாமை (Symphony),https://www.youtube.com/watch?v=t9Ke0-KMTyM,Composition coverage recorded; exact version not verified,alternate recording of covered Thirukkural chapter,,playlist:திருக்குறள் | Thirukkural — Master Collection; playlist:Discography; release:திருக்குறள் - அவை அஞ்சாமை 2026
u9NeXaCHu-A,மன்னரைச் சேர்ந்தொழுதல் (Original),https://www.youtube.com/watch?v=u9NeXaCHu-A,Local film exists; public link needs verification,Needs review,,playlist:திருக்குறள் | Thirukkural — Master Collection; playlist:Discography; release:திருக்குறள் - மன்னரைச் சேர்ந்தொழுதல் 2026
zq1dxg5R-rY,மன்னரைச் சேர்ந்தொழுதல் (Female),https://www.youtube.com/watch?v=zq1dxg5R-rY,Local film exists; public link needs verification,alternate recording of covered Thirukkural chapter,,playlist:திருக்குறள் | Thirukkural — Master Collection; playlist:Discography; release:திருக்குறள் - மன்னரைச் சேர்ந்தொழுதல் 2026
gBRvVKE_so8,வினைசெயல்வகை (Original),https://www.youtube.com/watch?v=gBRvVKE_so8,Local film exists; public link needs verification,Needs review,,playlist:திருக்குறள் | Thirukkural — Master Collection; playlist:Discography; release:திருக்குறள் - வினைசெயல்வகை 2026
MvwT6dnGE0U,வினைசெயல்வகை (Female),https://www.youtube.com/watch?v=MvwT6dnGE0U,Local film exists; public link needs verification,alternate recording of covered Thirukkural chapter,,playlist:திருக்குறள் | Thirukkural — Master Collection; playlist:Discography; release:திருக்குறள் - வினைசெயல்வகை 2026
5gO0xpY_Y3E,Hans Zimmer - Interstellar (Space Sounds),https://www.youtube.com/watch?v=5gO0xpY_Y3E,Composition coverage recorded; exact version not verified,excluded: third-party Hans Zimmer recording,,playlist:திருக்குறள் | Thirukkural — Master Collection; playlist:Discography
6hfla_PRW40,குறிப்பறிதல் (Original),https://www.youtube.com/watch?v=6hfla_PRW40,Source linked to publicly listed film,Needs review,dBIUA3fKBJ0,playlist:திருக்குறள் | Thirukkural — Master Collection; playlist:Discography; release:திருக்குறள் - குறிப்பறிதல் 2026
K35B1jST2xw,குறிப்பறிதல் (Symphony),https://www.youtube.com/watch?v=K35B1jST2xw,Composition coverage recorded; exact version not verified,alternate recording of covered Thirukkural chapter,,playlist:திருக்குறள் | Thirukkural — Master Collection; playlist:Discography; release:திருக்குறள் - குறிப்பறிதல் 2026
GN181JJ1lXU,குறிப்பறிதல் (Remix),https://www.youtube.com/watch?v=GN181JJ1lXU,Local film exists; public link needs verification,alternate recording of covered Thirukkural chapter,,playlist:திருக்குறள் | Thirukkural — Master Collection; playlist:Discography; release:திருக்குறள் - குறிப்பறிதல் 2026
B9N2j7r2KkI,இடுக்கண் அழியாமை (Original),https://www.youtube.com/watch?v=B9N2j7r2KkI,Source linked to publicly listed film,Needs review,daM5VkysZqg,playlist:திருக்குறள் | Thirukkural — Master Collection; playlist:Discography; release:திருக்குறள் - இடுக்கண் அழியாமை 2026
RY7nPGorS94,தூது (Remix),https://www.youtube.com/watch?v=RY7nPGorS94,Local film exists; public link needs verification,alternate recording of covered Thirukkural chapter,,playlist:திருக்குறள் | Thirukkural — Master Collection; playlist:Discography
ulW6fg4lkYA,இடுக்கண் அழியாமை (Remix),https://www.youtube.com/watch?v=ulW6fg4lkYA,Local film exists; public link needs verification,alternate recording of covered Thirukkural chapter,,playlist:திருக்குறள் | Thirukkural — Master Collection; playlist:Discography; release:திருக்குறள் - இடுக்கண் அழியாமை 2026
NIvQ6yD1wnY,சொல்வன்மை (Original),https://www.youtube.com/watch?v=NIvQ6yD1wnY,Source linked to publicly listed film,Needs review,q6Rg5CUbOD0,playlist:திருக்குறள் | Thirukkural — Master Collection; playlist:Discography; release:திருக்குறள் - சொல்வன்மை 2026
q2oGlYiV-qg,சொல்வன்மை (Remix),https://www.youtube.com/watch?v=q2oGlYiV-qg,Local film exists; public link needs verification,alternate recording of covered Thirukkural chapter,,playlist:திருக்குறள் | Thirukkural — Master Collection; playlist:Discography; release:திருக்குறள் - சொல்வன்மை 2026
--4jzoezBW8,வினைத்திட்பம் (Original),https://www.youtube.com/watch?v=--4jzoezBW8,Local film exists; public link needs verification,Needs review,,playlist:திருக்குறள் | Thirukkural — Master Collection; playlist:Discography; release:திருக்குறள் - வினைத்திட்பம் 2026
J-mAIpyxy4A,வினைத்திட்பம் (Remix),https://www.youtube.com/watch?v=J-mAIpyxy4A,Local film exists; public link needs verification,alternate recording of covered Thirukkural chapter,,playlist:திருக்குறள் | Thirukkural — Master Collection; playlist:Discography; release:திருக்குறள் - வினைத்திட்பம் 2026
jBA9wlyNjAE,அமைச்சு (Original),https://www.youtube.com/watch?v=jBA9wlyNjAE,Source linked to publicly listed film,Needs review,VENn3ip3XPA,playlist:திருக்குறள் | Thirukkural — Master Collection; playlist:Discography; release:திருக்குறள் - அமைச்சு 2026
FGFVertqRUU,அமைச்சு (Remix),https://www.youtube.com/watch?v=FGFVertqRUU,Local film exists; public link needs verification,alternate recording of covered Thirukkural chapter,,playlist:திருக்குறள் | Thirukkural — Master Collection; playlist:Discography; release:திருக்குறள் - அமைச்சு 2026
cj6mlDwjJEo,வினைத்தூய்மை (Original),https://www.youtube.com/watch?v=cj6mlDwjJEo,Local film exists; public link needs verification,Needs review,,playlist:திருக்குறள் | Thirukkural — Master Collection; playlist:Discography; release:திருக்குறள் - வினைத்தூய்மை 2026
XRizXIUU57g,வினைத்தூய்மை (Remix),https://www.youtube.com/watch?v=XRizXIUU57g,Local film exists; public link needs verification,alternate recording of covered Thirukkural chapter,,playlist:திருக்குறள் | Thirukkural — Master Collection; playlist:Discography; release:திருக்குறள் - வினைத்தூய்மை 2026
8wZGK0nGTEo,வினைத்தூய்மை (Slow),https://www.youtube.com/watch?v=8wZGK0nGTEo,Composition coverage recorded; exact version not verified,alternate recording of covered Thirukkural chapter,,playlist:திருக்குறள் | Thirukkural — Master Collection; playlist:Discography; release:திருக்குறள் - வினைத்தூய்மை 2026
cn776n6oKXQ,ஒற்றாடல் (Original),https://www.youtube.com/watch?v=cn776n6oKXQ,Source linked to publicly listed film,Needs review,TQtjI3EepPQ,playlist:திருக்குறள் | Thirukkural — Master Collection; playlist:Discography; release:திருக்குறள் - ஒற்றாடல் 2026
tj_5hsasdyU,ஒற்றாடல் (Remix),https://www.youtube.com/watch?v=tj_5hsasdyU,Composition coverage recorded; exact version not verified,alternate recording of covered Thirukkural chapter,,playlist:திருக்குறள் | Thirukkural — Master Collection; playlist:Discography; release:திருக்குறள் - ஒற்றாடல் 2026
nHj4Q196kU4,ஊக்கமுடைமை (Original),https://www.youtube.com/watch?v=nHj4Q196kU4,Source linked to publicly listed film,Needs review,XN5ENUbmSOE,playlist:திருக்குறள் | Thirukkural — Master Collection; playlist:Discography; release:திருக்குறள் - ஊக்கமுடைமை 2026
GfGlO3RQuik,மடியின்மை (Original),https://www.youtube.com/watch?v=GfGlO3RQuik,Local film exists; public link needs verification,Needs review,,playlist:திருக்குறள் | Thirukkural — Master Collection; playlist:Discography; release:திருக்குறள் - மடியின்மை 2026
Fh3HfGUObmg,மடியின்மை (Remix),https://www.youtube.com/watch?v=Fh3HfGUObmg,Composition coverage recorded; exact version not verified,alternate recording of covered Thirukkural chapter,,playlist:திருக்குறள் | Thirukkural — Master Collection; playlist:Discography; release:திருக்குறள் - மடியின்மை 2026
IiZoud1sP2o,அரண் (Original),https://www.youtube.com/watch?v=IiZoud1sP2o,Source linked to publicly listed film,Needs review,6r6TpY-sgbw,playlist:திருக்குறள் | Thirukkural — Master Collection; playlist:Discography; release:திருக்குறள் - அரண் 2026
YBmfJyQNSCY,அரண் (Symphony),https://www.youtube.com/watch?v=YBmfJyQNSCY,Local film exists; public link needs verification,alternate recording of covered Thirukkural chapter,,playlist:திருக்குறள் | Thirukkural — Master Collection; playlist:Discography; release:திருக்குறள் - அரண் 2026
FXMVQIidbJU,ஊக்கமுடைமை (Remix),https://www.youtube.com/watch?v=FXMVQIidbJU,Composition coverage recorded; exact version not verified,alternate recording of covered Thirukkural chapter,,playlist:திருக்குறள் | Thirukkural — Master Collection; playlist:Discography; release:திருக்குறள் - ஊக்கமுடைமை 2026
hjcH8zbEleE,வெருவந்த செய்யாமை (Original),https://www.youtube.com/watch?v=hjcH8zbEleE,Local film exists; public link needs verification,Needs review,,playlist:திருக்குறள் | Thirukkural — Master Collection; playlist:Discography; release:திருக்குறள் - வெருவந்த செய்யாமை 2026
PmziMZrMHfE,வெருவந்த செய்யாமை (Remix),https://www.youtube.com/watch?v=PmziMZrMHfE,Composition coverage recorded; exact version not verified,alternate recording of covered Thirukkural chapter,,playlist:திருக்குறள் | Thirukkural — Master Collection; playlist:Discography; release:திருக்குறள் - வெருவந்த செய்யாமை 2026
um09tyT-2p0,ஆள்வினையுடைமை (Original),https://www.youtube.com/watch?v=um09tyT-2p0,Source linked to publicly listed film,Needs review,zj4_pEqa_cs,playlist:திருக்குறள் | Thirukkural — Master Collection; playlist:Discography; release:திருக்குறள் - ஆள்வினையுடைமை 2026
37qaN4sG53k,ஆள்வினையுடைமை (Remix),https://www.youtube.com/watch?v=37qaN4sG53k,Composition coverage recorded; exact version not verified,alternate recording of covered Thirukkural chapter,,playlist:திருக்குறள் | Thirukkural — Master Collection; playlist:Discography; release:திருக்குறள் - ஆள்வினையுடைமை 2026
SI8ItN6nqck,கண்ணோட்டம் (Original),https://www.youtube.com/watch?v=SI8ItN6nqck,Source linked to publicly listed film,Needs review,mv7AezrLzoU,playlist:திருக்குறள் | Thirukkural — Master Collection; playlist:Discography; release:திருக்குறள் - கண்ணோட்டம் 2026
E7yfNOiwJmM,கண்ணோட்டம் (Symphony),https://www.youtube.com/watch?v=E7yfNOiwJmM,Composition coverage recorded; exact version not verified,alternate recording of covered Thirukkural chapter,,playlist:திருக்குறள் | Thirukkural — Master Collection; playlist:Discography; release:திருக்குறள் - கண்ணோட்டம் 2026
Vj6wcfC3rPk,கண்ணோட்டம் (Remix),https://www.youtube.com/watch?v=Vj6wcfC3rPk,Composition coverage recorded; exact version not verified,alternate recording of covered Thirukkural chapter,,playlist:திருக்குறள் | Thirukkural — Master Collection; playlist:Discography; release:திருக்குறள் - கண்ணோட்டம் 2026
hrg_nAlW7VQ,தெரிந்து தெளிதல் (Original),https://www.youtube.com/watch?v=hrg_nAlW7VQ,Source linked to publicly listed film,Needs review,bH23l5vVgL8,playlist:திருக்குறள் | Thirukkural — Master Collection; playlist:Discography; release:திருக்குறள் - தெரிந்து தெளிதல் 2026
tLt9J-X9WOE,தெரிந்து தெளிதல் (Remix),https://www.youtube.com/watch?v=tLt9J-X9WOE,Composition coverage recorded; exact version not verified,alternate recording of covered Thirukkural chapter,,playlist:திருக்குறள் | Thirukkural — Master Collection; playlist:Discography; release:திருக்குறள் - தெரிந்து தெளிதல் 2026
sScywbUNArA,செங்கோன்மை (Original),https://www.youtube.com/watch?v=sScywbUNArA,Source linked to publicly listed film,Needs review,lCBVB2Yj_7U,playlist:திருக்குறள் | Thirukkural — Master Collection; playlist:Discography; release:திருக்குறள் - செங்கோன்மை 2026
5coBrJy6a5M,செங்கோன்மை (Remix),https://www.youtube.com/watch?v=5coBrJy6a5M,Composition coverage recorded; exact version not verified,alternate recording of covered Thirukkural chapter,,playlist:திருக்குறள் | Thirukkural — Master Collection; playlist:Discography; release:திருக்குறள் - செங்கோன்மை 2026
tqF2NBWp6_8,கொடுங்கோன்மை (Original),https://www.youtube.com/watch?v=tqF2NBWp6_8,Source linked to publicly listed film,Needs review,wzdoeFDq0iQ,playlist:திருக்குறள் | Thirukkural — Master Collection; playlist:Discography; release:திருக்குறள் - கொடுங்கோன்மை 2026
01g0sJdaL2I,கொடுங்கோன்மை (Remix),https://www.youtube.com/watch?v=01g0sJdaL2I,Composition coverage recorded; exact version not verified,alternate recording of covered Thirukkural chapter,,playlist:திருக்குறள் | Thirukkural — Master Collection; playlist:Discography; release:திருக்குறள் - கொடுங்கோன்மை 2026
pTxTsQzF8Xs,சுற்றந்தழால் (Original),https://www.youtube.com/watch?v=pTxTsQzF8Xs,Source linked to publicly listed film,Needs review,Nb1nAcrGNeU,playlist:திருக்குறள் | Thirukkural — Master Collection; playlist:Discography; release:திருக்குறள் - சுற்றந்தழால் 2026
9-SvikTz2FU,சுற்றந்தழால் (Remix),https://www.youtube.com/watch?v=9-SvikTz2FU,Composition coverage recorded; exact version not verified,alternate recording of covered Thirukkural chapter,,playlist:திருக்குறள் | Thirukkural — Master Collection; playlist:Discography; release:திருக்குறள் - சுற்றந்தழால் 2026
O0hASl4BS2c,பொச்சாவாமை (Original),https://www.youtube.com/watch?v=O0hASl4BS2c,Local film exists; public link needs verification,Needs review,,playlist:திருக்குறள் | Thirukkural — Master Collection; playlist:Discography; release:திருக்குறள் - பொச்சாவாமை 2026
DhHGetUJlAI,பொச்சாவாமை (Remix),https://www.youtube.com/watch?v=DhHGetUJlAI,Composition coverage recorded; exact version not verified,alternate recording of covered Thirukkural chapter,,playlist:திருக்குறள் | Thirukkural — Master Collection; playlist:Discography; release:திருக்குறள் - பொச்சாவாமை 2026
5uRYFxhT32k,தெரிந்து வினையாடல் (Original),https://www.youtube.com/watch?v=5uRYFxhT32k,Local film exists; public link needs verification,Needs review,,playlist:திருக்குறள் | Thirukkural — Master Collection; playlist:Discography; release:திருக்குறள் - தெரிந்து வினையாடல் 2026
F-aVgFOdKFo,தெரிந்து வினையாடல் (Remix),https://www.youtube.com/watch?v=F-aVgFOdKFo,Composition coverage recorded; exact version not verified,alternate recording of covered Thirukkural chapter,,playlist:திருக்குறள் | Thirukkural — Master Collection; playlist:Discography; release:திருக்குறள் - தெரிந்து வினையாடல் 2026
OqRZLEMvx8s,தெரிந்து செயல்வகை (Original),https://www.youtube.com/watch?v=OqRZLEMvx8s,Source linked to publicly listed film,Needs review,BfgGC7DsHMI,playlist:திருக்குறள் | Thirukkural — Master Collection; playlist:Discography; release:திருக்குறள் - தெரிந்து செயல்வகை 2026
mpgnALSm7wk,தெரிந்து செயல்வகை (Female),https://www.youtube.com/watch?v=mpgnALSm7wk,Composition coverage recorded; exact version not verified,alternate recording of covered Thirukkural chapter,,playlist:திருக்குறள் | Thirukkural — Master Collection; playlist:Discography; release:திருக்குறள் - தெரிந்து செயல்வகை 2026
2YzLM0yoBlg,கிருஷ்ண மந்திரம் (Female),https://www.youtube.com/watch?v=2YzLM0yoBlg,Local film exists; public link needs verification,Needs review,,playlist:Lord Krishnar Songs; playlist:Discography; release:கிருஷ்ண மந்திரம்
EXl0IUQXfoU,ஹரே ராமா ஹரே கிருஷ்ணா! I,https://www.youtube.com/watch?v=EXl0IUQXfoU,Local film exists; public link needs verification,,,playlist:Lord Krishnar Songs; playlist:Lord Vishnu Songs; playlist:Discography
wnbjHShXh10,ஹரே ராமா ஹரே கிருஷ்ணா!,https://www.youtube.com/watch?v=wnbjHShXh10,Local film exists; public link needs verification,,,playlist:Lord Krishnar Songs; playlist:Lord Vishnu Songs; playlist:Discography
izHLRwITs_Q,கிருஷ்ண மந்திரம் I,https://www.youtube.com/watch?v=izHLRwITs_Q,Source linked to publicly listed film,Needs review,xjem5fTKx90,playlist:Lord Krishnar Songs; playlist:Discography; release:கிருஷ்ண மந்திரம்
JkivipMHrzc,கிருஷ்ண மந்திரம் II,https://www.youtube.com/watch?v=JkivipMHrzc,Local film exists; public link needs verification,,,playlist:Lord Krishnar Songs; playlist:Discography
dUYaclHH6Tk,பெரியாழ்வார் திருமொழி தாலாட்டு 2026 (I),https://www.youtube.com/watch?v=dUYaclHH6Tk,Local film exists; public link needs verification,,,playlist:Lord Krishnar Songs; playlist:Discography
GCea1CAcjl8,பெரியாழ்வார் திருமொழி தாலாட்டு 2026 (II),https://www.youtube.com/watch?v=GCea1CAcjl8,Local film exists; public link needs verification,,,playlist:Lord Krishnar Songs; playlist:Discography
0W1FqHOYwDc,பெரியாழ்வார் திருமொழி தாலாட்டு 2026 (III),https://www.youtube.com/watch?v=0W1FqHOYwDc,Local film exists; public link needs verification,,,playlist:Lord Krishnar Songs; playlist:Discography
468ErjVLRCs,விஷ்ணும் ஜிஷ்ணும்,https://www.youtube.com/watch?v=468ErjVLRCs,Source linked to publicly listed film,,diblSOvZENA,playlist:Lord Vishnu Songs; playlist:Discography
jfXxy-Y9zuA,இராம ராம ராம ஹரே ஹரே!,https://www.youtube.com/watch?v=jfXxy-Y9zuA,Local film exists; public link needs verification,,,playlist:Lord Vishnu Songs; playlist:Discography
_DHXM8tymn8,Ragupathi Raghava Raja Ram,https://www.youtube.com/watch?v=_DHXM8tymn8,Composition coverage recorded; exact version not verified,same composition as existing or reserved film,,playlist:Lord Vishnu Songs; playlist:Discography; release:Guru Kula Desam (Tamil Devotional I)
fkgEbW9HdtI,மார்கழி திங்கள் (திருப்பாவை),https://www.youtube.com/watch?v=fkgEbW9HdtI,Composition coverage recorded; exact version not verified,same composition as existing or reserved film,,playlist:Lord Vishnu Songs; playlist:Discography
phlMcxN_Cfw,வையத்து வாழ்வீர்காள்! (திருப்பாவை),https://www.youtube.com/watch?v=phlMcxN_Cfw,Composition coverage recorded; exact version not verified,same composition as existing or reserved film,,playlist:Lord Vishnu Songs; playlist:Discography; release:Tamil Devotional Songs III
To2l9uyCjMg,ஓங்கி உலகளந்த! (திருப்பாவை),https://www.youtube.com/watch?v=To2l9uyCjMg,Local film exists; public link needs verification,,,playlist:Lord Vishnu Songs; playlist:Discography
zqStqzcFgbM,மகா கணேச பஞ்சரத்னம்,https://www.youtube.com/watch?v=zqStqzcFgbM,Local film exists; public link needs verification,,,playlist:Lord Vinayagar Songs; playlist:Discography
IhE1OvdIBKs,Kaiththala Niraigani (Thiruppugazh),https://www.youtube.com/watch?v=IhE1OvdIBKs,Local film exists; public link needs verification,,,playlist:Lord Vinayagar Songs; playlist:Discography
Yvlg_8JBHL4,திகட சக்கர 2026,https://www.youtube.com/watch?v=Yvlg_8JBHL4,Local film exists; public link needs verification,,,playlist:Lord Vinayagar Songs; playlist:Discography
GydxHEmyDPc,கண நாதா ஓம் (Original),https://www.youtube.com/watch?v=GydxHEmyDPc,Existing composition film publicly listed; source mapping reviewed,,lEHLSYxnpbU,playlist:Lord Vinayagar Songs; playlist:Discography
vFbw9hX0wO4,கண நாதா ஓம் (Symphony),https://www.youtube.com/watch?v=vFbw9hX0wO4,Local film exists; public link needs verification,,,playlist:Lord Vinayagar Songs; playlist:Discography
tCxe5Q1ogPc,Kandha Sashti Kavasam (கந்த சஷ்டி கவசம்),https://www.youtube.com/watch?v=tCxe5Q1ogPc,Source linked to publicly listed film,Needs review,0PvXn4gqlFM,playlist:Lord Murugar Songs; playlist:Discography; release:Kandha Sashti Kavasam (கந்த சஷ்டி கவசம்)
8mzfe5h9JoY,Kandha Sashti Kavasam II (கந்த சஷ்டி கவசம்),https://www.youtube.com/watch?v=8mzfe5h9JoY,Source linked to publicly listed film,Needs review,C2rLIrP3vAA,playlist:Lord Murugar Songs; playlist:Discography; release:Kandha Sashti Kavasam II (கந்த சஷ்டி கவசம்)
PVcmqZuROSU,கந்தர் சஷ்டி துதி 2026 (Kandhar Shashti Thuthi),https://www.youtube.com/watch?v=PVcmqZuROSU,Composition coverage recorded; exact version not verified,same composition as existing or reserved film,,playlist:Lord Murugar Songs; playlist:Discography; release:கந்தர் சஷ்டி துதி 2026 (Kandhar Shashti Thuthi)
On2xoZqBsss,முத்தைத் தரு (திருப்புகழ்),https://www.youtube.com/watch?v=On2xoZqBsss,Local film exists; public link needs verification,,,playlist:Lord Murugar Songs; playlist:Discography
jpCBad1MjgI,Arumugam Arumugam,https://www.youtube.com/watch?v=jpCBad1MjgI,Source linked to publicly listed film,,B6yVe6HM8Ok,playlist:Lord Murugar Songs; playlist:Discography
XqDL5bZgW9c,Uruvaai Aruvaai (Kandhar Anubhudhi),https://www.youtube.com/watch?v=XqDL5bZgW9c,Source linked to publicly listed film,,DsbMysGdqv8,playlist:Lord Murugar Songs; playlist:Discography
-unILRjNLHQ,Sree Subramanyar Thiruviruththam,https://www.youtube.com/watch?v=-unILRjNLHQ,Composition coverage recorded; exact version not verified,same composition as existing or reserved film,,playlist:Lord Murugar Songs; playlist:Discography; release:Tamil Devotional Songs 2
3oJ2OPG-WCs,முத்தைத் தரு 2026 (திருப்புகழ்),https://www.youtube.com/watch?v=3oJ2OPG-WCs,Composition coverage recorded; exact version not verified,same composition as existing or reserved film,,playlist:Lord Murugar Songs; playlist:Discography; release:Tamil Devotional Songs 4
C9Ea0-FfMNs,Naatha Vindhugal (Pazhani Thiruppugazh),https://www.youtube.com/watch?v=C9Ea0-FfMNs,Source linked to publicly listed film,,nuSx1NgiCuo,playlist:Lord Murugar Songs; playlist:Discography
CFEYF0X6fLU,கந்த சஷ்டி கவசம் துதி 2026,https://www.youtube.com/watch?v=CFEYF0X6fLU,Source linked to publicly listed film,Needs review,1hoVaPwWMes,playlist:Lord Murugar Songs; playlist:Discography; release:Tamil Devotional Songs VI
ZZKjQ1SD_mQ,கந்தர் அலங்காரம் 2026,https://www.youtube.com/watch?v=ZZKjQ1SD_mQ,Source linked to publicly listed film,Needs review,eEYBleNgRGU,playlist:Lord Murugar Songs; playlist:Discography; release:Tamil Devotional Songs V
LL77sdbmUNE,ஸ்ரீ சிவசண்முக நாம ஸங்கீர்த்தனம் 2026,https://www.youtube.com/watch?v=LL77sdbmUNE,Source linked to publicly listed film,,FFXImcs5Ehw,playlist:Lord Murugar Songs; playlist:Discography
qRqkS1Kf8lA,மகரம் அளறு இடை (Original),https://www.youtube.com/watch?v=qRqkS1Kf8lA,Source linked to publicly listed film,,XErAOEtZdAU,playlist:Lord Murugar Songs; playlist:Discography
cEIEecb51Fc,மகரம் அளறு இடை (Remix),https://www.youtube.com/watch?v=cEIEecb51Fc,Source linked to publicly listed film,Needs review,VMqFjcQtebw,playlist:Lord Murugar Songs; playlist:Discography; release:வேல் விருத்தம் 2026 (Part 1)
YxP_uh3dM18,திருப்புகழ் 712 சீர் உலாவிய...,https://www.youtube.com/watch?v=YxP_uh3dM18,Composition coverage recorded; exact version not verified,same composition as existing or reserved film,,playlist:Lord Murugar Songs; playlist:Discography; release:திருப்புகழ் 712 (திருப்போரூர்)
iPFEtwdcIxc,திருப்புகழ் 712 சீர் உலாவிய...,https://www.youtube.com/watch?v=iPFEtwdcIxc,Source linked to publicly listed film,Needs review,Nvx3ObuSndM,playlist:Lord Murugar Songs; playlist:Discography; release:திருப்புகழ் 712 (திருப்போரூர்)
S4ogw4EfpDY,திருப்புகழ் 566 (இரத்னகிரி I),https://www.youtube.com/watch?v=S4ogw4EfpDY,Source linked to publicly listed film,,meXI3QsNHhE,playlist:Lord Murugar Songs; playlist:Discography
bOxyDZgsI2c,திருப்புகழ் 566 (இரத்னகிரி II),https://www.youtube.com/watch?v=bOxyDZgsI2c,Source linked to publicly listed film,Needs review,FTAB7OBVPPY,playlist:Lord Murugar Songs; playlist:Discography; release:திருப்புகழ் 566 (இரத்னகிரி)
8jLZHiozGxw,ஸ்கந்த மந்திரம் (Original),https://www.youtube.com/watch?v=8jLZHiozGxw,Source linked to publicly listed film,,iJ-3SHR2MKw,playlist:Lord Murugar Songs; playlist:Discography
N8MOVChJwPQ,ஸ்கந்த மந்திரம் (Symphony),https://www.youtube.com/watch?v=N8MOVChJwPQ,Source linked to publicly listed film,Needs review,QRSRyYEacMs,playlist:Lord Murugar Songs; playlist:Discography; release:ஸ்கந்த புராண மந்திரம்
x355fpndpTI,கௌமாரம் ஸ்துதி 2026,https://www.youtube.com/watch?v=x355fpndpTI,Local film exists; public link needs verification,,,playlist:Lord Murugar Songs; playlist:Discography
qr5jAhLRLUE,முருகர் வார வழிபாடு 2026,https://www.youtube.com/watch?v=qr5jAhLRLUE,Source linked to publicly listed film,Needs review,-L3VXkM2MTY,playlist:Lord Murugar Songs; playlist:Discography; release:முருகர் வார வழிபாடு 2026
OnzFNGriZ24,Thamizh Thaai Vaazththu (தமிழ் தாய் வாழ்த்து),https://www.youtube.com/watch?v=OnzFNGriZ24,Composition coverage recorded; exact version not verified,Existing composition film: https://youtu.be/isCeNcUwBTw,,playlist:Other Songs; playlist:Discography; release:Tamil Divine Patriotism (தமிழ் தேசப் பற்று பாடல்கள்)
CvDDeKLC4mw,Thayin Manikkodi Paareer! (தாயின் மணிக்கொடி பாரீர்),https://www.youtube.com/watch?v=CvDDeKLC4mw,Source linked to publicly listed film,,eK--J196v_c,playlist:Other Songs; playlist:Discography
sTSKhkPNI64,Vaazvathu Thamiz Aagattum (வாழ்வது தமிழ் ஆகட்டும்),https://www.youtube.com/watch?v=sTSKhkPNI64,Source linked to publicly listed film,,ZXdIpt_-Pmo,playlist:Other Songs; playlist:Discography
yMrpyhLlDc8,தாமரை மலரே!,https://www.youtube.com/watch?v=yMrpyhLlDc8,Source linked to publicly listed film,,i8h-2dDFnhI,playlist:Other Songs; playlist:Discography
zuDJOeLjtcQ,உள்ளம் ஒரு கோவில் 2026,https://www.youtube.com/watch?v=zuDJOeLjtcQ,Source linked to publicly listed film,,i6XFZE1q9uo,playlist:Other Songs; playlist:Discography
x8x7cnUdTE4,உள்ளம் ஒரு கோவில் (II) 2026,https://www.youtube.com/watch?v=x8x7cnUdTE4,Source linked to publicly listed film,,v_Q_vKG_nHo,playlist:Other Songs; playlist:Discography
-Gd2dy_L98c,ஏகமாய் அந்தமாய் (மதுவின் மடல்),https://www.youtube.com/watch?v=-Gd2dy_L98c,Source linked to publicly listed film,,JhdXurT4ohI,playlist:Other Songs; playlist:Discography
Iky5L-131A4,விழியிலே மலர்ந்தது (REMIX) 2026,https://www.youtube.com/watch?v=Iky5L-131A4,Source linked to publicly listed film,,mVQJIrLtnCk,playlist:Other Songs; playlist:Discography
28Xnfhctf0I,சம்சாரம் என்பது வீணை (REMIX) 2026,https://www.youtube.com/watch?v=28Xnfhctf0I,Source linked to publicly listed film,,JGslKeAreOE,playlist:Other Songs; playlist:Discography
V7dOPmD9aWg,ArutPerunJothi 2026 (அருட்பெருஞ்சோதி அகவல் 1),https://www.youtube.com/watch?v=V7dOPmD9aWg,Composition coverage recorded; exact version not verified,Existing composition film: https://youtu.be/GlJrQMMTRhI,,playlist:Other Songs; playlist:Discography; release:ArutPerunJothi 2026 (அருட்பெருஞ்சோதி அகவல் 1)
lw2nEZfR7Kc,அன்பே சரணம்! அருளே சரணம்!,https://www.youtube.com/watch?v=lw2nEZfR7Kc,Source linked to publicly listed film,,r55zzDkNtF4,playlist:Other Songs; playlist:Discography
6p5A87HdAAI,ஞானத் திருவடி 2026,https://www.youtube.com/watch?v=6p5A87HdAAI,Source linked to publicly listed film,,UPODVJixLyM,playlist:Other Songs; playlist:Discography
0gK0asNO-RM,குரு பகவான் துதி 2026,https://www.youtube.com/watch?v=0gK0asNO-RM,Source linked to publicly listed film,,4-FJ8eh7Als,playlist:Other Songs; playlist:Discography
HU-f-FpjmTQ,Vaanmugil Vazaadhu Peiga,https://www.youtube.com/watch?v=HU-f-FpjmTQ,Composition coverage recorded; exact version not verified,Existing composition film: https://youtu.be/sHSkPTQRtH8,,playlist:Other Songs; playlist:Discography; release:Tamil Devotional Songs 2
7NECOtuTZ_Y,Anjaneyar Thuthi,https://www.youtube.com/watch?v=7NECOtuTZ_Y,Source linked to publicly listed film,,uGdn0wzpH6c,playlist:Other Songs; playlist:Discography
gre-26HFBfA,அருட்பெருஞ்சோதி 2026 VI,https://www.youtube.com/watch?v=gre-26HFBfA,Source linked to publicly listed film,Existing composition film: https://youtu.be/GlJrQMMTRhI,GlJrQMMTRhI,playlist:Other Songs; playlist:Discography; release:அருட்பெருஞ்சோதி அகவல்
-ZkM45zylxs,அருட்பெருஞ்சோதி 2026 V,https://www.youtube.com/watch?v=-ZkM45zylxs,Source linked to publicly listed film,,-CsF4lE2UfA,playlist:Other Songs; playlist:Discography
RtHz7rTLNHk,அருட்பெருஞ்சோதி 2026 IV,https://www.youtube.com/watch?v=RtHz7rTLNHk,Source linked to publicly listed film,,lG5AT1rN9Us,playlist:Other Songs; playlist:Discography
3youy-33GtY,அருட்பெருஞ்சோதி 2026 III,https://www.youtube.com/watch?v=3youy-33GtY,Source linked to publicly listed film,,WhqZ0ttDYYc,playlist:Other Songs; playlist:Discography
00BGSFBWdlA,அருட்பெருஞ்சோதி 2026 II,https://www.youtube.com/watch?v=00BGSFBWdlA,Source linked to publicly listed film,Existing composition film: https://youtu.be/HD3EgOlDLJ0,HD3EgOlDLJ0,playlist:Other Songs; playlist:Discography; release:அருட்பெருஞ்சோதி அகவல்
9PUF7elNSOU,அருட்பெருஞ்சோதி 2026,https://www.youtube.com/watch?v=9PUF7elNSOU,Local film exists; public link needs verification,,,playlist:Other Songs; playlist:Discography
Bq6eGijG9T4,இந்திய தேசிய கீதம் 2026,https://www.youtube.com/watch?v=Bq6eGijG9T4,Source linked to publicly listed film,,tMnJYH0SR9c,playlist:Other Songs; playlist:Discography
MDK8Oq7p1j8,கொன்றை வேந்தன்!,https://www.youtube.com/watch?v=MDK8Oq7p1j8,Source linked to publicly listed film,,fRoTy3NdaLo,playlist:Other Songs; playlist:Discography
tAlN-7BPL7k,சொற்பெரு மெய்ஞான,https://www.youtube.com/watch?v=tAlN-7BPL7k,Source linked to publicly listed film,Existing composition film: https://youtu.be/Q57FSOLDMU0,Q57FSOLDMU0,playlist:Other Songs; playlist:Discography; release:திருவருட்பா - முதல் திருமுறை - II
5gzJXgmt7AY,திருவருட்பா - திருவருண் முறையீடு,https://www.youtube.com/watch?v=5gzJXgmt7AY,Source linked to publicly listed film,,s7idxr-uVfQ,playlist:Other Songs; playlist:Discography
kkDJM6dKTxs,திருவருட்பா - இங்கித மாலை 2026,https://www.youtube.com/watch?v=kkDJM6dKTxs,Source linked to publicly listed film,Existing composition film: https://youtu.be/hfv9Ys99fZU,hfv9Ys99fZU,playlist:Other Songs; playlist:Discography; release:திருவருட்பா - இங்கித மாலை 2026
ZsxGP1jIZ-s,அருள் நாம விளக்கம்,https://www.youtube.com/watch?v=ZsxGP1jIZ-s,Source linked to publicly listed film,Existing composition film: https://youtu.be/HXLltX2BPig,HXLltX2BPig,playlist:Other Songs; playlist:Discography; release:திருவருட்பா - இரண்டாம் திருமுறை
7TlWCD9pa_0,திருவருட்பா - இரண்டாம் திருமுறை -...,https://www.youtube.com/watch?v=7TlWCD9pa_0,Source linked to publicly listed film,,M2YC8urOH0M,playlist:Other Songs; playlist:Discography
1wD_X2LHCmw,திருவசிய மந்திரம் 2026,https://www.youtube.com/watch?v=1wD_X2LHCmw,Source linked to publicly listed film,,peEwj9A2blw,playlist:Other Songs; playlist:Discography
PLBuPRdKMHE,திருவருட்பா - இரண்டாம் திருமுறை -...,https://www.youtube.com/watch?v=PLBuPRdKMHE,Source linked to publicly listed film,Existing composition film: https://youtu.be/BxQ4c9VPwAo,BxQ4c9VPwAo,playlist:Other Songs; playlist:Discography; release:திருவருட்பா - இரண்டாம் திருமுறை - அபராத விண்ணப்பம் 2026
-9bZmHzYO2g,திருவருட்பா - இரண்டாம் திருமுறை -...,https://www.youtube.com/watch?v=-9bZmHzYO2g,Source linked to publicly listed film,,fg2YbSBo1Sk,playlist:Other Songs; playlist:Discography
4UGFfmEpphI,திருவருட்பா - இரண்டாம் திருமுறை -...,https://www.youtube.com/watch?v=4UGFfmEpphI,Source linked to publicly listed film,,-cmB2_XZqs0,playlist:Other Songs; playlist:Discography
VyUqD3ZO3BU,திருவருட்பா - இரண்டாம் திருமுறை -...,https://www.youtube.com/watch?v=VyUqD3ZO3BU,Source linked to publicly listed film,,lg5W3VaLQNQ,playlist:Other Songs; playlist:Discography
cVbT38ujUTQ,திருவருட்பா - இரண்டாம் திருமுறை -...,https://www.youtube.com/watch?v=cVbT38ujUTQ,Source linked to publicly listed film,Existing composition film: https://youtu.be/NjHDFS3cftg,NjHDFS3cftg,playlist:Other Songs; playlist:Discography; release:திருவருட்பா - இரண்டாம் திருமுறை - அருள்விடை வேட்கை
4qnq1zW63hI,திருவருட்பா - ஆறாம் திருமுறை - பதி...,https://www.youtube.com/watch?v=4qnq1zW63hI,Source linked to publicly listed film,,-7ppYdnUdVk,playlist:Other Songs; playlist:Discography
DYAKkr0e5jU,திரு சனி பகவான் துதி 2026,https://www.youtube.com/watch?v=DYAKkr0e5jU,Source linked to publicly listed film,,mIC0hJwu8F0,playlist:Other Songs; playlist:Discography
WMtIb1EHwGw,திரு சனி பகவான் பதிகம் 2026,https://www.youtube.com/watch?v=WMtIb1EHwGw,Source linked to publicly listed film,,MtV5wS61MsM,playlist:Other Songs; playlist:Discography
XelTS98bLec,திருவருட்பா - இரண்டாம் திருமுறை -...,https://www.youtube.com/watch?v=XelTS98bLec,Source linked to publicly listed film,,l3E27q5r-nk,playlist:Other Songs; playlist:Discography
8KQc368hCmg,திருவருட்பா - இரண்டாம் திருமுறை -...,https://www.youtube.com/watch?v=8KQc368hCmg,Source linked to publicly listed film,,g3tE-_-cZgQ,playlist:Other Songs; playlist:Discography
QTxWZpg6F98,உலகமெலாந் தனிநிறைந்த!,https://www.youtube.com/watch?v=QTxWZpg6F98,Source linked to publicly listed film,Existing composition film: https://youtu.be/dwYw5_W4g4A,dwYw5_W4g4A,playlist:Other Songs; playlist:Discography; release:திருவருட்பா - முதல் திருமுறை III
r2ulXHQihY0,நெஞ்சறிவுறுத்தல் - ஒன்றாய்ப் பலவாய்!,https://www.youtube.com/watch?v=r2ulXHQihY0,Composition coverage recorded; exact version not verified,"Existing composition film: https://youtu.be/KFtS403RfbY, https://youtu.be/R8OyFbqJJEw",,playlist:Other Songs; playlist:Discography; release:திருவருட்பா - முதல் திருமுறை III
UxsU284RHQY,அருட்பெருஞ்சோதி அகவல் I,https://www.youtube.com/watch?v=UxsU284RHQY,Source linked to publicly listed film,,qYVo1gCko5Q,playlist:Other Songs; playlist:Discography
1W9SHSo-2Vk,அருட்பெருஞ்சோதி அகவல் II,https://www.youtube.com/watch?v=1W9SHSo-2Vk,Source linked to publicly listed film,,kGhg01-hWos,playlist:Other Songs; playlist:Discography
G4Tk8Z1tKRg,கோயிலாகநல் - பழமொழிமேல்  2026,https://www.youtube.com/watch?v=G4Tk8Z1tKRg,Source linked to publicly listed film,Existing composition film: https://youtu.be/huastC0A3-8,huastC0A3-8,playlist:Other Songs; playlist:Discography; release:திருவருட்பா - இரண்டாம் திருமுறை (II)
X-EB6CFVz1E,அவலத் தழுங்கல் 2026,https://www.youtube.com/watch?v=X-EB6CFVz1E,Source linked to publicly listed film,,BXLeRFa6NHA,playlist:Other Songs; playlist:Discography
IT_-ioBG69g,Dhanam Tharum Abhirami,https://www.youtube.com/watch?v=IT_-ioBG69g,Local film exists; public link needs verification,,,playlist:Goddess Amman Songs; playlist:Discography
fzoZWnsJReg,Thaaye Karumari 2026 (தாயே கருமாரி),https://www.youtube.com/watch?v=fzoZWnsJReg,Local film exists; public link needs verification,Needs review,,playlist:Goddess Amman Songs; playlist:Discography; release:அம்மன் பாடல்கள் (Tamil Amman Devotional Songs)
UUytjlINYLw,Abhirami Andhathi Thuthi (அபிராமி அந்தாதி துதி),https://www.youtube.com/watch?v=UUytjlINYLw,Source linked to publicly listed film,,2tL-bKjkL18,playlist:Goddess Amman Songs; playlist:Discography
94drEh5bkH0,108 Saraswathi Potri (108 சரஸ்வதி போற்றி),https://www.youtube.com/watch?v=94drEh5bkH0,Local film exists; public link needs verification,Needs review,,playlist:Goddess Amman Songs; playlist:Discography; release:108 Saraswathi Potri (108 சரஸ்வதி போற்றி)
d4-qZaYo-4g,Gayathri Mantra (காயத்ரி மந்திரம்) 2026,https://www.youtube.com/watch?v=d4-qZaYo-4g,Local film exists; public link needs verification,Needs review,,playlist:Goddess Amman Songs; playlist:Discography; release:Gayathri Mantra (காயத்ரி மந்திரம்) 2026
hp1ctMubVmo,Lakshmi 108 Potri (லக்ஷ்மி 108 போற்றி),https://www.youtube.com/watch?v=hp1ctMubVmo,Local film exists; public link needs verification,Needs review,,playlist:Goddess Amman Songs; playlist:Discography; release:Lakshmi 108 Potri (லக்ஷ்மி 108 போற்றி)
w0lNqTk3QCU,Abirami Anthathi Thuthi,https://www.youtube.com/watch?v=w0lNqTk3QCU,Composition coverage recorded; exact version not verified,same composition as existing or reserved film,,playlist:Goddess Amman Songs; playlist:Discography
Q2xax9mIhZw,Dhanam Tharum Abhirami,https://www.youtube.com/watch?v=Q2xax9mIhZw,Composition coverage recorded; exact version not verified,same composition as existing or reserved film,,playlist:Goddess Amman Songs; playlist:Discography
jZI2pTITtBY,திருவருட்பா - வடிவுடை மாணிக்கமாலை !,https://www.youtube.com/watch?v=jZI2pTITtBY,Local film exists; public link needs verification,Needs review,,playlist:Goddess Amman Songs; playlist:Discography; release:திருவருட்பா - வடிவுடை மாணிக்கமாலை !
K0N0k3mNh_w,அன்னை ரேணுகாம்பாள் துதி,https://www.youtube.com/watch?v=K0N0k3mNh_w,Local film exists; public link needs verification,,,playlist:Goddess Amman Songs; playlist:Discography
8BPlAB-ZHHk,கடவுளைக் கடலுள் எழு!,https://www.youtube.com/watch?v=8BPlAB-ZHHk,Local film exists; public link needs verification,,,playlist:Lord Shiva Songs; playlist:Discography
bZmif21zNtw,சிவநேச வெண்பா (திருவருட்பா),https://www.youtube.com/watch?v=bZmif21zNtw,Local film exists; public link needs verification,,,playlist:Lord Shiva Songs; playlist:Discography
y7TMSgzWf8o,அன்னம் பாலிக்கும் தில்லை!,https://www.youtube.com/watch?v=y7TMSgzWf8o,Source linked to publicly listed film,,0tXyQEAHVNQ,playlist:Lord Shiva Songs; playlist:Discography
nutm-A24QcM,பிடியதன் உருவுமை,https://www.youtube.com/watch?v=nutm-A24QcM,Composition coverage recorded; exact version not verified,same composition as existing or reserved film,,playlist:Lord Shiva Songs; playlist:Discography; release:முதல் தேவாரம் - பகுதி 1
CjUD2TU3oAY,குறி கலந்த இசை,https://www.youtube.com/watch?v=CjUD2TU3oAY,Local film exists; public link needs verification,Needs review,,playlist:Lord Shiva Songs; playlist:Discography; release:முதல் தேவாரம் - பகுதி 1
gwTtvj-h77g,திருமந்திரம் (முதல் தந்திரம்) 2026,https://www.youtube.com/watch?v=gwTtvj-h77g,Local film exists; public link needs verification,same composition as existing or reserved film,,playlist:Lord Shiva Songs; playlist:Discography; release:திருமந்திரம் (முதல் தந்திரம்) 2026
qjxmrb4fmjA,திருவோத்தூர் பதிகம் 2026 I,https://www.youtube.com/watch?v=qjxmrb4fmjA,Local film exists; public link needs verification,same composition as existing or reserved film,,playlist:Lord Shiva Songs; playlist:Discography
8b2B047SSTo,திருவோத்தூர் பதிகம் 2026 II,https://www.youtube.com/watch?v=8b2B047SSTo,Local film exists; public link needs verification,same composition as existing or reserved film,,playlist:Lord Shiva Songs; playlist:Discography
34D_HpbRxfo,திருவோத்தூர் பதிகம் 2026 III,https://www.youtube.com/watch?v=34D_HpbRxfo,Local film exists; public link needs verification,same composition as existing or reserved film,,playlist:Lord Shiva Songs; playlist:Discography; release:திருவோத்தூர் பதிகம் 2026 (2)
pWSY0_0UQwc,திருவோத்தூர் பதிகம் 2026 (சாரம்),https://www.youtube.com/watch?v=pWSY0_0UQwc,Composition coverage recorded; exact version not verified,same composition as existing or reserved film,,playlist:Lord Shiva Songs; playlist:Discography; release:திருவோத்தூர் பதிகம் 2026 (2)
CHWHsVF0V70,திருமந்திரம் (முதல் தந்திரம்),https://www.youtube.com/watch?v=CHWHsVF0V70,Local film exists; public link needs verification,,,playlist:Lord Shiva Songs; playlist:Discography
j1tzixa2raU,தென்னாடுடைய சிவனே போற்றி! 2026,https://www.youtube.com/watch?v=j1tzixa2raU,Composition coverage recorded; exact version not verified,same composition as existing or reserved film,,playlist:Lord Shiva Songs; playlist:Discography
XlCvnE6y9d0,போற்றி திரு அகவல் 2026 Potri Thiru Agaval (Thiruvasagam),https://www.youtube.com/watch?v=XlCvnE6y9d0,Local film exists; public link needs verification,same composition as existing or reserved film,,playlist:Lord Shiva Songs; playlist:Discography; release:போற்றி திரு அகவல் 2026 Potri Thiru Agaval (Thiruvasagam)
Y0tOS_2Azxs,Siva Puranam 2026 (II) Thiruvasagam,https://www.youtube.com/watch?v=Y0tOS_2Azxs,Local film exists; public link needs verification,same composition as existing or reserved film,,playlist:Lord Shiva Songs; playlist:Discography; release:Siva Puranam 2026 (II) Thiruvasagam
XB7cD-5ye-k,திருப்படை ஆட்சி (திருவாசகம்),https://www.youtube.com/watch?v=XB7cD-5ye-k,Local film exists; public link needs verification,Needs review,,playlist:Lord Shiva Songs; playlist:Discography; release:Thiruvasagam 2026 (திருவாசகம்)
hoZZgL3xe9k,எண்ணப் பதிகம் (திருவாசகம்),https://www.youtube.com/watch?v=hoZZgL3xe9k,Local film exists; public link needs verification,,,playlist:Lord Shiva Songs; playlist:Discography
o5PVED0ZcfU,திருவெண்பா 2026 (திருவாசகம்) HipHop,https://www.youtube.com/watch?v=o5PVED0ZcfU,Local film exists; public link needs verification,Needs review,,playlist:Lord Shiva Songs; playlist:Discography; release:Thiruvasagam 2026 (திருவாசகம்)
jsFIjA8ZOkw,திருவாசகம் - குழைத்த பத்து - 2026 (II),https://www.youtube.com/watch?v=jsFIjA8ZOkw,Local film exists; public link needs verification,same composition as existing or reserved film,,playlist:Lord Shiva Songs; playlist:Discography; release:திருவாசகம் - குழைத்த பத்து - 2026 (II)
iKIsoxTz5-k,Poovar Senni Mannan (Thiruvasagam) | Yaththirai Paththu,https://www.youtube.com/watch?v=iKIsoxTz5-k,Local film exists; public link needs verification,Needs review,,playlist:Lord Shiva Songs; playlist:Discography; release:Poovar Senni Mannan (Thiruvasagam) | Yaththirai Paththu
u41L3XgIgGc,சிவ புராணம் 2026 | Shiva Puranam (Thiruvasagam),https://www.youtube.com/watch?v=u41L3XgIgGc,Composition coverage recorded; exact version not verified,same composition as existing or reserved film,,playlist:Lord Shiva Songs; playlist:Discography; release:சிவ புராணம் 2026 | Shiva Puranam (Thiruvasagam)
fdB9R7QeXo0,திருவாசகம் | குழைத்த பத்து | 2026,https://www.youtube.com/watch?v=fdB9R7QeXo0,Local film exists; public link needs verification,Needs review,,playlist:Lord Shiva Songs; playlist:Discography; release:திருவாசகம் | குழைத்த பத்து | 2026
7WnikKPxo-k,Anandha Maalai,https://www.youtube.com/watch?v=7WnikKPxo-k,Local film exists; public link needs verification,,,playlist:Lord Shiva Songs; playlist:Discography
rr1zamJEIdg,Pandaaya Naanmarai,https://www.youtube.com/watch?v=rr1zamJEIdg,Local film exists; public link needs verification,,,playlist:Lord Shiva Songs; playlist:Discography
J2-tBRFihEQ,Thiru Pallaandu,https://www.youtube.com/watch?v=J2-tBRFihEQ,Local film exists; public link needs verification,,,playlist:Lord Shiva Songs; playlist:Discography
M4KRTTyoD_A,Achcho Pathigam,https://www.youtube.com/watch?v=M4KRTTyoD_A,Local film exists; public link needs verification,,,playlist:Lord Shiva Songs; playlist:Discography
S9WQ-O0tZJI,திருப்படை ஆட்சி 2026 (திருவாசகம்) HipHop,https://www.youtube.com/watch?v=S9WQ-O0tZJI,Composition coverage recorded; exact version not verified,same composition as existing or reserved film,,playlist:Lord Shiva Songs; playlist:Discography; release:Thiruvasagam 2026 (திருவாசகம்)
e9fTnxiiLnc,திருவார்த்தை 2026 (திருவாசகம்),https://www.youtube.com/watch?v=e9fTnxiiLnc,Local film exists; public link needs verification,Needs review,,playlist:Lord Shiva Songs; playlist:Discography; release:Thiruvasagam 2026 (திருவாசகம்)
75W77Q-_Oe8,சென்னிப்பத்து 2026 (திருவாசகம்),https://www.youtube.com/watch?v=75W77Q-_Oe8,Local film exists; public link needs verification,Needs review,,playlist:Lord Shiva Songs; playlist:Discography; release:Thiruvasagam 2026 (திருவாசகம்)
RmggfAhGNXU,திருஏசறவு 2026 (திருவாசகம்),https://www.youtube.com/watch?v=RmggfAhGNXU,Local film exists; public link needs verification,,,playlist:Lord Shiva Songs; playlist:Discography
qQqwD3gjenE,திருப்புலம்பல் 2026 (திருவாசகம்),https://www.youtube.com/watch?v=qQqwD3gjenE,Local film exists; public link needs verification,,,playlist:Lord Shiva Songs; playlist:Discography
CSqgMX4LhJI,பிரார்த்தனைப் பத்து 2026 (திருவாசகம்),https://www.youtube.com/watch?v=CSqgMX4LhJI,Local film exists; public link needs verification,Needs review,,playlist:Lord Shiva Songs; playlist:Discography; release:Thiruvasagam 2026 (திருவாசகம்)
nsWHXJGDYA8,அன்னைப்பத்து (2026) திருவாசகம்,https://www.youtube.com/watch?v=nsWHXJGDYA8,Local film exists; public link needs verification,,,playlist:Lord Shiva Songs; playlist:Discography
XwlGJp3gqCc,Thennadudaiya Sivaney Potri,https://www.youtube.com/watch?v=XwlGJp3gqCc,Composition coverage recorded; exact version not verified,same composition as existing or reserved film,,playlist:Lord Shiva Songs; playlist:Discography
pF7fYFU5fKs,திருஅருட்பா (திருவடிப் புகழ்ச்சி),https://www.youtube.com/watch?v=pF7fYFU5fKs,Local film exists; public link needs verification,Needs review,,playlist:Lord Shiva Songs; playlist:Discography; release:திருஅருட்பா (திருவடிப் புகழ்ச்சி)
P-gtNBy8sRE,Mandhiram Aavadhu Neeru,https://www.youtube.com/watch?v=P-gtNBy8sRE,Local film exists; public link needs verification,same composition as existing or reserved film,,playlist:Lord Shiva Songs; playlist:Discography
J7sfVqWuxyU,Thiruvaiyaaru Thirumurai,https://www.youtube.com/watch?v=J7sfVqWuxyU,Composition coverage recorded; exact version not verified,same composition as existing or reserved film,,playlist:Lord Shiva Songs; playlist:Discography
wC45ZWg05eo,வேண்டுமே இத்தனையும் (திருவெம்பாவை),https://www.youtube.com/watch?v=wC45ZWg05eo,Local film exists; public link needs verification,Needs review,,playlist:Lord Shiva Songs; playlist:Discography; release:Tamil Devotional Songs III
nSQKZ2htJ-o,Maasil Veenaiyum,https://www.youtube.com/watch?v=nSQKZ2htJ-o,Local film exists; public link needs verification,same composition as existing or reserved film,,playlist:Lord Shiva Songs; playlist:Discography
xc1iNs05Bkw,திருவெண்பா (hiphop),https://www.youtube.com/watch?v=xc1iNs05Bkw,Composition coverage recorded; exact version not verified,same composition as existing or reserved film,,playlist:Lord Shiva Songs; playlist:Discography; release:Tamil Devotional Songs VI
QFCD-U3sT4M,தென்னாடுடைய சிவனே போற்றி! 2026,https://www.youtube.com/watch?v=QFCD-U3sT4M,Composition coverage recorded; exact version not verified,same composition as existing or reserved film,,playlist:Lord Shiva Songs; playlist:Discography; release:Tamil Devotional Songs V
xqM-FFGFDC4,தில்லை வாழ் அந்தணர்!,https://www.youtube.com/watch?v=xqM-FFGFDC4,Local film exists; public link needs verification,Needs review,,playlist:Lord Shiva Songs; playlist:Discography; release:Tamil Devotional Songs V
2vQYuvePk9U,திருவையாறு திருமுறை!,https://www.youtube.com/watch?v=2vQYuvePk9U,Composition coverage recorded; exact version not verified,same composition as existing or reserved film,,playlist:Lord Shiva Songs; playlist:Discography
SDPLWITWGho,திருவருட்பா - நற்றுணை விளக்கம் 2026,https://www.youtube.com/watch?v=SDPLWITWGho,Local film exists; public link needs verification,Needs review,,playlist:Lord Shiva Songs; playlist:Discography; release:திருவருட்பா - நற்றுணை விளக்கம் 2026
kshlDPh2IqE,திருவருட்பா - இரண்டாம் திருமுறை -...,https://www.youtube.com/watch?v=kshlDPh2IqE,Local film exists; public link needs verification,Needs review,,playlist:Lord Shiva Songs; playlist:Discography; release:திருவருட்பா - இரண்டாம் திருமுறை - அபராதத்து ஆற்றாமை
uMK4LISQFE4,திருவருட்பா - திருமுல்லைவாயில்...,https://www.youtube.com/watch?v=uMK4LISQFE4,Composition coverage recorded; exact version not verified,same composition as existing or reserved film,,playlist:Lord Shiva Songs; playlist:Discography; release:திருவருட்பா - இரண்டாம் திருமுறை - திருமுல்லைவாயில்
MlaG3Z3_Kck,திருவருட்பா - இரண்டாம் திருமுறை -...,https://www.youtube.com/watch?v=MlaG3Z3_Kck,Local film exists; public link needs verification,Needs review,,playlist:Lord Shiva Songs; playlist:Discography; release:திருவருட்பா - இரண்டாம் திருமுறை - காட்சிப் பெருமிதம்
dbdp19C0j3M,திருவருட்பா - இரண்டாம் திருமுறை -...,https://www.youtube.com/watch?v=dbdp19C0j3M,Source linked to publicly listed film,Needs review,PO4U3nRv6o0,playlist:Lord Shiva Songs; playlist:Discography; release:திருவருட்பா - திருவருள் வேட்கை
2_rwWlC09I0,ஸ்மரணாத³ருணாசலம்,https://www.youtube.com/watch?v=2_rwWlC09I0,Local film exists; public link needs verification,,,playlist:Lord Shiva Songs; playlist:Discography
kyiaup-gjMc,திருவருட்பா - இரண்டாம் திருமுறை -...,https://www.youtube.com/watch?v=kyiaup-gjMc,Local film exists; public link needs verification,Needs review,,playlist:Lord Shiva Songs; playlist:Discography; release:திருவருட்பா - இரண்டாம் திருமுறை - எழுத்தறியும் பெருமான் மாலை!
aq0j2OMVNoU,நமச்சிவாய வாழ்க! by Children,https://www.youtube.com/watch?v=aq0j2OMVNoU,Local film exists; public link needs verification,same composition as existing or reserved film,,playlist:Lord Shiva Songs; playlist:Discography; release:நமச்சிவாய வாழ்க! (சிவ புராணம்) 2027
wXD_lSlfiSQ,நமச்சிவாய வாழ்க! Symphony,https://www.youtube.com/watch?v=wXD_lSlfiSQ,Composition coverage recorded; exact version not verified,same composition as existing or reserved film,,playlist:Lord Shiva Songs; playlist:Discography; release:நமச்சிவாய வாழ்க! (சிவ புராணம்) 2027
I-ZLmvGIiz4,திருவருட்பா - ஆறாம் திருமுறை - சிவ...,https://www.youtube.com/watch?v=I-ZLmvGIiz4,Source linked to publicly listed film,,KjQZFlnCluU,playlist:Lord Shiva Songs; playlist:Discography
oOGRP4cqGP8,திருவோத்தூர் பதிகம் (V),https://www.youtube.com/watch?v=oOGRP4cqGP8,Local film exists; public link needs verification,same composition as existing or reserved film,,playlist:Lord Shiva Songs; playlist:Discography; release:திருவோத்தூர் பதிகம் 2027
-yxeA6nvNZk,ஈஸ்வர நாமவளி சரணம்! (I),https://www.youtube.com/watch?v=-yxeA6nvNZk,Local film exists; public link needs verification,,,playlist:Lord Shiva Songs; playlist:Discography
lAWfE9YSJME,திருவருட்பா - ஆறாம் திருமுறை - பரசிவ...,https://www.youtube.com/watch?v=lAWfE9YSJME,Source linked to publicly listed film,Needs review,fJIeiPyejxU,playlist:Lord Shiva Songs; playlist:Discography; release:திருவருட்பா - ஆறாம் திருமுறை - பரசிவ வணக்கம்
4zG1CdYiVxs,திருவருட்பா - அன்பு மாலை - 2026 (II),https://www.youtube.com/watch?v=4zG1CdYiVxs,Local film exists; public link needs verification,Needs review,,playlist:Lord Shiva Songs; playlist:Discography; release:திருவருட்பா - நான்காம் திருமுறை - அன்பு மாலை - 2026
juuVtFBK3X8,திருவருட்பா - இரண்டாம் திருமுறை -...,https://www.youtube.com/watch?v=juuVtFBK3X8,Local film exists; public link needs verification,Needs review,,playlist:Lord Shiva Songs; playlist:Discography; release:திருவருட்பா - இரண்டாம் திருமுறை - ஆடலமுதப் பத்து
06ZOKy7SSvw,திருவருட்பா - இரண்டாம் திருமுறை -...,https://www.youtube.com/watch?v=06ZOKy7SSvw,Source linked to publicly listed film,Needs review,255aVCj3t0w,playlist:Lord Shiva Songs; playlist:Discography; release:திருவருட்பா - இரண்டாம் திருமுறை - திருச்சாதனத் தெய்வத் திறம்
qqpvlkv0mSY,திருவோத்தூர் பதிகம் - பூத்தேர்ந்து...,https://www.youtube.com/watch?v=qqpvlkv0mSY,Local film exists; public link needs verification,Needs review,,playlist:Lord Shiva Songs; playlist:Discography; release:முதல் திருமுறை - திருவோத்தூர் பதிகம் (III)
2vuuHMEhs20,போற்றித் திருஅகவல் (திருவாசகம்),https://www.youtube.com/watch?v=2vuuHMEhs20,Local film exists; public link needs verification,Needs review,,playlist:Lord Shiva Songs; playlist:Discography; release:தமிழ் இறைத் துதிகள் (பகுதி 1)
I70WNnsVXtY,Kalla Pizhaiyum,https://www.youtube.com/watch?v=I70WNnsVXtY,Local film exists; public link needs verification,,,playlist:Lord Shiva Songs; playlist:Discography
2QOF2ycA4RQ,Aadhi Yogeeswarar Naama Oli Saranam,https://www.youtube.com/watch?v=2QOF2ycA4RQ,Local film exists; public link needs verification,Needs review,,playlist:Lord Shiva Songs; playlist:Discography; release:Tamil Devotional Songs 4
r3APrd3opOs,ஆதியும் அந்தமும் (திருவெம்பாவை),https://www.youtube.com/watch?v=r3APrd3opOs,Local film exists; public link needs verification,,,playlist:Lord Shiva Songs; playlist:Discography
l-JJXW1QKdg,Thillai Vazh Anthanar Tham,https://www.youtube.com/watch?v=l-JJXW1QKdg,Composition coverage recorded; exact version not verified,same composition as existing or reserved film,,playlist:Lord Shiva Songs; playlist:Discography; release:Guru Kula Desam (Tamil Devotional I)
fcWB5HrGeMs,திரு உந்தியார்,https://www.youtube.com/watch?v=fcWB5HrGeMs,Local film exists; public link needs verification,,,playlist:Lord Shiva Songs; playlist:Discography
tW9-r0H5rx8,திருப்படை ஆட்சி (hiphop),https://www.youtube.com/watch?v=tW9-r0H5rx8,Local film exists; public link needs verification,same composition as existing or reserved film,,playlist:Lord Shiva Songs; playlist:Discography; release:Tamil Devotional Songs VI
8HUmRJKyxTc,அவிநாசி பத்து!,https://www.youtube.com/watch?v=8HUmRJKyxTc,Local film exists; public link needs verification,Needs review,,playlist:Lord Shiva Songs; playlist:Discography; release:Tamil Devotional Songs V
57X8XwJaB0U,உலகெலாம் உணர்ந்து!,https://www.youtube.com/watch?v=57X8XwJaB0U,Local film exists; public link needs verification,,,playlist:Lord Shiva Songs; playlist:Discography
A2CB3LpJ0Qk,கரைந்து கைதொழுவாரையும்,https://www.youtube.com/watch?v=A2CB3LpJ0Qk,Local film exists; public link needs verification,,,playlist:Lord Shiva Songs; playlist:Discography
5vieI9fE5Y8,புண்ணிய விளக்கம்,https://www.youtube.com/watch?v=5vieI9fE5Y8,Local film exists; public link needs verification,Needs review,,playlist:Lord Shiva Songs; playlist:Discography; release:திருவருட்பா - இரண்டாம் திருமுறை
YORF54ouPz0,திருவருட்பா - இரண்டாம் திருமுறை -...,https://www.youtube.com/watch?v=YORF54ouPz0,Local film exists; public link needs verification,Needs review,,playlist:Lord Shiva Songs; playlist:Discography; release:திருவருட்பா - இரண்டாம் திருமுறை - சிவபுண்ணியத் தேற்றம் 2026
-bqKXZW8vFk,திருவருட்பா - அருளியல் வினாவல் 2026,https://www.youtube.com/watch?v=-bqKXZW8vFk,Local film exists; public link needs verification,Needs review,,playlist:Lord Shiva Songs; playlist:Discography; release:திருவருட்பா - அருளியல் வினாவல் 2026
73GrCFM_v6Q,திருவருட்பா - திருமுல்லைவாயில்...,https://www.youtube.com/watch?v=73GrCFM_v6Q,Local film exists; public link needs verification,Needs review,,playlist:Lord Shiva Songs; playlist:Discography; release:திருவருட்பா - இரண்டாம் திருமுறை - திருமுல்லைவாயில்
nGBmGzsD-kM,create album cover for திருவருட்பா - இரண்டாம்...,https://www.youtube.com/watch?v=nGBmGzsD-kM,Local film exists; public link needs verification,Needs review,,playlist:Lord Shiva Songs; playlist:Discography; release:create album cover for திருவருட்பா - இரண்டாம் திருமுறை - கொடைமடப் புகழ்ச்சி
0TB3drCSvNc,திருவருட்பா - இரண்டாம் திருமுறை -...,https://www.youtube.com/watch?v=0TB3drCSvNc,Existing composition film publicly listed; source mapping reviewed,Needs review,PO4U3nRv6o0,playlist:Lord Shiva Songs; playlist:Discography; release:திருவருட்பா - திருவருள் வேட்கை
yrmF7nfwnsQ,கோளறு பதிகம் 2026,https://www.youtube.com/watch?v=yrmF7nfwnsQ,Local film exists; public link needs verification,Needs review,,playlist:Lord Shiva Songs; playlist:Discography; release:தமிழ் இறை விருந்து - 2026
89Q2g8AllcE,திருவாசகம் - நடராஜர் பத்து,https://www.youtube.com/watch?v=89Q2g8AllcE,Local film exists; public link needs verification,Needs review,,playlist:Lord Shiva Songs; playlist:Discography; release:திருவாசகம் - நடராஜர் பத்து
6cE4xUOmSzU,நமச்சிவாய வாழ்க! (சிவ புராணம்),https://www.youtube.com/watch?v=6cE4xUOmSzU,Composition coverage recorded; exact version not verified,same composition as existing or reserved film,,playlist:Lord Shiva Songs; playlist:Discography; release:நமச்சிவாய வாழ்க! (சிவ புராணம்)
zFb2PGEPrr4,திருவோத்தூர் பதிகம் (Original),https://www.youtube.com/watch?v=zFb2PGEPrr4,Composition coverage recorded; exact version not verified,same composition as existing or reserved film,,playlist:Lord Shiva Songs; playlist:Discography; release:திருவோத்தூர் பதிகம் 2027
vZyHNMkm8xU,திருவாசகம் - தென் நாடுடைய சிவனே...,https://www.youtube.com/watch?v=vZyHNMkm8xU,Local film exists; public link needs verification,same composition as existing or reserved film,,playlist:Lord Shiva Songs; playlist:Discography; release:திருவாசகம் - தென் நாடுடைய சிவனே போற்றி! (Female)
zTHsoP6OIAc,ஈஸ்வர நாமவளி சரணம்! (II),https://www.youtube.com/watch?v=zTHsoP6OIAc,Local film exists; public link needs verification,,,playlist:Lord Shiva Songs; playlist:Discography
SLaW0c4zDuc,திருவருட்பா - அன்பு மாலை - 2026 (I),https://www.youtube.com/watch?v=SLaW0c4zDuc,Local film exists; public link needs verification,Needs review,,playlist:Lord Shiva Songs; playlist:Discography; release:திருவருட்பா - நான்காம் திருமுறை - அன்பு மாலை - 2026
AuEZhvVmA90,பிடியதன் உருவுமை,https://www.youtube.com/watch?v=AuEZhvVmA90,Local film exists; public link needs verification,Needs review,,playlist:Lord Shiva Songs; playlist:Discography; release:முதல் தேவாரம் 2026
Z7qFXMBjnak,திருவருட்பா - இரண்டாம் திருமுறை -...,https://www.youtube.com/watch?v=Z7qFXMBjnak,Local film exists; public link needs verification,Needs review,,playlist:Lord Shiva Songs; playlist:Discography; release:திருவருட்பா - இரண்டாம் திருமுறை - திருவடிச் சரண்புகல்
DCJ2qoMSIBA,திருவருட்பா - இரண்டாம் திருமுறை -...,https://www.youtube.com/watch?v=DCJ2qoMSIBA,Local film exists; public link needs verification,Needs review,,playlist:Lord Shiva Songs; playlist:Discography; release:திருவருட்பா - இரண்டாம் திருமுறை - தியாக வண்ணப் பதிகம்
YycgNlQl6Go,திருவோத்தூர் பதிகம் - பூத்தேர்ந்து...,https://www.youtube.com/watch?v=YycgNlQl6Go,Composition coverage recorded; exact version not verified,same composition as existing or reserved film,,playlist:Lord Shiva Songs; playlist:Discography; release:முதல் திருமுறை - திருவோத்தூர் பதிகம் (III)
hDoLscfeg5Q,திருவருட்பா - இரண்டாம் திருமுறை -...,https://www.youtube.com/watch?v=hDoLscfeg5Q,Local film exists; public link needs verification,Needs review,,playlist:Lord Shiva Songs; playlist:Discography; release:திருவருட்பா - இரண்டாம் திருமுறை - திருவருள் வழக்க விளக்கம்
EOkuHFSfv8c,திருவருட்பா - நமச்சிவாய...,https://www.youtube.com/watch?v=EOkuHFSfv8c,Local film exists; public link needs verification,Needs review,,playlist:Lord Shiva Songs; playlist:Discography; release:திருவருட்பா - நமச்சிவாய ஸங்கீர்த்தனம் 2026
hnDLt7aMUwY,பேதைமை (Original),https://www.youtube.com/watch?v=hnDLt7aMUwY,New original song without production or film found,,,release:திருக்குறள் - பேதைமை 2026
4FSNzk1__Hg,பேதைமை (Remix),https://www.youtube.com/watch?v=4FSNzk1__Hg,Remix of newly uncovered original; avoid duplicate composition,,,release:திருக்குறள் - பேதைமை 2026
EgSJqPCUMoo,பழைமை (Original),https://www.youtube.com/watch?v=EgSJqPCUMoo,Source linked to publicly listed film,Published original film: https://www.youtube.com/watch?v=778r-nAUX9Q,778r-nAUX9Q,release:திருக்குறள் - பழைமை 2026
rYJ0GrrDNcM,பழைமை (Remix),https://www.youtube.com/watch?v=rYJ0GrrDNcM,Composition coverage recorded; exact version not verified,Original composition film completed; remix excluded to avoid duplicate song,,release:திருக்குறள் - பழைமை 2026
MCjbrWdQbos,தீ நட்பு (Original),https://www.youtube.com/watch?v=MCjbrWdQbos,Source linked to publicly listed film,Published original film: https://www.youtube.com/watch?v=4zff_qi_G1E,4zff_qi_G1E,release:திருக்குறள் - தீ நட்பு 2026
43lvzK34Nr4,தீ நட்பு (Remix),https://www.youtube.com/watch?v=43lvzK34Nr4,Composition coverage recorded; exact version not verified,Original composition film completed; remix excluded to avoid duplicate song,,release:திருக்குறள் - தீ நட்பு 2026
cwTmzDGpLJw,நட்பு (Original),https://www.youtube.com/watch?v=cwTmzDGpLJw,Source linked to publicly listed film,Published original film: https://www.youtube.com/watch?v=jdvz-yoK5eI,jdvz-yoK5eI,release:திருக்குறள் - நட்பு 2026
rMugAY5ym9E,நட்பு (Remix),https://www.youtube.com/watch?v=rMugAY5ym9E,Composition coverage recorded; exact version not verified,Original composition film completed; remix excluded to avoid duplicate song,,release:திருக்குறள் - நட்பு 2026
aTpCSZFFbow,கூடா நட்பு (Original),https://www.youtube.com/watch?v=aTpCSZFFbow,Source linked to publicly listed film,Published original film: https://www.youtube.com/watch?v=8uX2yl_EnMI,8uX2yl_EnMI,release:திருக்குறள் - கூடா நட்பு 2026
UIHmcAEAtvY,கூடா நட்பு (Remix),https://www.youtube.com/watch?v=UIHmcAEAtvY,Composition coverage recorded; exact version not verified,Original composition film completed; remix excluded to avoid duplicate song,,release:திருக்குறள் - கூடா நட்பு 2026
_ucAGC9MZ_4,நட்பாராய்தல் (Remix),https://www.youtube.com/watch?v=_ucAGC9MZ_4,Composition coverage recorded; exact version not verified,Original composition film completed; remix excluded to avoid duplicate song,,release:திருக்குறள் - நட்பாராய்தல் 2026
VIC7Oj5k2C0,படைச்செருக்கு (Original),https://www.youtube.com/watch?v=VIC7Oj5k2C0,Source linked to publicly listed film,Published original film: https://www.youtube.com/watch?v=79u01V3wbZc,79u01V3wbZc,release:திருக்குறள் - படைச்செருக்கு 2026
h9-Ih0yHFYY,படைச்செருக்கு (Remix),https://www.youtube.com/watch?v=h9-Ih0yHFYY,Composition coverage recorded; exact version not verified,Original composition film completed; remix excluded to avoid duplicate song,,release:திருக்குறள் - படைச்செருக்கு 2026
dEx_Zuc5omc,பொருள்செயல்வகை (Original),https://www.youtube.com/watch?v=dEx_Zuc5omc,Source linked to publicly listed film,Published original film: https://www.youtube.com/watch?v=cR_u-JuGJAU,cR_u-JuGJAU,release:திருக்குறள் - பொருள்செயல்வகை 2026
HNzKqpFcSi0,பொருள்செயல்வகை (Remix),https://www.youtube.com/watch?v=HNzKqpFcSi0,Composition coverage recorded; exact version not verified,Original composition film completed; remix excluded to avoid duplicate song,,release:திருக்குறள் - பொருள்செயல்வகை 2026
