Number,YouTube ID,Title,Source URL,Evidence status,Film / evidence
1,XwlGJp3gqCc,Thennadudaiya Sivaney Potri,https://www.youtube.com/watch?v=XwlGJp3gqCc,ALTERNATE VERSION — completion mapping needs verification,Prior classification: same composition as existing or reserved film; Thennadudaiya Sivaney Potri
2,qQqwD3gjenE,திருப்புலம்பல் 2026 (திருவாசகம்),https://www.youtube.com/watch?v=qQqwD3gjenE,Local film file / publication record found,C:\GitHub\Gurukuladesam-audit\production\shiva-batch-3\thiruppulambal\THIRUPPULAMBAL-CINEMATIC-ritual-v2.mp4 (10986326 bytes)
3,nsWHXJGDYA8,அன்னைப்பத்து (2026) திருவாசகம்,https://www.youtube.com/watch?v=nsWHXJGDYA8,Local film file / publication record found,C:\GitHub\Gurukuladesam-audit\production\shiva-batch-2\annaippathu\ANNAIPPATHU-CINEMATIC-ritual-v2.mp4 (29002550 bytes)
4,o5PVED0ZcfU,திருவெண்பா 2026 (திருவாசகம்) HipHop,https://www.youtube.com/watch?v=o5PVED0ZcfU,Local film file / publication record found,C:\GitHub\Gurukuladesam-audit\production\shiva-offline-02\thiruvenba\THIRUVENBA-FILM.mp4 (15200290 bytes)
5,7WnikKPxo-k,Anandha Maalai,https://www.youtube.com/watch?v=7WnikKPxo-k,Local film file / publication record found,C:\GitHub\Gurukuladesam-audit\production\shiva-next-five\anandha_maalai\ANANDHA_MAALAI-CINEMATIC-v1.mp4 (23139253 bytes)
6,RmggfAhGNXU,திருஏசறவு 2026 (திருவாசகம்),https://www.youtube.com/watch?v=RmggfAhGNXU,Local film file / publication record found,C:\GitHub\Gurukuladesam-audit\production\shiva-batch-4\thiruesaravu\THIRUESARAVU-CINEMATIC-ritual-v2.mp4 (29486101 bytes)
7,CSqgMX4LhJI,பிரார்த்தனைப் பத்து 2026 (திருவாசகம்),https://www.youtube.com/watch?v=CSqgMX4LhJI,Local film file / publication record found,C:\GitHub\Gurukuladesam-audit\production\shiva-batch-5\prarthanai_pathu\PRARTHANAI_PATHU-CINEMATIC-ritual-v2.mp4 (34186629 bytes)
8,rr1zamJEIdg,Pandaaya Naanmarai,https://www.youtube.com/watch?v=rr1zamJEIdg,Local film file / publication record found,C:\GitHub\Gurukuladesam-audit\production\shiva-batch-4\pandaaya_naanmarai\PANDAAYA_NAANMARAI-CINEMATIC-ritual-v2.mp4 (18968674 bytes)
9,M4KRTTyoD_A,Achcho Pathigam,https://www.youtube.com/watch?v=M4KRTTyoD_A,Local film file / publication record found,C:\GitHub\Gurukuladesam-audit\production\shiva-batch-5\achcho_pathigam\ACHCHO_PATHIGAM-CINEMATIC-ritual-v2.mp4 (25423157 bytes)
10,S9WQ-O0tZJI,திருப்படை ஆட்சி 2026 (திருவாசகம்) HipHop,https://www.youtube.com/watch?v=S9WQ-O0tZJI,ALTERNATE VERSION — completion mapping needs verification,Prior classification: same composition as existing or reserved film; Thiruppadai Aatchi
11,2vuuHMEhs20,போற்றித் திருஅகவல் (திருவாசகம்),https://www.youtube.com/watch?v=2vuuHMEhs20,Local film file / publication record found,C:\GitHub\Gurukuladesam-audit\production\shiva-batch-5\potri_thiruagaval\POTRI_THIRUAGAVAL-CINEMATIC-ritual-v2.mp4 (40527389 bytes)
12,u41L3XgIgGc,சிவ புராணம் 2026 | Shiva Puranam (Thiruvasagam),https://www.youtube.com/watch?v=u41L3XgIgGc,ALTERNATE VERSION — completion mapping needs verification,Prior classification: same composition as existing or reserved film; Sivapuranam
13,e9fTnxiiLnc,திருவார்த்தை 2026 (திருவாசகம்),https://www.youtube.com/watch?v=e9fTnxiiLnc,Local film file / publication record found,C:\GitHub\Gurukuladesam-audit\production\shiva-batch-6\thiruvarthai\THIRUVARTHAI-CINEMATIC-ritual-v2.mp4 (46121233 bytes)
14,75W77Q-_Oe8,சென்னிப்பத்து 2026 (திருவாசகம்),https://www.youtube.com/watch?v=75W77Q-_Oe8,Local film file / publication record found,C:\GitHub\Gurukuladesam-audit\production\shiva-batch-3\sennippathu\SENNIPPATHU-CINEMATIC-ritual-v2.mp4 (38560720 bytes)
15,Y0tOS_2Azxs,Siva Puranam 2026 (II) Thiruvasagam,https://www.youtube.com/watch?v=Y0tOS_2Azxs,ALTERNATE VERSION — completion mapping needs verification,Prior classification: same composition as existing or reserved film; Sivapuranam
16,XlCvnE6y9d0,போற்றி திரு அகவல் 2026 Potri Thiru Agaval (Thiruvasagam),https://www.youtube.com/watch?v=XlCvnE6y9d0,ALTERNATE VERSION — completion mapping needs verification,Prior classification: same composition as existing or reserved film; Potri Thiruagaval
17,tCxe5Q1ogPc,Kandha Sashti Kavasam (கந்த சஷ்டி கவசம்),https://www.youtube.com/watch?v=tCxe5Q1ogPc,Local film file / publication record found,Publication record: https://youtu.be/0PvXn4gqlFM | C:\GitHub\Gurukuladesam-audit\production\murugar-batch-7\kandha_sashti_kavasam\KANDHA_SASHTI_KAVASAM-CINEMATIC-v1.mp4 (87097886 bytes)
18,8mzfe5h9JoY,Kandha Sashti Kavasam II (கந்த சஷ்டி கவசம்),https://www.youtube.com/watch?v=8mzfe5h9JoY,Local film file / publication record found,Publication record: https://youtu.be/C2rLIrP3vAA | C:\GitHub\Gurukuladesam-audit\production\murugar-batch-7\kandha_sashti_kavasam_ii\KANDHA_SASHTI_KAVASAM_II-CINEMATIC-v2.mp4 (114829331 bytes)
19,V7dOPmD9aWg,ArutPerunJothi 2026 (அருட்பெருஞ்சோதி அகவல் 1),https://www.youtube.com/watch?v=V7dOPmD9aWg,Prior audit links an existing film,https://youtu.be/GlJrQMMTRhI
20,UUytjlINYLw,Abhirami Andhathi Thuthi (அபிராமி அந்தாதி துதி),https://www.youtube.com/watch?v=UUytjlINYLw,Local film file / publication record found,Publication record: https://youtu.be/2tL-bKjkL18 | C:\GitHub\Gurukuladesam-audit\production\vinayagar-amman-batch-01\abhirami_andhathi\ABHIRAMI-ANDHATHI-THUTHI-FILM.mp4 (7602224 bytes) | C:\GitHub\Gurukuladesam-audit\production\new-unique-batch-2\abhirami\ABHIRAMI-CINEMATIC-v1.mp4 (22127314 bytes)
21,fzoZWnsJReg,Thaaye Karumari 2026 (தாயே கருமாரி),https://www.youtube.com/watch?v=fzoZWnsJReg,Local film file / publication record found,C:\GitHub\Gurukuladesam-audit\production\next-five-image-motion\karumari\THAAYE-KARUMARI-CINEMATIC-v1.mp4 (18562530 bytes)
22,IT_-ioBG69g,Dhanam Tharum Abhirami,https://www.youtube.com/watch?v=IT_-ioBG69g,Local film file / publication record found,C:\GitHub\Gurukuladesam-audit\production\vinayagar-amman-batch-01\dhanam_abhirami\DHANAM-THARUM-ABHIRAMI-FILM-v2.mp4 (17689094 bytes)
23,PVcmqZuROSU,கந்தர் சஷ்டி துதி 2026 (Kandhar Shashti Thuthi),https://www.youtube.com/watch?v=PVcmqZuROSU,ALTERNATE VERSION — completion mapping needs verification,Prior classification: same composition as existing or reserved film; Kandhar Shashti Thuthi
24,On2xoZqBsss,முத்தைத் தரு (திருப்புகழ்),https://www.youtube.com/watch?v=On2xoZqBsss,Local film file / publication record found,C:\GitHub\Gurukuladesam-audit\production\next-five-image-motion\muthai\MUTHAI-THARU-CINEMATIC-v1.mp4 (14104236 bytes)
25,iKIsoxTz5-k,Poovar Senni Mannan (Thiruvasagam) | Yaththirai Paththu,https://www.youtube.com/watch?v=iKIsoxTz5-k,Local film file / publication record found,C:\GitHub\Gurukuladesam-audit\production\shiva-batch-6\poovar_senni\POOVAR_SENNI-CINEMATIC-ritual-v2.mp4 (46702190 bytes)
26,CHWHsVF0V70,திருமந்திரம் (முதல் தந்திரம்),https://www.youtube.com/watch?v=CHWHsVF0V70,Local film file / publication record found,C:\GitHub\Gurukuladesam-audit\production\shiva-batch-4\thirumanthiram\THIRUMANTHIRAM-CINEMATIC-ritual-v2.mp4 (24493708 bytes)
27,gwTtvj-h77g,திருமந்திரம் (முதல் தந்திரம்) 2026,https://www.youtube.com/watch?v=gwTtvj-h77g,ALTERNATE VERSION — completion mapping needs verification,Prior classification: same composition as existing or reserved film; Thirumanthiram
28,j1tzixa2raU,தென்னாடுடைய சிவனே போற்றி! 2026,https://www.youtube.com/watch?v=j1tzixa2raU,ALTERNATE VERSION — completion mapping needs verification,Prior classification: same composition as existing or reserved film; Thennadudaiya Sivaney Potri
29,94drEh5bkH0,108 Saraswathi Potri (108 சரஸ்வதி போற்றி),https://www.youtube.com/watch?v=94drEh5bkH0,Local film file / publication record found,C:\GitHub\Gurukuladesam-audit\production\vinayagar-amman-batch-02\saraswathi_108\SARASWATHI-108-POTRI-FILM.mp4 (56068909 bytes)
30,hp1ctMubVmo,Lakshmi 108 Potri (லக்ஷ்மி 108 போற்றி),https://www.youtube.com/watch?v=hp1ctMubVmo,Local film file / publication record found,C:\GitHub\Gurukuladesam-audit\production\vinayagar-amman-batch-01\lakshmi_108\LAKSHMI-108-POTRI-FILM.mp4 (44857736 bytes)
31,d4-qZaYo-4g,Gayathri Mantra (காயத்ரி மந்திரம்) 2026,https://www.youtube.com/watch?v=d4-qZaYo-4g,Local film file / publication record found,C:\GitHub\Gurukuladesam-audit\production\vinayagar-amman-batch-02\gayathri_mantra\GAYATHRI-MANTRA-2026-FILM.mp4 (59927049 bytes)
32,pF7fYFU5fKs,திருஅருட்பா (திருவடிப் புகழ்ச்சி),https://www.youtube.com/watch?v=pF7fYFU5fKs,Local film file / publication record found,C:\GitHub\Gurukuladesam-audit\production\shiva-next-five\thiruvadi_pugazhchi\THIRUVADI_PUGAZHCHI-CINEMATIC-v1.mp4 (18260266 bytes)
33,bZmif21zNtw,சிவநேச வெண்பா (திருவருட்பா),https://www.youtube.com/watch?v=bZmif21zNtw,Local film file / publication record found,C:\GitHub\Gurukuladesam-audit\production\shiva-batch-3\sivanesa_venba\SIVANESA_VENBA-CINEMATIC-ritual-v2.mp4 (23379664 bytes)
34,AuEZhvVmA90,பிடியதன் உருவுமை,https://www.youtube.com/watch?v=AuEZhvVmA90,Local film file / publication record found,C:\GitHub\Gurukuladesam-audit\production\shiva-batch-8\pidiyathan_uruvumai\PIDIYATHAN_URUVUMAI-CINEMATIC-ritual-v2.mp4 (32612925 bytes)
35,fdB9R7QeXo0,திருவாசகம் | குழைத்த பத்து | 2026,https://www.youtube.com/watch?v=fdB9R7QeXo0,Local film file / publication record found,C:\GitHub\Gurukuladesam-audit\production\shiva-batch-7\kuzhaitha_pathu\KUZHAITHA_PATHU-CINEMATIC-ritual-v2.mp4 (30093800 bytes)
36,jsFIjA8ZOkw,திருவாசகம் - குழைத்த பத்து - 2026 (II),https://www.youtube.com/watch?v=jsFIjA8ZOkw,Local film file / publication record found,C:\GitHub\Gurukuladesam-audit\production\shiva-batch-9\kuzhaitha_pathu_ii\KUZHAITHA_PATHU_II-CINEMATIC-ritual-v2.mp4 (29310138 bytes)
37,CjUD2TU3oAY,குறி கலந்த இசை,https://www.youtube.com/watch?v=CjUD2TU3oAY,Local film file / publication record found,C:\GitHub\Gurukuladesam-audit\production\shiva-batch-2\kuri_kalandha_isai\KURI_KALANDHA_ISAI-CINEMATIC-ritual-v2.mp4 (43246586 bytes)
38,nutm-A24QcM,பிடியதன் உருவுமை,https://www.youtube.com/watch?v=nutm-A24QcM,ALTERNATE VERSION — completion mapping needs verification,Prior classification: same composition as existing or reserved film; Pidiyathan Uruvumai
39,8BPlAB-ZHHk,கடவுளைக் கடலுள் எழு!,https://www.youtube.com/watch?v=8BPlAB-ZHHk,Local film file / publication record found,C:\GitHub\Gurukuladesam-audit\production\shiva-batch-2\kadavulai_kadalul_ezhu\KADAVULAI_KADALUL_EZHU-CINEMATIC-ritual-v2.mp4 (30129021 bytes)
40,y7TMSgzWf8o,அன்னம் பாலிக்கும் தில்லை!,https://www.youtube.com/watch?v=y7TMSgzWf8o,Local film file / publication record found,Publication record: https://youtu.be/0tXyQEAHVNQ | C:\GitHub\Gurukuladesam-audit\production\new-unique-batch-2\annam_paalikkum\ANNAM_PAALIKKUM-CINEMATIC-v1.mp4 (31723772 bytes)
41,jpCBad1MjgI,Arumugam Arumugam,https://www.youtube.com/watch?v=jpCBad1MjgI,Local film file / publication record found,Publication record: https://youtu.be/B6yVe6HM8Ok | C:\GitHub\Gurukuladesam-audit\production\murugar-batch-3\arumugam\ARUMUGAM-CINEMATIC-v1.mp4 (16978260 bytes)
42,XqDL5bZgW9c,Uruvaai Aruvaai (Kandhar Anubhudhi),https://www.youtube.com/watch?v=XqDL5bZgW9c,Local film file / publication record found,Publication record: https://youtu.be/DsbMysGdqv8 | C:\GitHub\Gurukuladesam-audit\production\murugar-batch-3\uruvaai_aruvaai\URUVAAI_ARUVAAI-CINEMATIC-v1.mp4 (14588379 bytes)
43,-unILRjNLHQ,Sree Subramanyar Thiruviruththam,https://www.youtube.com/watch?v=-unILRjNLHQ,ALTERNATE VERSION — completion mapping needs verification,Prior classification: same composition as existing or reserved film; Siva Subramaniyar Thiruvirutham
44,I70WNnsVXtY,Kalla Pizhaiyum,https://www.youtube.com/watch?v=I70WNnsVXtY,Local film file / publication record found,C:\GitHub\Gurukuladesam-audit\production\shiva-batch-4\kalla_pizhaiyum\KALLA_PIZHAIYUM-CINEMATIC-ritual-v2.mp4 (21086054 bytes)
45,J2-tBRFihEQ,Thiru Pallaandu,https://www.youtube.com/watch?v=J2-tBRFihEQ,Local film file / publication record found,C:\GitHub\Gurukuladesam-audit\production\shiva-next-five\thiru_pallaandu\THIRU_PALLAANDU-CINEMATIC-v1.mp4 (18286181 bytes)
46,3oJ2OPG-WCs,முத்தைத் தரு 2026 (திருப்புகழ்),https://www.youtube.com/watch?v=3oJ2OPG-WCs,ALTERNATE VERSION — completion mapping needs verification,Prior classification: same composition as existing or reserved film; Muthai Tharu
47,w0lNqTk3QCU,Abirami Anthathi Thuthi,https://www.youtube.com/watch?v=w0lNqTk3QCU,ALTERNATE VERSION — completion mapping needs verification,Prior classification: same composition as existing or reserved film; Abirami Anthathi Thuthi
48,P-gtNBy8sRE,Mandhiram Aavadhu Neeru,https://www.youtube.com/watch?v=P-gtNBy8sRE,ALTERNATE VERSION — completion mapping needs verification,Prior classification: same composition as existing or reserved film; Thiruneetru Pathigam
49,2QOF2ycA4RQ,Aadhi Yogeeswarar Naama Oli Saranam,https://www.youtube.com/watch?v=2QOF2ycA4RQ,Local film file / publication record found,C:\GitHub\Gurukuladesam-audit\production\shiva-batch-7\aadhi_yogeeswarar\AADHI_YOGEESWARAR-CINEMATIC-ritual-v2.mp4 (17304989 bytes)
50,J7sfVqWuxyU,Thiruvaiyaaru Thirumurai,https://www.youtube.com/watch?v=J7sfVqWuxyU,ALTERNATE VERSION — completion mapping needs verification,Prior classification: same composition as existing or reserved film; Thiruvaiyaaru Thirumurai
51,IhE1OvdIBKs,Kaiththala Niraigani (Thiruppugazh),https://www.youtube.com/watch?v=IhE1OvdIBKs,Local film file / publication record found,C:\GitHub\Gurukuladesam-audit\production\kaiththala-film\KAITHTHALA-NIRAIGANI-CINEMATIC-v1.mp4 (19449210 bytes)
52,468ErjVLRCs,விஷ்ணும் ஜிஷ்ணும்,https://www.youtube.com/watch?v=468ErjVLRCs,Local film file / publication record found,Publication record: https://youtu.be/diblSOvZENA | C:\GitHub\Gurukuladesam-audit\production\batch-next-3\vishnum_jishnum\VISHNUM_JISHNUM-CINEMATIC-v1.mp4 (21044050 bytes)
53,jfXxy-Y9zuA,இராம ராம ராம ஹரே ஹரே!,https://www.youtube.com/watch?v=jfXxy-Y9zuA,Local film file / publication record found,C:\GitHub\Gurukuladesam-audit\production\new-unique-batch\rama_rama\RAMA_RAMA-CINEMATIC-v1.mp4 (24984598 bytes)
54,EXl0IUQXfoU,ஹரே ராமா ஹரே கிருஷ்ணா! I,https://www.youtube.com/watch?v=EXl0IUQXfoU,Local film file / publication record found,C:\GitHub\Gurukuladesam-audit\production\krishnar-batch-03\hare_rama_hare_krishna_1\HARE-RAMA-HARE-KRISHNA-I-FILM.mp4 (24871180 bytes)
55,wnbjHShXh10,ஹரே ராமா ஹரே கிருஷ்ணா!,https://www.youtube.com/watch?v=wnbjHShXh10,Local film file / publication record found,C:\GitHub\Gurukuladesam-audit\production\krishnar-batch-03\hare_rama_hare_krishna_2\HARE-RAMA-HARE-KRISHNA-II-FILM.mp4 (23029918 bytes)
56,fkgEbW9HdtI,மார்கழி திங்கள் (திருப்பாவை),https://www.youtube.com/watch?v=fkgEbW9HdtI,ALTERNATE VERSION — completion mapping needs verification,Prior classification: same composition as existing or reserved film; Thiruppavai 1
57,r3APrd3opOs,ஆதியும் அந்தமும் (திருவெம்பாவை),https://www.youtube.com/watch?v=r3APrd3opOs,Local film file / publication record found,C:\GitHub\Gurukuladesam-audit\production\shiva-next-five\aadhiyum_anthamum\AADHIYUM_ANTHAMUM-CINEMATIC-v1.mp4 (16029016 bytes)
58,phlMcxN_Cfw,வையத்து வாழ்வீர்காள்! (திருப்பாவை),https://www.youtube.com/watch?v=phlMcxN_Cfw,ALTERNATE VERSION — completion mapping needs verification,Prior classification: same composition as existing or reserved film; Thiruppavai 2
59,wC45ZWg05eo,வேண்டுமே இத்தனையும் (திருவெம்பாவை),https://www.youtube.com/watch?v=wC45ZWg05eo,Local film file / publication record found,C:\GitHub\Gurukuladesam-audit\production\shiva-batch-8\vendumey_iththanaiyum\VENDUMEY_ITHTHANAIYUM-CINEMATIC-ritual-v2.mp4 (14351599 bytes)
60,To2l9uyCjMg,ஓங்கி உலகளந்த! (திருப்பாவை),https://www.youtube.com/watch?v=To2l9uyCjMg,Local film file / publication record found,C:\GitHub\Gurukuladesam-audit\production\next-five-image-motion\ongi\ONGI-ULAGALANDHA-CINEMATIC-v1.mp4 (13595420 bytes)
61,28Xnfhctf0I,சம்சாரம் என்பது வீணை (REMIX) 2026,https://www.youtube.com/watch?v=28Xnfhctf0I,Local film file / publication record found,Publication record: https://youtu.be/JGslKeAreOE | C:\GitHub\Gurukuladesam-audit\production\batch-sept-28-02\samsaram_veenai\SAMSARAM_ENBATHU_VEENAI-REMIX-CINEMATIC-v1.mp4 (24733885 bytes)
62,Iky5L-131A4,விழியிலே மலர்ந்தது (REMIX) 2026,https://www.youtube.com/watch?v=Iky5L-131A4,Local film file / publication record found,Publication record: https://youtu.be/mVQJIrLtnCk | C:\GitHub\Gurukuladesam-audit\production\batch-sept-28-01\vizhiyile_malarnthathu\VIZHIYILE_MALARNTHATHU-REMIX-CINEMATIC-v1.mp4 (19867278 bytes)
63,-Gd2dy_L98c,ஏகமாய் அந்தமாய் (மதுவின் மடல்),https://www.youtube.com/watch?v=-Gd2dy_L98c,Local film file / publication record found,Publication record: https://youtu.be/JhdXurT4ohI | C:\GitHub\Gurukuladesam-audit\production\batch-sept-28-01\ekamaai_anthamaai\EKAMAAI_ANTHAMAAI-CINEMATIC-v1.mp4 (15893367 bytes)
64,x8x7cnUdTE4,உள்ளம் ஒரு கோவில் (II) 2026,https://www.youtube.com/watch?v=x8x7cnUdTE4,Local film file / publication record found,Publication record: https://youtu.be/v_Q_vKG_nHo | C:\GitHub\Gurukuladesam-audit\production\batch-sept-27-05\ullam_oru_kovil_ii\ULLAM_ORU_KOVIL_II-CINEMATIC-v1.mp4 (23119199 bytes)
65,zuDJOeLjtcQ,உள்ளம் ஒரு கோவில் 2026,https://www.youtube.com/watch?v=zuDJOeLjtcQ,Local film file / publication record found,Publication record: https://youtu.be/i6XFZE1q9uo | C:\GitHub\Gurukuladesam-audit\production\batch-sept-27-04\ullam_oru_kovil\ULLAM_ORU_KOVIL-CINEMATIC-v1.mp4 (22026684 bytes)
66,pWSY0_0UQwc,திருவோத்தூர் பதிகம் 2026 (சாரம்),https://www.youtube.com/watch?v=pWSY0_0UQwc,ALTERNATE VERSION — completion mapping needs verification,Prior classification: same composition as existing or reserved film; Thiruvothur Pathigam
67,34D_HpbRxfo,திருவோத்தூர் பதிகம் 2026 III,https://www.youtube.com/watch?v=34D_HpbRxfo,ALTERNATE VERSION — completion mapping needs verification,Prior classification: same composition as existing or reserved film; Thiruvothur Pathigam
68,8b2B047SSTo,திருவோத்தூர் பதிகம் 2026 II,https://www.youtube.com/watch?v=8b2B047SSTo,ALTERNATE VERSION — completion mapping needs verification,Prior classification: same composition as existing or reserved film; Thiruvothur Pathigam
69,qjxmrb4fmjA,திருவோத்தூர் பதிகம் 2026 I,https://www.youtube.com/watch?v=qjxmrb4fmjA,ALTERNATE VERSION — completion mapping needs verification,Prior classification: same composition as existing or reserved film; Thiruvothur Pathigam
70,C9Ea0-FfMNs,Naatha Vindhugal (Pazhani Thiruppugazh),https://www.youtube.com/watch?v=C9Ea0-FfMNs,Local film file / publication record found,Publication record: https://youtu.be/nuSx1NgiCuo | C:\GitHub\Gurukuladesam-audit\production\new-unique-batch-2\naatha_vindhugal\NAATHA_VINDHUGAL-CINEMATIC-v1.mp4 (20829831 bytes)
71,l-JJXW1QKdg,Thillai Vazh Anthanar Tham,https://www.youtube.com/watch?v=l-JJXW1QKdg,ALTERNATE VERSION — completion mapping needs verification,Prior classification: same composition as existing or reserved film; Thillai Vazh Anthanar
72,_DHXM8tymn8,Ragupathi Raghava Raja Ram,https://www.youtube.com/watch?v=_DHXM8tymn8,ALTERNATE VERSION — completion mapping needs verification,Prior classification: same composition as existing or reserved film; Raghupati Raghava
73,Q2xax9mIhZw,Dhanam Tharum Abhirami,https://www.youtube.com/watch?v=Q2xax9mIhZw,ALTERNATE VERSION — completion mapping needs verification,Prior classification: same composition as existing or reserved film; Dhanam Tharum Abirami
74,nSQKZ2htJ-o,Maasil Veenaiyum,https://www.youtube.com/watch?v=nSQKZ2htJ-o,ALTERNATE VERSION — completion mapping needs verification,Prior classification: same composition as existing or reserved film; Maasil Veenaiyum
75,6ofQ9hrD1RQ,Thirukkural Vaazkkai Thunai (வாழ்க்கை துணை),https://www.youtube.com/watch?v=6ofQ9hrD1RQ,Local film file / publication record found,C:\GitHub\Gurukuladesam-audit\production\batch-sept-28-10\vaazkkai_thunai\VAAZKKAI_THUNAI-CINEMATIC-v1.mp4 (21879234 bytes)
76,tX4JtRSOuxE,Thirukkural Vaan Sirappu (வான் சிறப்பு),https://www.youtube.com/watch?v=tX4JtRSOuxE,Prior audit links an existing film,https://youtu.be/f1jxgAbXcdE
77,QXhT9uoA7_w,Thirukkural Agara Muthala (அகர முதல எழுத்தெல்லாம்),https://www.youtube.com/watch?v=QXhT9uoA7_w,Local film file / publication record found,C:\GitHub\Gurukuladesam-audit\production\batch-sept-28-10\agara_muthala\AGARA_MUTHALA-CINEMATIC-v1.mp4 (20502993 bytes)
78,sTSKhkPNI64,Vaazvathu Thamiz Aagattum (வாழ்வது தமிழ் ஆகட்டும்),https://www.youtube.com/watch?v=sTSKhkPNI64,Local film file / publication record found,Publication record: https://youtu.be/ZXdIpt_-Pmo | C:\GitHub\Gurukuladesam-audit\production\batch-sept-28-03\vaazvathu_thamiz\VAAZVATHU_THAMIZ-CINEMATIC-v1.mp4 (21671915 bytes)
79,CvDDeKLC4mw,Thayin Manikkodi Paareer! (தாயின் மணிக்கொடி பாரீர்),https://www.youtube.com/watch?v=CvDDeKLC4mw,Local film file / publication record found,Publication record: https://youtu.be/eK--J196v_c | C:\GitHub\Gurukuladesam-audit\production\batch-sept-28-03\thayin_manikkodi\THAYIN_MANIKKODI-CINEMATIC-v1.mp4 (27965651 bytes)
80,OnzFNGriZ24,Thamizh Thaai Vaazththu (தமிழ் தாய் வாழ்த்து),https://www.youtube.com/watch?v=OnzFNGriZ24,Prior audit links an existing film,https://youtu.be/isCeNcUwBTw
81,hoZZgL3xe9k,எண்ணப் பதிகம் (திருவாசகம்),https://www.youtube.com/watch?v=hoZZgL3xe9k,Local film file / publication record found,C:\GitHub\Gurukuladesam-audit\production\shiva-batch-2\enna_pathigam\ENNA_PATHIGAM-CINEMATIC-ritual-v2.mp4 (24257379 bytes)
82,XB7cD-5ye-k,திருப்படை ஆட்சி (திருவாசகம்),https://www.youtube.com/watch?v=XB7cD-5ye-k,Local film file / publication record found,C:\GitHub\Gurukuladesam-audit\production\shiva-batch-7\thiruppadai_aatchi\THIRUPPADAI_AATCHI-CINEMATIC-ritual-v2.mp4 (53509271 bytes)
83,CFEYF0X6fLU,கந்த சஷ்டி கவசம் துதி 2026,https://www.youtube.com/watch?v=CFEYF0X6fLU,Local film file / publication record found,Publication record: https://youtu.be/1hoVaPwWMes | C:\GitHub\Gurukuladesam-audit\production\murugar-batch-7\kandha_shashti_thuthi\KANDHA_SHASHTI_THUTHI-CINEMATIC-v1.mp4 (73553331 bytes)
84,fcWB5HrGeMs,திரு உந்தியார்,https://www.youtube.com/watch?v=fcWB5HrGeMs,Local film file / publication record found,C:\GitHub\Gurukuladesam-audit\production\shiva-batch-3\thiru_undhiyar\THIRU_UNDHIYAR-CINEMATIC-ritual-v2.mp4 (26336737 bytes)
85,xc1iNs05Bkw,திருவெண்பா (hiphop),https://www.youtube.com/watch?v=xc1iNs05Bkw,ALTERNATE VERSION — completion mapping needs verification,Prior classification: same composition as existing or reserved film; Thiruvenba
86,tW9-r0H5rx8,திருப்படை ஆட்சி (hiphop),https://www.youtube.com/watch?v=tW9-r0H5rx8,Local film file / publication record found,C:\GitHub\Gurukuladesam-audit\production\shiva-batch-9\thiruppadai_hiphop\THIRUPPADAI_HIPHOP-CINEMATIC-ritual-v2.mp4 (16556419 bytes)
87,QFCD-U3sT4M,தென்னாடுடைய சிவனே போற்றி! 2026,https://www.youtube.com/watch?v=QFCD-U3sT4M,ALTERNATE VERSION — completion mapping needs verification,Prior classification: same composition as existing or reserved film; Thennadudaiya Sivaney Potri
88,ZZKjQ1SD_mQ,கந்தர் அலங்காரம் 2026,https://www.youtube.com/watch?v=ZZKjQ1SD_mQ,Local film file / publication record found,Publication record: https://youtu.be/eEYBleNgRGU | C:\GitHub\Gurukuladesam-audit\production\murugar-batch-3\kandhar_alangaram\KANDHAR_ALANGARAM-CINEMATIC-v1.mp4 (19358950 bytes)
89,8HUmRJKyxTc,அவிநாசி பத்து!,https://www.youtube.com/watch?v=8HUmRJKyxTc,Local film file / publication record found,C:\GitHub\Gurukuladesam-audit\production\next-five-image-motion\avinasi\AVINASI-PATHU-CINEMATIC-v1.mp4 (13344238 bytes)
90,xqM-FFGFDC4,தில்லை வாழ் அந்தணர்!,https://www.youtube.com/watch?v=xqM-FFGFDC4,Local film file / publication record found,C:\GitHub\Gurukuladesam-audit\production\shiva-batch-6\thillai_vazh_anthanar\THILLAI_VAZH_ANTHANAR-CINEMATIC-ritual-v2.mp4 (32378407 bytes)
91,57X8XwJaB0U,உலகெலாம் உணர்ந்து!,https://www.youtube.com/watch?v=57X8XwJaB0U,Local film file / publication record found,C:\GitHub\Gurukuladesam-audit\production\shiva-next-five\ulagelaam_unarndhu\ULAGELAAM_UNARNDHU-CINEMATIC-v1.mp4 (16713769 bytes)
92,2vQYuvePk9U,திருவையாறு திருமுறை!,https://www.youtube.com/watch?v=2vQYuvePk9U,ALTERNATE VERSION — completion mapping needs verification,Prior classification: same composition as existing or reserved film; Thiruvaiyaaru Thirumurai
93,A2CB3LpJ0Qk,கரைந்து கைதொழுவாரையும்,https://www.youtube.com/watch?v=A2CB3LpJ0Qk,Local film file / publication record found,C:\GitHub\Gurukuladesam-audit\production\shiva-batch-2\karaindhu_kai_thozhuvaaraiyum\KARAINDHU_KAI_THOZHUVAARAIYUM-CINEMATIC-ritual-v2.mp4 (29623274 bytes)
94,xGb7ZXDRvVU,துஞ்சலும் துஞ்சல்,https://www.youtube.com/watch?v=xGb7ZXDRvVU,Local film file / publication record found,C:\GitHub\Gurukuladesam-audit\production\next-song-batch\tunjalum\TUNJALUM-TUNJAL-CINEMATIC-v1.mp4 (28082133 bytes)
95,pYh67ltckLQ,நாள் என் செய்யும்!,https://www.youtube.com/watch?v=pYh67ltckLQ,Local film file / publication record found,C:\GitHub\Gurukuladesam-audit\production\ten-song-batch\naal_en_seyyum\NAAL-EN-SEYYUM-CINEMATIC-v1.mp4 (18933960 bytes) | C:\GitHub\Gurukuladesam-audit\production\ten-more-batch\naal_en_seyyum\NAAL-EN-SEYYUM-TIME-AND-FAITH.mp4 (21721100 bytes)
96,jZI2pTITtBY,திருவருட்பா - வடிவுடை மாணிக்கமாலை !,https://www.youtube.com/watch?v=jZI2pTITtBY,Local film file / publication record found,C:\GitHub\Gurukuladesam-audit\production\vinayagar-amman-batch-02\vadivudai_manikkamalai\VADIVUDAI-MANIKKAMALAI-FILM.mp4 (44080784 bytes)
97,5vieI9fE5Y8,புண்ணிய விளக்கம்,https://www.youtube.com/watch?v=5vieI9fE5Y8,Local film file / publication record found,C:\GitHub\Gurukuladesam-audit\production\shiva-batch-5\punniya_vilakkam\PUNNIYA_VILAKKAM-CINEMATIC-ritual-v2.mp4 (31846925 bytes)
98,SDPLWITWGho,திருவருட்பா - நற்றுணை விளக்கம் 2026,https://www.youtube.com/watch?v=SDPLWITWGho,Local film file / publication record found,C:\GitHub\Gurukuladesam-audit\production\shiva-batch-6\nattrunai_vilakkam\NATTRUNAI_VILAKKAM-CINEMATIC-ritual-v2.mp4 (53565554 bytes)
99,YORF54ouPz0,திருவருட்பா - இரண்டாம் திருமுறை -...,https://www.youtube.com/watch?v=YORF54ouPz0,Local film file / publication record found,C:\GitHub\Gurukuladesam-audit\production\shiva-offline-04\sivapunniya_thetram\SIVAPUNNIYA-THETRAM-FILM.mp4 (49206391 bytes)
100,kshlDPh2IqE,திருவருட்பா - இரண்டாம் திருமுறை -...,https://www.youtube.com/watch?v=kshlDPh2IqE,Local film file / publication record found,C:\GitHub\Gurukuladesam-audit\production\shiva-offline-03\abaraathathu_aatraamai\ABARAATHATHU-AATRAAMAI-FILM.mp4 (20681364 bytes)
101,-bqKXZW8vFk,திருவருட்பா - அருளியல் வினாவல் 2026,https://www.youtube.com/watch?v=-bqKXZW8vFk,Local film file / publication record found,C:\GitHub\Gurukuladesam-audit\production\shiva-batch-7\aruliyal_vinaaval\ARULIYAL_VINAAVAL-CINEMATIC-ritual-v2.mp4 (41255453 bytes)
102,uMK4LISQFE4,திருவருட்பா - திருமுல்லைவாயில்...,https://www.youtube.com/watch?v=uMK4LISQFE4,ALTERNATE VERSION — completion mapping needs verification,Prior classification: same composition as existing or reserved film; Thirumullaivayil
103,73GrCFM_v6Q,திருவருட்பா - திருமுல்லைவாயில்...,https://www.youtube.com/watch?v=73GrCFM_v6Q,Local film file / publication record found,C:\GitHub\Gurukuladesam-audit\production\shiva-offline-05\thirumullaivayil\THIRUMULLAIVAYIL-FILM.mp4 (24640820 bytes)
104,MlaG3Z3_Kck,திருவருட்பா - இரண்டாம் திருமுறை -...,https://www.youtube.com/watch?v=MlaG3Z3_Kck,Local film file / publication record found,C:\GitHub\Gurukuladesam-audit\production\shiva-offline-04\kaatchi_perumitham\KAATCHI-PERUMITHAM-FILM.mp4 (26490441 bytes)
105,nGBmGzsD-kM,create album cover for திருவருட்பா - இரண்டாம்...,https://www.youtube.com/watch?v=nGBmGzsD-kM,Local film file / publication record found,C:\GitHub\Gurukuladesam-audit\production\shiva-offline-05\kodaimada_pugazhchi\KODAIMADA-PUGAZHCHI-FILM.mp4 (32369510 bytes)
106,dbdp19C0j3M,திருவருட்பா - இரண்டாம் திருமுறை -...,https://www.youtube.com/watch?v=dbdp19C0j3M,Local film file / publication record found,C:\GitHub\Gurukuladesam-audit\production\thiruvarutpa-backlog-02\thiruvarul_vetkai\THIRUVARUL_VETKAI-CINEMATIC-v1.mp4 (20317260 bytes)
107,0TB3drCSvNc,திருவருட்பா - இரண்டாம் திருமுறை -...,https://www.youtube.com/watch?v=0TB3drCSvNc,ALTERNATE VERSION — completion mapping needs verification,Prior classification: same composition as completed Thiruvarul Vetkai film; SHIVA-OFFLINE-OWNERSHIP.md; thiruvarutpa-backlog-02 (dbdp19C0j3M)
108,yMrpyhLlDc8,தாமரை மலரே!,https://www.youtube.com/watch?v=yMrpyhLlDc8,Local film file / publication record found,Publication record: https://youtu.be/i8h-2dDFnhI | C:\GitHub\Gurukuladesam-audit\production\batch-sept-27-04\thamarai_malare\THAMARAI_MALARE-CINEMATIC-v1.mp4 (15603252 bytes)
109,LL77sdbmUNE,ஸ்ரீ சிவசண்முக நாம ஸங்கீர்த்தனம் 2026,https://www.youtube.com/watch?v=LL77sdbmUNE,Local film file / publication record found,Publication record: https://youtu.be/FFXImcs5Ehw | C:\GitHub\Gurukuladesam-audit\production\murugar-batch-5\shanmuga_nama\SHANMUGA_NAMA-CINEMATIC-v1.mp4 (28071912 bytes)
110,2_rwWlC09I0,ஸ்மரணாத³ருணாசலம்,https://www.youtube.com/watch?v=2_rwWlC09I0,Local film file / publication record found,C:\GitHub\Gurukuladesam-audit\production\shiva-batch-5\smarana_arunachalam\SMARANA_ARUNACHALAM-CINEMATIC-ritual-v2.mp4 (31418996 bytes)
111,Yvlg_8JBHL4,திகட சக்கர 2026,https://www.youtube.com/watch?v=Yvlg_8JBHL4,Local film file / publication record found,C:\GitHub\Gurukuladesam-audit\production\next-five-image-motion\thigada\THIGADA-SAKKARA-CINEMATIC-v1.mp4 (16292776 bytes)
112,yrmF7nfwnsQ,கோளறு பதிகம் 2026,https://www.youtube.com/watch?v=yrmF7nfwnsQ,Local film file / publication record found,C:\GitHub\Gurukuladesam-audit\production\shiva-batch-3\koalaru_pathigam\KOALARU_PATHIGAM-CINEMATIC-ritual-v2.mp4 (47849995 bytes)
113,kyiaup-gjMc,திருவருட்பா - இரண்டாம் திருமுறை -...,https://www.youtube.com/watch?v=kyiaup-gjMc,Local film file / publication record found,C:\GitHub\Gurukuladesam-audit\production\shiva-offline-03\ezhuthariyum_peruman_maalai\EZHUTHARIYUM-PERUMAN-MAALAI-FILM.mp4 (65896982 bytes)
114,BbDNJdLDy-4,திருப்புலம்பல் 2026 | திருவாசகம் | Tamil Shiva Devotional,https://www.youtube.com/watch?v=BbDNJdLDy-4,Local film file / publication record found,C:\GitHub\Gurukuladesam-audit\production\ten-song-batch\thirupulambal\THIRUPULAMBAL-CINEMATIC-v1.mp4 (12632982 bytes) | C:\GitHub\Gurukuladesam-audit\production\ten-more-batch\thirupulambal\THIRUPULAMBAL-STORM-TO-DAWN.mp4 (13680164 bytes)
115,mb-lljpUJ5g,தென்னாடுடைய சிவனே போற்றி | Thennadudaiya Sivaney Potri,https://www.youtube.com/watch?v=mb-lljpUJ5g,Local film file / publication record found,C:\GitHub\Gurukuladesam-audit\production\ten-song-batch\thennadudaiya\THENNADUDAIYA-SIVANEY-POTRI-CINEMATIC-v1.mp4 (13239554 bytes) | C:\GitHub\Gurukuladesam-audit\production\ten-more-batch\thennadudaiya\THENNADUDAIYA-SIVANEY-POTRI-NEW-JOURNEY.mp4 (14976267 bytes)
116,_6amHDAc8EI,வேதஸார சிவ ஸ்தோத்ரம் | ஆதிசங்கரர் | Tamil Shiva Devotional,https://www.youtube.com/watch?v=_6amHDAc8EI,Local film file / publication record found,C:\GitHub\Gurukuladesam-audit\production\ten-song-batch\vedasar\VEDASAR-SHIVA-STOTRAM-CINEMATIC-v1.mp4 (17660789 bytes) | C:\GitHub\Gurukuladesam-audit\production\ten-more-batch\vedasar\VEDASARA-SHIVA-STOTRAM-SACRED-LANDSCAPES.mp4 (22255862 bytes)
117,4vZEVROZIx8,நமோ நாராயணம் | தசாவதாரம்,https://www.youtube.com/watch?v=4vZEVROZIx8,Local film file / publication record found,C:\GitHub\Gurukuladesam-audit\production\namo-narayanam-image-motion\NAMO-NARAYANAM-CINEMATIC-v1.mp4 (76849484 bytes) | C:\GitHub\Gurukuladesam-audit\production\ten-song-batch\namo\NAMO-NARAYANAM-CINEMATIC-v1.mp4 (61587022 bytes)
118,ETELjf0OTi4,தமிழ்த்தாய் வாழ்த்து,https://www.youtube.com/watch?v=ETELjf0OTi4,Local film file / publication record found,C:\GitHub\Gurukuladesam-audit\production\tamil-thai-image-motion\TAMIL-THAI-VAZHTHU-CINEMATIC-v1.mp4 (42947426 bytes) | C:\GitHub\Gurukuladesam-audit\production\ten-more-batch\tamil_thai\TAMIL-THAI-VAZHTHU-LAND-AND-PEOPLE.mp4 (18941717 bytes)
119,cKyT1Cv7zEA,மாசில் வீணையும்,https://www.youtube.com/watch?v=cKyT1Cv7zEA,Local film file / publication record found,C:\GitHub\Gurukuladesam-audit\production\ten-song-batch\maasil\MAASIL-VEENAIYUM-CINEMATIC-v1.mp4 (46672049 bytes) | C:\GitHub\Gurukuladesam-audit\production\ten-more-batch\maasil\MAASIL-VEENAIYUM-RIVER-MUSIC.mp4 (19059447 bytes)
120,HPP3IG7DWRc,ஹரே கிருஷ்ணா ஹரே ராமா!.m,https://www.youtube.com/watch?v=HPP3IG7DWRc,ALTERNATE VERSION — completion mapping needs verification,Prior classification: same composition as existing or reserved film; Hare Krishna Hare Rama
121,JzGTK1V3dkM,திருநீற்றுப் பதிகம்,https://www.youtube.com/watch?v=JzGTK1V3dkM,Local film file / publication record found,C:\GitHub\Gurukuladesam-audit\production\new-unique-batch\thiruneetru\THIRUNEETRU-CINEMATIC-v1.mp4 (15204400 bytes)
122,W2peLbC20sA,சிவ சுப்ரமணியர் திருவிருத்தம்,https://www.youtube.com/watch?v=W2peLbC20sA,Local film file / publication record found,C:\GitHub\Gurukuladesam-audit\production\new-unique-batch\siva_subramaniya\SIVA_SUBRAMANIYA-CINEMATIC-v1.mp4 (11010096 bytes)
123,Lzkbhp_ehA8,திருப்பாவை - 2 (வையத்து வாழ்வீர்),https://www.youtube.com/watch?v=Lzkbhp_ehA8,ALTERNATE VERSION — completion mapping needs verification,Prior classification: same composition as existing or reserved film; Thiruppavai 2
124,0k9CZLNA2TY,தனந்தரும் கல்விதரும்!,https://www.youtube.com/watch?v=0k9CZLNA2TY,Local film file / publication record found,C:\GitHub\Gurukuladesam-audit\production\new-unique-batch\dhanandharum\DHANANDHARUM-CINEMATIC-v1.mp4 (19660848 bytes)
125,AW4cljBWy2w,பாலும் தெளிர் தேனும்,https://www.youtube.com/watch?v=AW4cljBWy2w,ALTERNATE VERSION — completion mapping needs verification,Prior classification: same composition as existing or reserved film; Paalum Thelithenum
126,aq0j2OMVNoU,நமச்சிவாய வாழ்க! by Children,https://www.youtube.com/watch?v=aq0j2OMVNoU,Local film file / publication record found,C:\GitHub\Gurukuladesam-audit\production\shiva-batch-9\namasivaya_children\NAMASIVAYA_CHILDREN-CINEMATIC-ritual-v2.mp4 (40894568 bytes)
127,Q5G2h9GuGQs,ரகுபதி ராகவ ராஜா ராம்!,https://www.youtube.com/watch?v=Q5G2h9GuGQs,ALTERNATE VERSION — completion mapping needs verification,Prior classification: same composition as existing or reserved film; Raghupati Raghava
128,qWSwrdJMbSg,இராம கிருஷ்ண துதி!,https://www.youtube.com/watch?v=qWSwrdJMbSg,Local film file / publication record found,C:\GitHub\Gurukuladesam-audit\production\krishnar-batch-02\rama_krishna_thuthi\RAMA-KRISHNA-THUTHI-FILM.mp4 (32344645 bytes)
129,2YzLM0yoBlg,கிருஷ்ண மந்திரம் (Female),https://www.youtube.com/watch?v=2YzLM0yoBlg,Local film file / publication record found,C:\GitHub\Gurukuladesam-audit\production\krishnar-batch-01\krishna_mantra_female\KRISHNA-MANTRA-FEMALE-FILM.mp4 (7781836 bytes)
130,izHLRwITs_Q,கிருஷ்ண மந்திரம் I,https://www.youtube.com/watch?v=izHLRwITs_Q,Local film file / publication record found,Publication record: https://youtu.be/xjem5fTKx90 | C:\GitHub\Gurukuladesam-audit\production\batch-next-3\krishna_mantram\KRISHNA_MANTRAM-CINEMATIC-v1.mp4 (17855935 bytes)
131,JkivipMHrzc,கிருஷ்ண மந்திரம் II,https://www.youtube.com/watch?v=JkivipMHrzc,Local film file / publication record found,C:\GitHub\Gurukuladesam-audit\production\krishnar-batch-02\krishna_mantra_2\KRISHNA-MANTRA-II-FILM.mp4 (18707668 bytes)
132,qRqkS1Kf8lA,மகரம் அளறு இடை (Original),https://www.youtube.com/watch?v=qRqkS1Kf8lA,Local film file / publication record found,Publication record: https://youtu.be/XErAOEtZdAU | C:\GitHub\Gurukuladesam-audit\production\murugar-batch-6\magaram_original\MAGARAM_ORIGINAL-CINEMATIC-v1.mp4 (16089176 bytes)
133,cEIEecb51Fc,மகரம் அளறு இடை (Remix),https://www.youtube.com/watch?v=cEIEecb51Fc,Local film file / publication record found,Publication record: https://youtu.be/VMqFjcQtebw | C:\GitHub\Gurukuladesam-audit\production\murugar-batch-6\magaram_remix\MAGARAM_REMIX-CINEMATIC-v1.mp4 (16160707 bytes)
134,89Q2g8AllcE,திருவாசகம் - நடராஜர் பத்து,https://www.youtube.com/watch?v=89Q2g8AllcE,Local film file / publication record found,C:\GitHub\Gurukuladesam-audit\production\shiva-batch-8\natarajar_pathu\NATARAJAR_PATHU-CINEMATIC-ritual-v2.mp4 (103741364 bytes)
135,wXD_lSlfiSQ,நமச்சிவாய வாழ்க! Symphony,https://www.youtube.com/watch?v=wXD_lSlfiSQ,ALTERNATE VERSION — completion mapping needs verification,Prior classification: same composition as existing or reserved film; Sivapuranam
136,YxP_uh3dM18,திருப்புகழ் 712 சீர் உலாவிய...,https://www.youtube.com/watch?v=YxP_uh3dM18,ALTERNATE VERSION — completion mapping needs verification,Prior classification: same composition as existing or reserved film; Thiruppugazh 712
137,iPFEtwdcIxc,திருப்புகழ் 712 சீர் உலாவிய...,https://www.youtube.com/watch?v=iPFEtwdcIxc,Local film file / publication record found,Publication record: https://youtu.be/Nvx3ObuSndM | C:\GitHub\Gurukuladesam-audit\production\murugar-batch-4\seer_ulaaviya\SEER_ULAAVIYA-CINEMATIC-v1.mp4 (15038680 bytes)
138,S4ogw4EfpDY,திருப்புகழ் 566 (இரத்னகிரி I),https://www.youtube.com/watch?v=S4ogw4EfpDY,Local film file / publication record found,Publication record: https://youtu.be/meXI3QsNHhE | C:\GitHub\Gurukuladesam-audit\production\murugar-batch-4\rathinagiri_1\RATHINAGIRI_1-CINEMATIC-v1.mp4 (18099375 bytes)
139,bOxyDZgsI2c,திருப்புகழ் 566 (இரத்னகிரி II),https://www.youtube.com/watch?v=bOxyDZgsI2c,Local film file / publication record found,Publication record: https://youtu.be/FTAB7OBVPPY | C:\GitHub\Gurukuladesam-audit\production\murugar-batch-4\rathinagiri_2\RATHINAGIRI_2-CINEMATIC-v1.mp4 (16438317 bytes)
140,6cE4xUOmSzU,நமச்சிவாய வாழ்க! (சிவ புராணம்),https://www.youtube.com/watch?v=6cE4xUOmSzU,ALTERNATE VERSION — completion mapping needs verification,Prior classification: same composition as existing or reserved film; Sivapuranam
141,I-ZLmvGIiz4,திருவருட்பா - ஆறாம் திருமுறை - சிவ...,https://www.youtube.com/watch?v=I-ZLmvGIiz4,Local film file / publication record found,C:\GitHub\Gurukuladesam-audit\production\thiruvarutpa-backlog-01\siva_pathi_vilakkam\SIVA_PATHI_VILAKKAM-CINEMATIC-v1.mp4 (20483391 bytes) | C:\GitHub\Gurukuladesam-audit\production\shiva-offline-01\siva_pathi_vilakkam\SIVA-PATHI-VILAKKAM-FILM.mp4 (8126512 bytes)
142,zFb2PGEPrr4,திருவோத்தூர் பதிகம் (Original),https://www.youtube.com/watch?v=zFb2PGEPrr4,ALTERNATE VERSION — completion mapping needs verification,Prior classification: same composition as existing or reserved film; Thiruvothur Pathigam
143,oOGRP4cqGP8,திருவோத்தூர் பதிகம் (V),https://www.youtube.com/watch?v=oOGRP4cqGP8,Local film file / publication record found,C:\GitHub\Gurukuladesam-audit\production\shiva-batch-9\thiruvothur_v\THIRUVOTHUR_V-CINEMATIC-ritual-v2.mp4 (18671374 bytes)
144,vZyHNMkm8xU,திருவாசகம் - தென் நாடுடைய சிவனே...,https://www.youtube.com/watch?v=vZyHNMkm8xU,Local film file / publication record found,C:\GitHub\Gurukuladesam-audit\production\shiva-batch-9\thennadudaiya_female\THENNADUDAIYA_FEMALE-CINEMATIC-ritual-v2.mp4 (11200836 bytes)
145,-yxeA6nvNZk,ஈஸ்வர நாமவளி சரணம்! (I),https://www.youtube.com/watch?v=-yxeA6nvNZk,Local film file / publication record found,C:\GitHub\Gurukuladesam-audit\production\shiva-batch-4\eeswara_naamavali_i\EESWARA_NAAMAVALI_I-CINEMATIC-ritual-v2.mp4 (10959993 bytes)
146,zTHsoP6OIAc,ஈஸ்வர நாமவளி சரணம்! (II),https://www.youtube.com/watch?v=zTHsoP6OIAc,Local film file / publication record found,C:\GitHub\Gurukuladesam-audit\production\shiva-batch-6\eeswara_naamavali_ii\EESWARA_NAAMAVALI_II-CINEMATIC-ritual-v2.mp4 (15736107 bytes)
147,zqStqzcFgbM,மகா கணேச பஞ்சரத்னம்,https://www.youtube.com/watch?v=zqStqzcFgbM,Local film file / publication record found,C:\GitHub\Gurukuladesam-audit\production\new-unique-batch\maha_ganesha\MAHA_GANESHA-CINEMATIC-v1.mp4 (33281525 bytes)
148,lAWfE9YSJME,திருவருட்பா - ஆறாம் திருமுறை - பரசிவ...,https://www.youtube.com/watch?v=lAWfE9YSJME,Local film file / publication record found,C:\GitHub\Gurukuladesam-audit\production\thiruvarutpa-backlog-01\parasiva_vanakkam\PARASIVA_VANAKKAM-CINEMATIC-v1.mp4 (17451774 bytes) | C:\GitHub\Gurukuladesam-audit\production\shiva-offline-01\parasiva_vanakkam\PARASIVA-VANAKKAM-FILM.mp4 (3407920 bytes)
149,SLaW0c4zDuc,திருவருட்பா - அன்பு மாலை - 2026 (I),https://www.youtube.com/watch?v=SLaW0c4zDuc,Local film file / publication record found,C:\GitHub\Gurukuladesam-audit\production\shiva-batch-7\anbu_maalai_i\ANBU_MAALAI_I-CINEMATIC-ritual-v2.mp4 (29138024 bytes)
150,4zG1CdYiVxs,திருவருட்பா - அன்பு மாலை - 2026 (II),https://www.youtube.com/watch?v=4zG1CdYiVxs,Local film file / publication record found,C:\GitHub\Gurukuladesam-audit\production\shiva-batch-8\anbu_maalai_ii\ANBU_MAALAI_II-CINEMATIC-ritual-v2.mp4 (16255738 bytes)
151,Z7qFXMBjnak,திருவருட்பா - இரண்டாம் திருமுறை -...,https://www.youtube.com/watch?v=Z7qFXMBjnak,Local film file / publication record found,C:\GitHub\Gurukuladesam-audit\production\shiva-offline-04\thiruvadi_saranpugal\THIRUVADI-SARANPUGAL-FILM.mp4 (25707670 bytes)
152,dUYaclHH6Tk,பெரியாழ்வார் திருமொழி தாலாட்டு 2026 (I),https://www.youtube.com/watch?v=dUYaclHH6Tk,Local film file / publication record found,C:\GitHub\Gurukuladesam-audit\production\krishnar-batch-01\periyazhvar_lullaby_1\PERIYAZHVAR-LULLABY-I-FILM.mp4 (19092540 bytes)
153,GCea1CAcjl8,பெரியாழ்வார் திருமொழி தாலாட்டு 2026 (II),https://www.youtube.com/watch?v=GCea1CAcjl8,Local film file / publication record found,C:\GitHub\Gurukuladesam-audit\production\krishnar-batch-01\periyazhvar_lullaby_2\PERIYAZHVAR-LULLABY-II-FILM.mp4 (18726101 bytes)
154,0W1FqHOYwDc,பெரியாழ்வார் திருமொழி தாலாட்டு 2026 (III),https://www.youtube.com/watch?v=0W1FqHOYwDc,Local film file / publication record found,C:\GitHub\Gurukuladesam-audit\production\krishnar-batch-02\periyazhvar_lullaby_3\PERIYAZHVAR-LULLABY-III-FILM.mp4 (23025236 bytes)
155,juuVtFBK3X8,திருவருட்பா - இரண்டாம் திருமுறை -...,https://www.youtube.com/watch?v=juuVtFBK3X8,Local film file / publication record found,C:\GitHub\Gurukuladesam-audit\production\shiva-offline-03\aadalamudha_pathu\AADALAMUDHA-PATHU-FILM.mp4 (23100800 bytes)
156,DCJ2qoMSIBA,திருவருட்பா - இரண்டாம் திருமுறை -...,https://www.youtube.com/watch?v=DCJ2qoMSIBA,Local film file / publication record found,C:\GitHub\Gurukuladesam-audit\production\shiva-offline-02\thiyaga_vanna_pathigam\THIYAGA-VANNA-PATHIGAM-FILM.mp4 (19943796 bytes)
157,06ZOKy7SSvw,திருவருட்பா - இரண்டாம் திருமுறை -...,https://www.youtube.com/watch?v=06ZOKy7SSvw,Local film file / publication record found,C:\GitHub\Gurukuladesam-audit\production\thiruvarutpa-backlog-01\thiruchathana_deiva_thiram\THIRUCHATHANA_DEIVA_THIRAM-CINEMATIC-v1.mp4 (31933273 bytes)
158,YycgNlQl6Go,திருவோத்தூர் பதிகம் - பூத்தேர்ந்து...,https://www.youtube.com/watch?v=YycgNlQl6Go,ALTERNATE VERSION — completion mapping needs verification,Prior classification: same composition as existing or reserved film; Thiruvothur Pathigam
159,qqpvlkv0mSY,திருவோத்தூர் பதிகம் - பூத்தேர்ந்து...,https://www.youtube.com/watch?v=qqpvlkv0mSY,Local film file / publication record found,C:\GitHub\Gurukuladesam-audit\production\shiva-batch-8\thiruvothur_pathigam\THIRUVOTHUR_PATHIGAM-CINEMATIC-ritual-v2.mp4 (30732021 bytes)
160,hDoLscfeg5Q,திருவருட்பா - இரண்டாம் திருமுறை -...,https://www.youtube.com/watch?v=hDoLscfeg5Q,Local film file / publication record found,C:\GitHub\Gurukuladesam-audit\production\shiva-offline-02\thiruvarul_vazhakka_vilakkam\THIRUVARUL-VAZHAKKA-VILAKKAM-FILM.mp4 (51080380 bytes)
161,6p5A87HdAAI,ஞானத் திருவடி 2026,https://www.youtube.com/watch?v=6p5A87HdAAI,Local film file / publication record found,Publication record: https://youtu.be/UPODVJixLyM | C:\GitHub\Gurukuladesam-audit\production\batch-sept-27-05\gnanath_thiruvadi\GNANATH_THIRUVADI-CINEMATIC-v1.mp4 (25662752 bytes)
162,lw2nEZfR7Kc,அன்பே சரணம்! அருளே சரணம்!,https://www.youtube.com/watch?v=lw2nEZfR7Kc,Local film file / publication record found,Publication record: https://youtu.be/r55zzDkNtF4 | C:\GitHub\Gurukuladesam-audit\production\batch-sept-28-02\anbe_saranam\ANBE_SARANAM-CINEMATIC-v1.mp4 (28652817 bytes) | C:\GitHub\Gurukuladesam-audit\production\batch-sept-27-03\anbe_saranam\ANBE_SARANAM-CINEMATIC-v1.mp4 (30766311 bytes)
163,0gK0asNO-RM,குரு பகவான் துதி 2026,https://www.youtube.com/watch?v=0gK0asNO-RM,Local film file / publication record found,Publication record: https://youtu.be/4-FJ8eh7Als | C:\GitHub\Gurukuladesam-audit\production\batch-sept-27-02\guru_bhagavan\GURU_BHAGAVAN_THUTHI-CINEMATIC-v1.mp4 (23756626 bytes)
164,KOroiTQUE0g,வான் முகில் வழாது பெய்க!,https://www.youtube.com/watch?v=KOroiTQUE0g,Prior audit links an existing film,https://youtu.be/sHSkPTQRtH8
165,RDcw0Bol-cE,திருப்பாவை - 1 (மார்கழி திங்கள்),https://www.youtube.com/watch?v=RDcw0Bol-cE,Local film file / publication record found,C:\GitHub\Gurukuladesam-audit\production\thiruppavai1-image-motion\THIRUPPAVAI-1-CINEMATIC-v1.mp4 (50608688 bytes)
166,xAgvuRIIl6o,திருவையாறு திருமுறை (சாரம்),https://www.youtube.com/watch?v=xAgvuRIIl6o,Local film file / publication record found,C:\GitHub\Gurukuladesam-audit\production\ten-song-batch\thiruvaiyaaru\THIRUVAIYAARU-THIRUMURAI-CINEMATIC-v1.mp4 (17630448 bytes) | C:\GitHub\Gurukuladesam-audit\production\ten-more-batch\thiruvaiyaaru\THIRUVAIYAARU-KAVERI-PILGRIMAGE.mp4 (21700792 bytes)
167,Wf1Ehxt_A5s,ஆலய நாதம் | இந்திய ஹார்மோனிக்கா தியான இசை,https://www.youtube.com/watch?v=Wf1Ehxt_A5s,Local film file / publication record found,C:\GitHub\Gurukuladesam-audit\production\next-song-batch\aalaya_naatham\AALAYA-NAATHAM-CINEMATIC-v1.mp4 (10133904 bytes)
168,aSQrSHA4YtU,திருக்குறள் – பொறை உடைமை,https://www.youtube.com/watch?v=aSQrSHA4YtU,Local film file / publication record found,C:\GitHub\Gurukuladesam-audit\production\ten-song-batch\porai\PORAI-UDAIMAI-CINEMATIC-v1.mp4 (47771451 bytes) | C:\GitHub\Gurukuladesam-audit\production\ten-more-batch\porai\PORAI-UDAIMAI-PATIENCE-STORY.mp4 (23448515 bytes)
169,JDqbpISJjIA,நெஞ்சறிவுறுத்தல் 2026 – பகுதி 1,https://www.youtube.com/watch?v=JDqbpISJjIA,Local film file / publication record found,C:\GitHub\Gurukuladesam-audit\production\next-song-batch\nenjari_part1\NENJARI-VURUTHAL-PART1-CINEMATIC-v1.mp4 (41250761 bytes)
170,7wJJCQrYo04,நெஞ்சறிவுறுத்தல் 2026 – பகுதி 2,https://www.youtube.com/watch?v=7wJJCQrYo04,Local film file / publication record found,C:\GitHub\Gurukuladesam-audit\production\ten-song-batch\nenjari_part2\NENJARI-VURUTHAL-PART2-CINEMATIC-v1.mp4 (15698363 bytes) | C:\GitHub\Gurukuladesam-audit\production\ten-more-batch\nenjari_part2\NENJARI-PART2-COMPASSION-JOURNEY.mp4 (16902186 bytes)
171,Y3xujLwXuBs,இன்னா செய்தாரை,https://www.youtube.com/watch?v=Y3xujLwXuBs,Local film file / publication record found,C:\GitHub\Gurukuladesam-audit\production\ten-song-batch\inna_seidharai\INNA-SEIDHARAI-CINEMATIC-v1.mp4 (23011982 bytes) | C:\GitHub\Gurukuladesam-audit\production\ten-more-batch\inna_seidharai\INNA-SEIDHARAI-KINDNESS-STORY.mp4 (24718094 bytes)
172,HU-f-FpjmTQ,Vaanmugil Vazaadhu Peiga,https://www.youtube.com/watch?v=HU-f-FpjmTQ,Prior audit links an existing film,https://youtu.be/sHSkPTQRtH8
173,7NECOtuTZ_Y,Anjaneyar Thuthi,https://www.youtube.com/watch?v=7NECOtuTZ_Y,Local film file / publication record found,Publication record: https://youtu.be/uGdn0wzpH6c | C:\GitHub\Gurukuladesam-audit\production\batch-next-3\anjaneyar_thuthi\ANJANEYAR_THUTHI-CINEMATIC-v1.mp4 (25161078 bytes)
174,gre-26HFBfA,அருட்பெருஞ்சோதி 2026 VI,https://www.youtube.com/watch?v=gre-26HFBfA,Local film file / publication record found,Publication record: https://youtu.be/GlJrQMMTRhI | C:\GitHub\Gurukuladesam-audit\production\batch-sept-28-09\arutperunjothi_vi\ARUTPERUNJOTHI_VI-CINEMATIC-v1.mp4 (52967167 bytes)
175,-ZkM45zylxs,அருட்பெருஞ்சோதி 2026 V,https://www.youtube.com/watch?v=-ZkM45zylxs,Local film file / publication record found,Publication record: https://youtu.be/-CsF4lE2UfA | C:\GitHub\Gurukuladesam-audit\production\batch-sept-28-08\arutperunjothi_v\ARUTPERUNJOTHI_V-CINEMATIC-v1.mp4 (20420257 bytes)
176,RtHz7rTLNHk,அருட்பெருஞ்சோதி 2026 IV,https://www.youtube.com/watch?v=RtHz7rTLNHk,Local film file / publication record found,Publication record: https://youtu.be/lG5AT1rN9Us | C:\GitHub\Gurukuladesam-audit\production\batch-sept-28-08\arutperunjothi_iv\ARUTPERUNJOTHI_IV-CINEMATIC-v1.mp4 (22182696 bytes)
177,3youy-33GtY,அருட்பெருஞ்சோதி 2026 III,https://www.youtube.com/watch?v=3youy-33GtY,Local film file / publication record found,Publication record: https://youtu.be/WhqZ0ttDYYc | C:\GitHub\Gurukuladesam-audit\production\batch-sept-28-08\arutperunjothi_iii\ARUTPERUNJOTHI_III-CINEMATIC-v1.mp4 (32493555 bytes)
178,00BGSFBWdlA,அருட்பெருஞ்சோதி 2026 II,https://www.youtube.com/watch?v=00BGSFBWdlA,Local film file / publication record found,Publication record: https://youtu.be/HD3EgOlDLJ0 | C:\GitHub\Gurukuladesam-audit\production\batch-sept-28-07\arutperunjothi_ii\ARUTPERUNJOTHI_II-CINEMATIC-v1.mp4 (48791762 bytes)
179,9PUF7elNSOU,அருட்பெருஞ்சோதி 2026,https://www.youtube.com/watch?v=9PUF7elNSOU,Local film file / publication record found,C:\GitHub\Gurukuladesam-audit\production\new-unique-batch\arutperunjothi\ARUTPERUNJOTHI-CINEMATIC-v1.mp4 (28770397 bytes)
180,Bq6eGijG9T4,இந்திய தேசிய கீதம் 2026,https://www.youtube.com/watch?v=Bq6eGijG9T4,Local film file / publication record found,Publication record: https://youtu.be/tMnJYH0SR9c | C:\GitHub\Gurukuladesam-audit\production\batch-sept-28-03\indian_anthem\INDIAN_NATIONAL_ANTHEM-CINEMATIC-v1.mp4 (20494817 bytes)
181,MDK8Oq7p1j8,கொன்றை வேந்தன்!,https://www.youtube.com/watch?v=MDK8Oq7p1j8,Local film file / publication record found,Publication record: https://youtu.be/fRoTy3NdaLo | C:\GitHub\Gurukuladesam-audit\production\batch-sept-27-03\konrai_vendhan\KONRAI_VENDHAN-CINEMATIC-v1.mp4 (24228684 bytes)
182,tAlN-7BPL7k,சொற்பெரு மெய்ஞான,https://www.youtube.com/watch?v=tAlN-7BPL7k,Local film file / publication record found,Publication record: https://youtu.be/Q57FSOLDMU0 | C:\GitHub\Gurukuladesam-audit\production\batch-sept-27-05\sorpperu_meygnana\SORPPERU_MEYGNANA-CINEMATIC-v1.mp4 (22447808 bytes)
183,5gzJXgmt7AY,திருவருட்பா - திருவருண் முறையீடு,https://www.youtube.com/watch?v=5gzJXgmt7AY,Local film file / publication record found,Publication record: https://youtu.be/s7idxr-uVfQ | C:\GitHub\Gurukuladesam-audit\production\batch-sept-28-04\thiruvarun_muraiyidu\THIRUVARUN_MURAIYIDU-CINEMATIC-v1.mp4 (30308150 bytes)
184,kkDJM6dKTxs,திருவருட்பா - இங்கித மாலை 2026,https://www.youtube.com/watch?v=kkDJM6dKTxs,Local film file / publication record found,Publication record: https://youtu.be/hfv9Ys99fZU | C:\GitHub\Gurukuladesam-audit\production\batch-sept-28-04\ingitha_maalai\INGITHA_MAALAI-CINEMATIC-v1.mp4 (33845149 bytes)
185,ZsxGP1jIZ-s,அருள் நாம விளக்கம்,https://www.youtube.com/watch?v=ZsxGP1jIZ-s,Local film file / publication record found,Publication record: https://youtu.be/HXLltX2BPig | C:\GitHub\Gurukuladesam-audit\production\batch-sept-27-03\arul_nama_vilakkam\ARUL_NAMA_VILAKKAM-CINEMATIC-v1.mp4 (29155088 bytes)
186,7TlWCD9pa_0,திருவருட்பா - இரண்டாம் திருமுறை -...,https://www.youtube.com/watch?v=7TlWCD9pa_0,Local film file / publication record found,Publication record: https://youtu.be/M2YC8urOH0M | C:\GitHub\Gurukuladesam-audit\production\batch-sept-28-05\muthi_upayam\MUTHI_UPAYAM-CINEMATIC-v1.mp4 (24444286 bytes)
187,1wD_X2LHCmw,திருவசிய மந்திரம் 2026,https://www.youtube.com/watch?v=1wD_X2LHCmw,Local film file / publication record found,Publication record: https://youtu.be/peEwj9A2blw | C:\GitHub\Gurukuladesam-audit\production\batch-sept-27-04\thiruvasiyam_mantra\THIRUVASIYAM_MANTRA-CINEMATIC-v1.mp4 (21773554 bytes)
188,PLBuPRdKMHE,திருவருட்பா - இரண்டாம் திருமுறை -...,https://www.youtube.com/watch?v=PLBuPRdKMHE,Local film file / publication record found,Publication record: https://youtu.be/BxQ4c9VPwAo | C:\GitHub\Gurukuladesam-audit\production\batch-sept-28-07\aparadha_iii\APARADHA_VINNAPPAM_III-CINEMATIC-v1.mp4 (23361519 bytes)
189,-9bZmHzYO2g,திருவருட்பா - இரண்டாம் திருமுறை -...,https://www.youtube.com/watch?v=-9bZmHzYO2g,Local film file / publication record found,Publication record: https://youtu.be/fg2YbSBo1Sk | C:\GitHub\Gurukuladesam-audit\production\batch-sept-28-05\aparadha_ii\APARADHA_VINNAPPAM_II-CINEMATIC-v1.mp4 (22250941 bytes)
190,4UGFfmEpphI,திருவருட்பா - இரண்டாம் திருமுறை -...,https://www.youtube.com/watch?v=4UGFfmEpphI,Local film file / publication record found,Publication record: https://youtu.be/-cmB2_XZqs0 | C:\GitHub\Gurukuladesam-audit\production\batch-sept-28-05\aparadha_i\APARADHA_VINNAPPAM_I-CINEMATIC-v1.mp4 (25405564 bytes)
191,VyUqD3ZO3BU,திருவருட்பா - இரண்டாம் திருமுறை -...,https://www.youtube.com/watch?v=VyUqD3ZO3BU,Local film file / publication record found,Publication record: https://youtu.be/lg5W3VaLQNQ | C:\GitHub\Gurukuladesam-audit\production\batch-sept-28-06\arivarum_perumai\ARIVARUM_PERUMAI-CINEMATIC-v1.mp4 (28197713 bytes)
192,cVbT38ujUTQ,திருவருட்பா - இரண்டாம் திருமுறை -...,https://www.youtube.com/watch?v=cVbT38ujUTQ,Local film file / publication record found,Publication record: https://youtu.be/NjHDFS3cftg | C:\GitHub\Gurukuladesam-audit\production\batch-sept-28-06\arulvidai_vetkai\ARULVIDAI_VETKAI-CINEMATIC-v1.mp4 (28682402 bytes)
193,4qnq1zW63hI,திருவருட்பா - ஆறாம் திருமுறை - பதி...,https://www.youtube.com/watch?v=4qnq1zW63hI,Local film file / publication record found,Publication record: https://youtu.be/-7ppYdnUdVk | C:\GitHub\Gurukuladesam-audit\production\batch-sept-28-04\aaram_thirumurai\AARAM_THIRUMURAI-CINEMATIC-v1.mp4 (29102299 bytes)
194,K0N0k3mNh_w,அன்னை ரேணுகாம்பாள் துதி,https://www.youtube.com/watch?v=K0N0k3mNh_w,Local film file / publication record found,C:\GitHub\Gurukuladesam-audit\production\renukambal-image-motion\ANNAI-RENUKAMBAL-CINEMATIC-v1.mp4 (26258500 bytes)
195,DYAKkr0e5jU,திரு சனி பகவான் துதி 2026,https://www.youtube.com/watch?v=DYAKkr0e5jU,Local film file / publication record found,Publication record: https://youtu.be/mIC0hJwu8F0 | C:\GitHub\Gurukuladesam-audit\production\batch-sept-27-02\sani_thuthi\SANI_BHAGAVAN_THUTHI-CINEMATIC-v1.mp4 (24391905 bytes)
196,WMtIb1EHwGw,திரு சனி பகவான் பதிகம் 2026,https://www.youtube.com/watch?v=WMtIb1EHwGw,Local film file / publication record found,Publication record: https://youtu.be/MtV5wS61MsM | C:\GitHub\Gurukuladesam-audit\production\batch-sept-27-02\sani_pathigam\SANI_BHAGAVAN_PATHIGAM-CINEMATIC-v1.mp4 (26405030 bytes)
197,XelTS98bLec,திருவருட்பா - இரண்டாம் திருமுறை -...,https://www.youtube.com/watch?v=XelTS98bLec,Local film file / publication record found,Publication record: https://youtu.be/l3E27q5r-nk | C:\GitHub\Gurukuladesam-audit\production\batch-sept-28-07\thiruppugazh_vilasam\THIRUPPUGAZH_VILASAM-CINEMATIC-v1.mp4 (19502188 bytes)
198,8KQc368hCmg,திருவருட்பா - இரண்டாம் திருமுறை -...,https://www.youtube.com/watch?v=8KQc368hCmg,Local film file / publication record found,Publication record: https://youtu.be/g3tE-_-cZgQ | C:\GitHub\Gurukuladesam-audit\production\batch-sept-28-06\nenjodu_nerthal\NENJODU_NERTHAL-CINEMATIC-v1.mp4 (28077829 bytes)
199,QTxWZpg6F98,உலகமெலாந் தனிநிறைந்த!,https://www.youtube.com/watch?v=QTxWZpg6F98,Local film file / publication record found,Publication record: https://youtu.be/dwYw5_W4g4A | C:\GitHub\Gurukuladesam-audit\production\batch-sept-28-02\ulagamelan\ULAGAMELAN_CINEMATIC-v1.mp4 (34152020 bytes)
200,r2ulXHQihY0,நெஞ்சறிவுறுத்தல் - ஒன்றாய்ப் பலவாய்!,https://www.youtube.com/watch?v=r2ulXHQihY0,Prior audit links an existing film,https://youtu.be/KFtS403RfbY | https://youtu.be/R8OyFbqJJEw
201,RVMUEr1MOFo,பாலும் தெளிர் தேனும் | Full Music Video,https://www.youtube.com/watch?v=RVMUEr1MOFo,Film listed publicly (title evidence),Public film
202,kA_mQ4bRB2E,திருக்குறள் - கடவுள் வாழ்த்து,https://www.youtube.com/watch?v=kA_mQ4bRB2E,Local film file / publication record found,C:\GitHub\Gurukuladesam-audit\production\thirukkural-batch-01\kadavul_vazhthu\KADAVUL-VAZHTHU-FILM.mp4 (22874094 bytes)
203,v_dsHTOvKP8,திருக்குறள் இல்வாழ்க்கை,https://www.youtube.com/watch?v=v_dsHTOvKP8,Local film file / publication record found,C:\GitHub\Gurukuladesam-audit\production\thirukkural-batch-01\ilvazhkkai\ILVAZHKKAI-FILM.mp4 (19019248 bytes)
204,lneosghJWgs,திருக்குறள் அன்புடைமை,https://www.youtube.com/watch?v=lneosghJWgs,ALTERNATE VERSION — completion mapping needs verification,Prior classification: alternate recording of covered Thirukkural chapter; playlist-audit/thirukkural-production-completion-2026-09-28.json
205,EChaj0wXk_0,திருக்குறள் - அருளுடைமை,https://www.youtube.com/watch?v=EChaj0wXk_0,Local film file / publication record found,C:\GitHub\Gurukuladesam-audit\production\thirukkural-batch-01\aruludaimai\ARULUDAIMAI-FILM.mp4 (17759189 bytes)
206,h2q-ADrbBc4,திருக்குறள் - புலால் உண்ணாமை,https://www.youtube.com/watch?v=h2q-ADrbBc4,Local film file / publication record found,C:\GitHub\Gurukuladesam-audit\production\thirukkural-batch-02\pulal_unnamai\PULAL-UNNAMAI-FILM.mp4 (21876910 bytes)
207,IEk-wwY3rC8,திருக்குறள் - தவம்,https://www.youtube.com/watch?v=IEk-wwY3rC8,Local film file / publication record found,C:\GitHub\Gurukuladesam-audit\production\thirukkural-batch-02\thavam\THAVAM-FILM.mp4 (20593237 bytes)
208,mvOSVEFhvDc,கூடா ஒழுக்கம் (Original),https://www.youtube.com/watch?v=mvOSVEFhvDc,Local film file / publication record found,C:\GitHub\Gurukuladesam-audit\production\thirukkural-batch-02\kooda_ozhukkam\KOODA-OZHUKKAM-FILM.mp4 (19413909 bytes)
209,NxZf0eRutEY,கூடா ஒழுக்கம் (Symphony),https://www.youtube.com/watch?v=NxZf0eRutEY,ALTERNATE VERSION — completion mapping needs verification,Prior classification: alternate recording of covered Thirukkural chapter; playlist-audit/thirukkural-production-completion-2026-09-28.json
210,h4Pc0KxvnRo,கள்ளாமை (Original),https://www.youtube.com/watch?v=h4Pc0KxvnRo,Local film file / publication record found,C:\GitHub\Gurukuladesam-audit\production\thirukkural-backlog-04\kallaamai\KALLAAMAI-CINEMATIC-v1.mp4 (17276072 bytes)
211,jXOalu0JJoA,கள்ளாமை (Symphony),https://www.youtube.com/watch?v=jXOalu0JJoA,ALTERNATE VERSION — completion mapping needs verification,Prior classification: alternate recording of covered Thirukkural chapter; playlist-audit/thirukkural-production-completion-2026-09-28.json
212,BoOWFaOGczE,வாய்மை (Original),https://www.youtube.com/watch?v=BoOWFaOGczE,Local film file / publication record found,C:\GitHub\Gurukuladesam-audit\production\thirukkural-batch-05\vaaimai\VAAIMAI-FILM.mp4 (16882530 bytes) | C:\GitHub\Gurukuladesam-audit\production\thirukkural-backlog-14\vaaimai\VAAIMAI-CINEMATIC-v1.mp4 (17772468 bytes)
213,R-5gWfRNMts,வாய்மை (Remix),https://www.youtube.com/watch?v=R-5gWfRNMts,ALTERNATE VERSION — completion mapping needs verification,Prior classification: alternate recording of covered Thirukkural chapter; playlist-audit/thirukkural-production-completion-2026-09-28.json
214,WM8EPZ4KK2s,திருக்குறள் - வெகுளாமை 2026,https://www.youtube.com/watch?v=WM8EPZ4KK2s,Local film file / publication record found,C:\GitHub\Gurukuladesam-audit\production\thirukkural-backlog-10\vegulaamai\VEGULAAMAI-CINEMATIC-v1.mp4 (20857152 bytes)
215,rBeSH7tNEzA,திருக்குறள் - கொல்லாமை,https://www.youtube.com/watch?v=rBeSH7tNEzA,Local film file / publication record found,C:\GitHub\Gurukuladesam-audit\production\thirukkural-backlog-09\kollaamai\KOLLAAMAI-CINEMATIC-v1.mp4 (20109760 bytes)
216,A86cP9ae6Vs,திருக்குறள் - மெய்யுணர்தல்,https://www.youtube.com/watch?v=A86cP9ae6Vs,Local film file / publication record found,C:\GitHub\Gurukuladesam-audit\production\thirukkural-backlog-10\meyyunarithal\MEYYUNARITHAL-CINEMATIC-v1.mp4 (14209740 bytes)
217,C7PTFCAFIRI,திருக்குறள் - அவா அறுத்தல்,https://www.youtube.com/watch?v=C7PTFCAFIRI,Local film file / publication record found,C:\GitHub\Gurukuladesam-audit\production\thirukkural-backlog-08\avaa_aruththal\AVAA_ARUTHTHAL-CINEMATIC-v1.mp4 (16186732 bytes)
218,scUcWDtCge8,திருக்குறள் - ஊழ் வினை,https://www.youtube.com/watch?v=scUcWDtCge8,Local film file / publication record found,C:\GitHub\Gurukuladesam-audit\production\thirukkural-backlog-08\oozh_vinai\OOZH_VINAI-CINEMATIC-v1.mp4 (18914876 bytes)
219,K6mhIh64XE8,திருக்குறள் - இறை மாட்சி,https://www.youtube.com/watch?v=K6mhIh64XE8,Local film file / publication record found,C:\GitHub\Gurukuladesam-audit\production\thirukkural-backlog-08\irai_maatchi\IRAI_MAATCHI-CINEMATIC-v1.mp4 (15681639 bytes)
220,_Ceq0AzIQ9c,திருக்குறள் -  கல்வி,https://www.youtube.com/watch?v=_Ceq0AzIQ9c,Local film file / publication record found,C:\GitHub\Gurukuladesam-audit\production\kalvi-image-motion\KALVI-CINEMATIC-v2.mp4 (41626505 bytes) | C:\GitHub\Gurukuladesam-audit\production\kalvi-image-motion\KALVI-CINEMATIC-v3-UNIQUE-IMAGES.mp4 (49517586 bytes) | C:\GitHub\Gurukuladesam-audit\production\kalvi-image-motion\KALVI-FULL-IMAGE-MOTION-REVIEW-v1.mp4 (42523505 bytes)
221,L-FvFZeT_cQ,இடனறிதல் (Original),https://www.youtube.com/watch?v=L-FvFZeT_cQ,Local film file / publication record found,C:\GitHub\Gurukuladesam-audit\production\thirukkural-backlog-03\idanarithal\IDANARITHAL-CINEMATIC-v1.mp4 (23595666 bytes)
222,0DoegY9d0ZM,இடனறிதல் (Remix),https://www.youtube.com/watch?v=0DoegY9d0ZM,ALTERNATE VERSION — completion mapping needs verification,Prior classification: alternate recording of covered Thirukkural chapter; playlist-audit/thirukkural-production-completion-2026-09-28.json
223,WKCMHUFbf2Q,துறவு (Original),https://www.youtube.com/watch?v=WKCMHUFbf2Q,Local film file / publication record found,C:\GitHub\Gurukuladesam-audit\production\thirukkural-backlog-10\thuravu\THURAVU-CINEMATIC-v1.mp4 (18786859 bytes)
224,QAv04nxeH4c,துறவு (Female),https://www.youtube.com/watch?v=QAv04nxeH4c,ALTERNATE VERSION — completion mapping needs verification,Prior classification: alternate recording of covered Thirukkural chapter; playlist-audit/thirukkural-production-completion-2026-09-28.json
225,rq7PXPBI7SA,துறவு (Symphony),https://www.youtube.com/watch?v=rq7PXPBI7SA,ALTERNATE VERSION — completion mapping needs verification,Prior classification: alternate recording of covered Thirukkural chapter; playlist-audit/thirukkural-production-completion-2026-09-28.json
226,LjiR9PIRl8o,துறவு (Rock),https://www.youtube.com/watch?v=LjiR9PIRl8o,ALTERNATE VERSION — completion mapping needs verification,Prior classification: alternate recording of covered Thirukkural chapter; playlist-audit/thirukkural-production-completion-2026-09-28.json
227,diUv8fkOqv0,காலமறிதல் (Original),https://www.youtube.com/watch?v=diUv8fkOqv0,Local film file / publication record found,C:\GitHub\Gurukuladesam-audit\production\thirukkural-backlog-05\kaalamarithal\KAALAMARITHAL-CINEMATIC-v1.mp4 (21502483 bytes)
228,cUt716Zafy0,காலமறிதல் (Remix),https://www.youtube.com/watch?v=cUt716Zafy0,ALTERNATE VERSION — completion mapping needs verification,Prior classification: alternate recording of covered Thirukkural chapter; playlist-audit/thirukkural-production-completion-2026-09-28.json
229,Js6Vepbegr8,வலியறிதல் (Original),https://www.youtube.com/watch?v=Js6Vepbegr8,Local film file / publication record found,C:\GitHub\Gurukuladesam-audit\production\thirukkural-batch-05\valiyarithal\VALIYARITHAL-FILM.mp4 (21212627 bytes) | C:\GitHub\Gurukuladesam-audit\production\thirukkural-backlog-14\valiyarithal\VALIYARITHAL-CINEMATIC-v1.mp4 (23751740 bytes)
230,FS5fUOxZySE,வலியறிதல் (Remix),https://www.youtube.com/watch?v=FS5fUOxZySE,ALTERNATE VERSION — completion mapping needs verification,Prior classification: alternate recording of covered Thirukkural chapter; playlist-audit/thirukkural-production-completion-2026-09-28.json
231,aTFvlXMPBSE,பெரியாரைத் துணைக்கோடல் (Original),https://www.youtube.com/watch?v=aTFvlXMPBSE,Local film file / publication record found,C:\GitHub\Gurukuladesam-audit\production\thirukkural-batch-03\periyaarai_thunaikkodal\PERIYAARAI-THUNAIKKODAL-FILM.mp4 (19015163 bytes) | C:\GitHub\Gurukuladesam-audit\production\thirukkural-backlog-12\periyaarai_thunaikkodal\PERIYAARAI_THUNAIKKODAL-CINEMATIC-v1.mp4 (19422273 bytes)
232,2Pun6K7h984,பெரியாரைத் துணைக்கோடல் (Remix),https://www.youtube.com/watch?v=2Pun6K7h984,ALTERNATE VERSION — completion mapping needs verification,Prior classification: alternate recording of covered Thirukkural chapter; playlist-audit/thirukkural-production-completion-2026-09-28.json
233,FkQqysk6vmE,அறிவுடைமை (Original),https://www.youtube.com/watch?v=FkQqysk6vmE,Local film file / publication record found,C:\GitHub\Gurukuladesam-audit\production\thirukkural-backlog-02\arivudaimai\ARIVUDAIMAI-CINEMATIC-v1.mp4 (20668000 bytes)
234,0bz1myKXoJQ,அறிவுடைமை (Remix),https://www.youtube.com/watch?v=0bz1myKXoJQ,ALTERNATE VERSION — completion mapping needs verification,Prior classification: alternate recording of covered Thirukkural chapter; playlist-audit/thirukkural-production-completion-2026-09-28.json
235,bUepGv6PJQA,அறிவுடைமை (Pop),https://www.youtube.com/watch?v=bUepGv6PJQA,ALTERNATE VERSION — completion mapping needs verification,Prior classification: alternate recording of covered Thirukkural chapter; playlist-audit/thirukkural-production-completion-2026-09-28.json
236,5-z9v-1INWg,சிற்றினம் சேராமை (Original),https://www.youtube.com/watch?v=5-z9v-1INWg,Local film file / publication record found,C:\GitHub\Gurukuladesam-audit\production\thirukkural-backlog-06\sitrinam_seraamai\SITRINAM_SERAAMAI-CINEMATIC-v1.mp4 (20513543 bytes)
237,UyCe3KLqY_8,சிற்றினம் சேராமை (Remix),https://www.youtube.com/watch?v=UyCe3KLqY_8,ALTERNATE VERSION — completion mapping needs verification,Prior classification: alternate recording of covered Thirukkural chapter; playlist-audit/thirukkural-production-completion-2026-09-28.json
238,2_TfLljo1qg,குற்றங்கடிதல் (Original),https://www.youtube.com/watch?v=2_TfLljo1qg,Local film file / publication record found,C:\GitHub\Gurukuladesam-audit\production\thirukkural-backlog-05\kuttrankadithal\KUTTRANKADITHAL-CINEMATIC-v1.mp4 (15287135 bytes)
239,OzejLLvDq5s,குற்றங்கடிதல் (Remix),https://www.youtube.com/watch?v=OzejLLvDq5s,ALTERNATE VERSION — completion mapping needs verification,Prior classification: alternate recording of covered Thirukkural chapter; playlist-audit/thirukkural-production-completion-2026-09-28.json
240,3CICxCn-4A0,கேள்விச் செல்வம் (Original),https://www.youtube.com/watch?v=3CICxCn-4A0,Local film file / publication record found,C:\GitHub\Gurukuladesam-audit\production\thirukkural-backlog-06\kelvi_selvam\KELVI_SELVAM-CINEMATIC-v1.mp4 (16957023 bytes)
241,r75xdfETSbE,கேள்விச் செல்வம் (Remix),https://www.youtube.com/watch?v=r75xdfETSbE,ALTERNATE VERSION — completion mapping needs verification,Prior classification: alternate recording of covered Thirukkural chapter; playlist-audit/thirukkural-production-completion-2026-09-28.json
242,9YAr421Ft00,திருக்குறள் - கல்லாமை,https://www.youtube.com/watch?v=9YAr421Ft00,Local film file / publication record found,C:\GitHub\Gurukuladesam-audit\production\thirukkural-backlog-09\kallaamai_learning\KALLAAMAI_LEARNING-CINEMATIC-v1.mp4 (21432812 bytes)
243,YL6ocN5OMzI,திருக்குறள் - நிலையாமை 2026,https://www.youtube.com/watch?v=YL6ocN5OMzI,Local film file / publication record found,C:\GitHub\Gurukuladesam-audit\production\thirukkural-backlog-09\nilaiyaamai\NILAIYAAMAI-CINEMATIC-v1.mp4 (17045965 bytes)
244,jO2i4bcZ2ts,அன்புடைமை | Anbudaimai Cinematic Thirukkural Film,https://www.youtube.com/watch?v=jO2i4bcZ2ts,Film listed publicly (title evidence),Public film
245,9mOpq9daQVs,அவையறிதல் (Original),https://www.youtube.com/watch?v=9mOpq9daQVs,Local film file / publication record found,C:\GitHub\Gurukuladesam-audit\production\thirukkural-backlog-02\avaiyarithal\AVAIYARITHAL-CINEMATIC-v1.mp4 (14160483 bytes)
246,kdZSlrXEfvs,அவை அஞ்சாமை (Female),https://www.youtube.com/watch?v=kdZSlrXEfvs,ALTERNATE VERSION — completion mapping needs verification,Prior classification: alternate recording of covered Thirukkural chapter; playlist-audit/thirukkural-production-completion-2026-09-28.json
247,RAUafMVpT5k,நாடு (Remix),https://www.youtube.com/watch?v=RAUafMVpT5k,ALTERNATE VERSION — completion mapping needs verification,Prior classification: alternate recording of covered Thirukkural chapter; playlist-audit/thirukkural-production-completion-2026-09-28.json
248,FrZmyvY3sEc,அவை அஞ்சாமை (Original),https://www.youtube.com/watch?v=FrZmyvY3sEc,Local film file / publication record found,C:\GitHub\Gurukuladesam-audit\production\thirukkural-backlog-01\avai_anjaamai\AVAI_ANJAAMAI-CINEMATIC-v1.mp4 (14887652 bytes)
249,aBA50x-gDME,தூது (Original),https://www.youtube.com/watch?v=aBA50x-gDME,Local film file / publication record found,C:\GitHub\Gurukuladesam-audit\production\thirukkural-backlog-11\thoothu\THOOTHU-CINEMATIC-v1.mp4 (16317774 bytes)
250,t9Ke0-KMTyM,அவை அஞ்சாமை (Symphony),https://www.youtube.com/watch?v=t9Ke0-KMTyM,ALTERNATE VERSION — completion mapping needs verification,Prior classification: alternate recording of covered Thirukkural chapter; playlist-audit/thirukkural-production-completion-2026-09-28.json
251,u9NeXaCHu-A,மன்னரைச் சேர்ந்தொழுதல் (Original),https://www.youtube.com/watch?v=u9NeXaCHu-A,Local film file / publication record found,C:\GitHub\Gurukuladesam-audit\production\thirukkural-batch-04\mannarai_sernthozhuthal\MANNARAI-SERNTHOZHUTHAL-FILM.mp4 (19784217 bytes) | C:\GitHub\Gurukuladesam-audit\production\thirukkural-backlog-13\mannarai_sernthozhuthal\MANNARAI_SERNTHOZHUTHAL-CINEMATIC-v1.mp4 (18922687 bytes)
252,zq1dxg5R-rY,மன்னரைச் சேர்ந்தொழுதல் (Female),https://www.youtube.com/watch?v=zq1dxg5R-rY,ALTERNATE VERSION — completion mapping needs verification,Prior classification: alternate recording of covered Thirukkural chapter; playlist-audit/thirukkural-production-completion-2026-09-28.json
253,gBRvVKE_so8,வினைசெயல்வகை (Original),https://www.youtube.com/watch?v=gBRvVKE_so8,Local film file / publication record found,C:\GitHub\Gurukuladesam-audit\production\thirukkural-batch-05\vinai_seyalvagai\VINAI-SEYALVAGAI-FILM.mp4 (20905327 bytes) | C:\GitHub\Gurukuladesam-audit\production\thirukkural-backlog-14\vinai_seyalvagai\VINAI_SEYALVAGAI-CINEMATIC-v1.mp4 (23187923 bytes)
254,5gO0xpY_Y3E,Hans Zimmer - Interstellar (Space Sounds),https://www.youtube.com/watch?v=5gO0xpY_Y3E,Excluded third-party recording,
255,6hfla_PRW40,குறிப்பறிதல் (Original),https://www.youtube.com/watch?v=6hfla_PRW40,Local film file / publication record found,C:\GitHub\Gurukuladesam-audit\production\thirukkural-backlog-05\kuripparithal\KURIPPARITHAL-CINEMATIC-v1.mp4 (18237549 bytes)
256,K35B1jST2xw,குறிப்பறிதல் (Symphony),https://www.youtube.com/watch?v=K35B1jST2xw,ALTERNATE VERSION — completion mapping needs verification,Prior classification: alternate recording of covered Thirukkural chapter; playlist-audit/thirukkural-production-completion-2026-09-28.json
257,GN181JJ1lXU,குறிப்பறிதல் (Remix),https://www.youtube.com/watch?v=GN181JJ1lXU,ALTERNATE VERSION — completion mapping needs verification,Prior classification: alternate recording of covered Thirukkural chapter; playlist-audit/thirukkural-production-completion-2026-09-28.json
258,B9N2j7r2KkI,இடுக்கண் அழியாமை (Original),https://www.youtube.com/watch?v=B9N2j7r2KkI,Local film file / publication record found,C:\GitHub\Gurukuladesam-audit\production\thirukkural-backlog-03\idukkan_azhiyaamai\IDUKKAN_AZHIYAAMAI-CINEMATIC-v1.mp4 (24333684 bytes)
259,HxxLl5p1t0A,அவையறிதல் (Sad),https://www.youtube.com/watch?v=HxxLl5p1t0A,ALTERNATE VERSION — completion mapping needs verification,Prior classification: alternate recording of covered Thirukkural chapter; playlist-audit/thirukkural-production-completion-2026-09-28.json
260,nf8EO1GdKlY,நாடு (Original),https://www.youtube.com/watch?v=nf8EO1GdKlY,Local film file / publication record found,C:\GitHub\Gurukuladesam-audit\production\thirukkural-batch-03\naadu\NAADU-FILM.mp4 (19273494 bytes) | C:\GitHub\Gurukuladesam-audit\production\thirukkural-backlog-12\naadu\NAADU-CINEMATIC-v1.mp4 (19390973 bytes)
261,RY7nPGorS94,தூது (Remix),https://www.youtube.com/watch?v=RY7nPGorS94,ALTERNATE VERSION — completion mapping needs verification,Prior classification: alternate recording of covered Thirukkural chapter; playlist-audit/thirukkural-production-completion-2026-09-28.json
262,MvwT6dnGE0U,வினைசெயல்வகை (Female),https://www.youtube.com/watch?v=MvwT6dnGE0U,ALTERNATE VERSION — completion mapping needs verification,Prior classification: alternate recording of covered Thirukkural chapter; playlist-audit/thirukkural-production-completion-2026-09-28.json
263,ulW6fg4lkYA,இடுக்கண் அழியாமை (Remix),https://www.youtube.com/watch?v=ulW6fg4lkYA,ALTERNATE VERSION — completion mapping needs verification,Prior classification: alternate recording of covered Thirukkural chapter; playlist-audit/thirukkural-production-completion-2026-09-28.json
264,NIvQ6yD1wnY,சொல்வன்மை (Original),https://www.youtube.com/watch?v=NIvQ6yD1wnY,Local film file / publication record found,C:\GitHub\Gurukuladesam-audit\production\thirukkural-backlog-07\solvanmai\SOLVANMAI-CINEMATIC-v1.mp4 (19836478 bytes)
265,q2oGlYiV-qg,சொல்வன்மை (Remix),https://www.youtube.com/watch?v=q2oGlYiV-qg,ALTERNATE VERSION — completion mapping needs verification,Prior classification: alternate recording of covered Thirukkural chapter; playlist-audit/thirukkural-production-completion-2026-09-28.json
266,--4jzoezBW8,வினைத்திட்பம் (Original),https://www.youtube.com/watch?v=--4jzoezBW8,Local film file / publication record found,C:\GitHub\Gurukuladesam-audit\production\thirukkural-batch-06\vinai_thitpam\VINAI-THITPAM-FILM.mp4 (23286923 bytes) | C:\GitHub\Gurukuladesam-audit\production\thirukkural-backlog-15\vinai_thitpam\VINAI_THITPAM-CINEMATIC-v1.mp4 (25378998 bytes)
267,jBA9wlyNjAE,அமைச்சு (Original),https://www.youtube.com/watch?v=jBA9wlyNjAE,Local film file / publication record found,C:\GitHub\Gurukuladesam-audit\production\thirukkural-backlog-01\amaichu\AMAICHU-CINEMATIC-v1.mp4 (20326908 bytes)
268,FGFVertqRUU,அமைச்சு (Remix),https://www.youtube.com/watch?v=FGFVertqRUU,ALTERNATE VERSION — completion mapping needs verification,Prior classification: alternate recording of covered Thirukkural chapter; playlist-audit/thirukkural-production-completion-2026-09-28.json
269,J-mAIpyxy4A,வினைத்திட்பம் (Remix),https://www.youtube.com/watch?v=J-mAIpyxy4A,ALTERNATE VERSION — completion mapping needs verification,Prior classification: alternate recording of covered Thirukkural chapter; playlist-audit/thirukkural-production-completion-2026-09-28.json
270,cj6mlDwjJEo,வினைத்தூய்மை (Original),https://www.youtube.com/watch?v=cj6mlDwjJEo,Local film file / publication record found,C:\GitHub\Gurukuladesam-audit\production\thirukkural-batch-06\vinai_thooimai\VINAI-THOOIMAI-FILM.mp4 (19865497 bytes) | C:\GitHub\Gurukuladesam-audit\production\thirukkural-backlog-15\vinai_thooimai\VINAI_THOOIMAI-CINEMATIC-v1.mp4 (19629325 bytes)
271,XRizXIUU57g,வினைத்தூய்மை (Remix),https://www.youtube.com/watch?v=XRizXIUU57g,ALTERNATE VERSION — completion mapping needs verification,Prior classification: alternate recording of covered Thirukkural chapter; playlist-audit/thirukkural-production-completion-2026-09-28.json
272,8wZGK0nGTEo,வினைத்தூய்மை (Slow),https://www.youtube.com/watch?v=8wZGK0nGTEo,ALTERNATE VERSION — completion mapping needs verification,Prior classification: alternate recording of covered Thirukkural chapter; playlist-audit/thirukkural-production-completion-2026-09-28.json
273,cn776n6oKXQ,ஒற்றாடல் (Original),https://www.youtube.com/watch?v=cn776n6oKXQ,Local film file / publication record found,C:\GitHub\Gurukuladesam-audit\production\thirukkural-backlog-04\ottraadal\OTTRAADAL-CINEMATIC-v1.mp4 (19935961 bytes)
274,tj_5hsasdyU,ஒற்றாடல் (Remix),https://www.youtube.com/watch?v=tj_5hsasdyU,ALTERNATE VERSION — completion mapping needs verification,Prior classification: alternate recording of covered Thirukkural chapter; playlist-audit/thirukkural-production-completion-2026-09-28.json
275,nHj4Q196kU4,ஊக்கமுடைமை (Original),https://www.youtube.com/watch?v=nHj4Q196kU4,Local film file / publication record found,C:\GitHub\Gurukuladesam-audit\production\thirukkural-backlog-03\ookkamudaimai\OOKKAMUDAIMAI-CINEMATIC-v1.mp4 (20478152 bytes)
276,GfGlO3RQuik,மடியின்மை (Original),https://www.youtube.com/watch?v=GfGlO3RQuik,Local film file / publication record found,C:\GitHub\Gurukuladesam-audit\production\thirukkural-batch-04\madiyinmai\MADIYINMAI-FILM.mp4 (18971631 bytes) | C:\GitHub\Gurukuladesam-audit\production\thirukkural-backlog-13\madiyinmai\MADIYINMAI-CINEMATIC-v1.mp4 (20461621 bytes)
277,Fh3HfGUObmg,மடியின்மை (Remix),https://www.youtube.com/watch?v=Fh3HfGUObmg,ALTERNATE VERSION — completion mapping needs verification,Prior classification: alternate recording of covered Thirukkural chapter; playlist-audit/thirukkural-production-completion-2026-09-28.json
278,GydxHEmyDPc,கண நாதா ஓம் (Original),https://www.youtube.com/watch?v=GydxHEmyDPc,Local film file / publication record found,C:\GitHub\Gurukuladesam-audit\production\gananatha-om\GANA-NATHA-OM-CINEMATIC-v2.mp4 (35236092 bytes) | C:\GitHub\Gurukuladesam-audit\production\gananatha-om\GANA-NATHA-OM-FULL-IMAGE-MOTION-REVIEW-v1.mp4 (35460315 bytes)
279,vFbw9hX0wO4,கண நாதா ஓம் (Symphony),https://www.youtube.com/watch?v=vFbw9hX0wO4,Local film file / publication record found,C:\GitHub\Gurukuladesam-audit\production\vinayagar-amman-batch-01\gananatha_symphony\GANA-NATHA-OM-SYMPHONY-FILM.mp4 (16930794 bytes)
280,hm7_qUlTUiU,திருப்பாவை - 2 (வையத்து வாழ்வீர்) | Cinematic Devotional Film,https://www.youtube.com/watch?v=hm7_qUlTUiU,Film listed publicly (title evidence),Public film
281,ssOkftpUcLE,சிவ சுப்ரமணியர் திருவிருத்தம் | Siva Subramaniyar Thiruvirutham Cinematic Devotional Film,https://www.youtube.com/watch?v=ssOkftpUcLE,Film listed publicly (title evidence),Public film
282,qUsv2Gyk3d4,திருநீற்றுப் பதிகம் | Thiruneetru Pathigam Cinematic Devotional Film,https://www.youtube.com/watch?v=qUsv2Gyk3d4,Film listed publicly (title evidence),Public film
283,rZvXZu39OHc,ஹரே கிருஷ்ணா ஹரே ராமா | Hare Krishna Hare Rama Cinematic Devotional Film,https://www.youtube.com/watch?v=rZvXZu39OHc,Film listed publicly (title evidence),Public film
284,O7n8bL9XOn4,ரகுபதி ராகவ ராஜா ராம் | Raghupati Raghava Cinematic Devotional Film,https://www.youtube.com/watch?v=O7n8bL9XOn4,Film listed publicly (title evidence),Public film
285,sHSkPTQRtH8,வான் முகில் வழாது பெய்க | Vaan Mugil Cinematic Devotional Film,https://www.youtube.com/watch?v=sHSkPTQRtH8,Film listed publicly (title evidence),Public film
286,Yu4RBKpAodM,தனந்தரும் கல்விதரும் | Dhanam Tharum Kalvi Tharum Cinematic Film,https://www.youtube.com/watch?v=Yu4RBKpAodM,Film listed publicly (title evidence),Public film
287,leIJDxweGiM,இராம கிருஷ்ண துதி | Rama Krishna Thuthi Cinematic Devotional Film,https://www.youtube.com/watch?v=leIJDxweGiM,Film listed publicly (title evidence),Public film
288,grjVzzo-RWc,Magamayi Samayapurathaye | Original Story Version,https://www.youtube.com/watch?v=grjVzzo-RWc,Film listed publicly (title evidence),Public film
289,h39OlLt4N9A,Sivapuranam | Devotional Story Film,https://www.youtube.com/watch?v=h39OlLt4N9A,Film listed publicly (title evidence),Public film
290,wehcVz3BMHo,Magamayi Samayapurathaye | Cinematic Devotional Film,https://www.youtube.com/watch?v=wehcVz3BMHo,Film listed publicly (title evidence),Public film
291,T1KiH3G5WPs,Mahaganesa Pancharatnam | Cinematic Devotional Film,https://www.youtube.com/watch?v=T1KiH3G5WPs,Film listed publicly (title evidence),Public film
292,IiZoud1sP2o,அரண் (Original),https://www.youtube.com/watch?v=IiZoud1sP2o,Local film file / publication record found,C:\GitHub\Gurukuladesam-audit\production\thirukkural-backlog-01\aran\ARAN-CINEMATIC-v1.mp4 (23370911 bytes)
293,YBmfJyQNSCY,அரண் (Symphony),https://www.youtube.com/watch?v=YBmfJyQNSCY,ALTERNATE VERSION — completion mapping needs verification,Prior classification: alternate recording of covered Thirukkural chapter; playlist-audit/thirukkural-production-completion-2026-09-28.json
294,FXMVQIidbJU,ஊக்கமுடைமை (Remix),https://www.youtube.com/watch?v=FXMVQIidbJU,ALTERNATE VERSION — completion mapping needs verification,Prior classification: alternate recording of covered Thirukkural chapter; playlist-audit/thirukkural-production-completion-2026-09-28.json
295,hjcH8zbEleE,வெருவந்த செய்யாமை (Original),https://www.youtube.com/watch?v=hjcH8zbEleE,Local film file / publication record found,C:\GitHub\Gurukuladesam-audit\production\thirukkural-batch-06\veruvantha_seyyaamai\VERUVANTHA-SEYYAAMAI-FILM.mp4 (21959047 bytes) | C:\GitHub\Gurukuladesam-audit\production\thirukkural-backlog-15\veruvantha_seyyaamai\VERUVANTHA_SEYYAAMAI-CINEMATIC-v1.mp4 (20906759 bytes)
296,PmziMZrMHfE,வெருவந்த செய்யாமை (Remix),https://www.youtube.com/watch?v=PmziMZrMHfE,ALTERNATE VERSION — completion mapping needs verification,Prior classification: alternate recording of covered Thirukkural chapter; playlist-audit/thirukkural-production-completion-2026-09-28.json
297,um09tyT-2p0,ஆள்வினையுடைமை (Original),https://www.youtube.com/watch?v=um09tyT-2p0,Local film file / publication record found,C:\GitHub\Gurukuladesam-audit\production\thirukkural-backlog-02\aalvinaiyudaimai\AALVINAIYUDAIMAI-CINEMATIC-v1.mp4 (22940086 bytes)
298,37qaN4sG53k,ஆள்வினையுடைமை (Remix),https://www.youtube.com/watch?v=37qaN4sG53k,ALTERNATE VERSION — completion mapping needs verification,Prior classification: alternate recording of covered Thirukkural chapter; playlist-audit/thirukkural-production-completion-2026-09-28.json
299,SI8ItN6nqck,கண்ணோட்டம் (Original),https://www.youtube.com/watch?v=SI8ItN6nqck,Local film file / publication record found,C:\GitHub\Gurukuladesam-audit\production\thirukkural-backlog-04\kannottam\KANNOTTAM-CINEMATIC-v1.mp4 (20322331 bytes)
300,E7yfNOiwJmM,கண்ணோட்டம் (Symphony),https://www.youtube.com/watch?v=E7yfNOiwJmM,ALTERNATE VERSION — completion mapping needs verification,Prior classification: alternate recording of covered Thirukkural chapter; playlist-audit/thirukkural-production-completion-2026-09-28.json
301,Vj6wcfC3rPk,கண்ணோட்டம் (Remix),https://www.youtube.com/watch?v=Vj6wcfC3rPk,ALTERNATE VERSION — completion mapping needs verification,Prior classification: alternate recording of covered Thirukkural chapter; playlist-audit/thirukkural-production-completion-2026-09-28.json
302,hrg_nAlW7VQ,தெரிந்து தெளிதல் (Original),https://www.youtube.com/watch?v=hrg_nAlW7VQ,Local film file / publication record found,C:\GitHub\Gurukuladesam-audit\production\thirukkural-backlog-11\therinthu_thelithal\THERINTHU_THELITHAL-CINEMATIC-v1.mp4 (22459248 bytes)
303,tLt9J-X9WOE,தெரிந்து தெளிதல் (Remix),https://www.youtube.com/watch?v=tLt9J-X9WOE,ALTERNATE VERSION — completion mapping needs verification,Prior classification: alternate recording of covered Thirukkural chapter; playlist-audit/thirukkural-production-completion-2026-09-28.json
304,sScywbUNArA,செங்கோன்மை (Original),https://www.youtube.com/watch?v=sScywbUNArA,Local film file / publication record found,C:\GitHub\Gurukuladesam-audit\production\thirukkural-backlog-07\sengonmai\SENGONMAI-CINEMATIC-v1.mp4 (19676375 bytes)
305,5coBrJy6a5M,செங்கோன்மை (Remix),https://www.youtube.com/watch?v=5coBrJy6a5M,ALTERNATE VERSION — completion mapping needs verification,Prior classification: alternate recording of covered Thirukkural chapter; playlist-audit/thirukkural-production-completion-2026-09-28.json
306,tqF2NBWp6_8,கொடுங்கோன்மை (Original),https://www.youtube.com/watch?v=tqF2NBWp6_8,Local film file / publication record found,C:\GitHub\Gurukuladesam-audit\production\thirukkural-backlog-06\kodungonmai\KODUNGONMAI-CINEMATIC-v1.mp4 (19781669 bytes)
307,01g0sJdaL2I,கொடுங்கோன்மை (Remix),https://www.youtube.com/watch?v=01g0sJdaL2I,ALTERNATE VERSION — completion mapping needs verification,Prior classification: alternate recording of covered Thirukkural chapter; playlist-audit/thirukkural-production-completion-2026-09-28.json
308,pTxTsQzF8Xs,சுற்றந்தழால் (Original),https://www.youtube.com/watch?v=pTxTsQzF8Xs,Local film file / publication record found,C:\GitHub\Gurukuladesam-audit\production\thirukkural-backlog-07\suttranthazhaal\SUTTRANTHAZHAAL-CINEMATIC-v1.mp4 (23564178 bytes)
309,9-SvikTz2FU,சுற்றந்தழால் (Remix),https://www.youtube.com/watch?v=9-SvikTz2FU,ALTERNATE VERSION — completion mapping needs verification,Prior classification: alternate recording of covered Thirukkural chapter; playlist-audit/thirukkural-production-completion-2026-09-28.json
310,O0hASl4BS2c,பொச்சாவாமை (Original),https://www.youtube.com/watch?v=O0hASl4BS2c,Local film file / publication record found,C:\GitHub\Gurukuladesam-audit\production\thirukkural-batch-04\pocchaavaamai\POCCHAAVAAMAI-FILM.mp4 (21833910 bytes) | C:\GitHub\Gurukuladesam-audit\production\thirukkural-backlog-13\pocchaavaamai\POCCHAAVAAMAI-CINEMATIC-v1.mp4 (23459912 bytes)
311,DhHGetUJlAI,பொச்சாவாமை (Remix),https://www.youtube.com/watch?v=DhHGetUJlAI,ALTERNATE VERSION — completion mapping needs verification,Prior classification: alternate recording of covered Thirukkural chapter; playlist-audit/thirukkural-production-completion-2026-09-28.json
312,5uRYFxhT32k,தெரிந்து வினையாடல் (Original),https://www.youtube.com/watch?v=5uRYFxhT32k,Local film file / publication record found,C:\GitHub\Gurukuladesam-audit\production\thirukkural-batch-03\therinthu_vinaiyaadal\THERINTHU-VINAIYAADAL-FILM.mp4 (22802072 bytes) | C:\GitHub\Gurukuladesam-audit\production\thirukkural-backlog-12\therinthu_vinaiyaadal\THERINTHU_VINAIYAADAL-CINEMATIC-v1.mp4 (25645582 bytes)
313,F-aVgFOdKFo,தெரிந்து வினையாடல் (Remix),https://www.youtube.com/watch?v=F-aVgFOdKFo,ALTERNATE VERSION — completion mapping needs verification,Prior classification: alternate recording of covered Thirukkural chapter; playlist-audit/thirukkural-production-completion-2026-09-28.json
314,OqRZLEMvx8s,தெரிந்து செயல்வகை (Original),https://www.youtube.com/watch?v=OqRZLEMvx8s,Local film file / publication record found,C:\GitHub\Gurukuladesam-audit\production\thirukkural-backlog-11\therinthu_seyalvagai\THERINTHU_SEYALVAGAI-CINEMATIC-v1.mp4 (24815804 bytes)
315,mpgnALSm7wk,தெரிந்து செயல்வகை (Female),https://www.youtube.com/watch?v=mpgnALSm7wk,ALTERNATE VERSION — completion mapping needs verification,Prior classification: alternate recording of covered Thirukkural chapter; playlist-audit/thirukkural-production-completion-2026-09-28.json
316,8jLZHiozGxw,ஸ்கந்த மந்திரம் (Original),https://www.youtube.com/watch?v=8jLZHiozGxw,Local film file / publication record found,Publication record: https://youtu.be/iJ-3SHR2MKw | C:\GitHub\Gurukuladesam-audit\production\murugar-batch-5\skanda_mantram_original\SKANDA_MANTRAM_ORIGINAL-CINEMATIC-v1.mp4 (19615856 bytes)
317,N8MOVChJwPQ,ஸ்கந்த மந்திரம் (Symphony),https://www.youtube.com/watch?v=N8MOVChJwPQ,Local film file / publication record found,Publication record: https://youtu.be/QRSRyYEacMs | C:\GitHub\Gurukuladesam-audit\production\murugar-batch-6\skanda_symphony\SKANDA_SYMPHONY-CINEMATIC-v1.mp4 (17469724 bytes)
318,x355fpndpTI,கௌமாரம் ஸ்துதி 2026,https://www.youtube.com/watch?v=x355fpndpTI,Local film file / publication record found,C:\GitHub\Gurukuladesam-audit\production\next-five-image-motion\koumaram\KOUMARAM-STUTHI-CINEMATIC-v1.mp4 (13752659 bytes)
319,qr5jAhLRLUE,முருகர் வார வழிபாடு 2026,https://www.youtube.com/watch?v=qr5jAhLRLUE,Local film file / publication record found,Publication record: https://youtu.be/-L3VXkM2MTY | C:\GitHub\Gurukuladesam-audit\production\murugar-batch-5\vaara_vazhipadu\VAARA_VAZHIPADU-CINEMATIC-v1.mp4 (25325812 bytes)
320,UxsU284RHQY,அருட்பெருஞ்சோதி அகவல் I,https://www.youtube.com/watch?v=UxsU284RHQY,Local film file / publication record found,Publication record: https://youtu.be/qYVo1gCko5Q | C:\GitHub\Gurukuladesam-audit\production\batch-sept-28-09\arutperunjothi_agaval_i\ARUTPERUNJOTHI_AGAVAL_I-CINEMATIC-v1.mp4 (23612794 bytes)
321,1W9SHSo-2Vk,அருட்பெருஞ்சோதி அகவல் II,https://www.youtube.com/watch?v=1W9SHSo-2Vk,Local film file / publication record found,Publication record: https://youtu.be/kGhg01-hWos | C:\GitHub\Gurukuladesam-audit\production\batch-sept-28-09\arutperunjothi_agaval_ii\ARUTPERUNJOTHI_AGAVAL_II-CINEMATIC-v1.mp4 (23950128 bytes)
322,G4Tk8Z1tKRg,கோயிலாகநல் - பழமொழிமேல்  2026,https://www.youtube.com/watch?v=G4Tk8Z1tKRg,Local film file / publication record found,Publication record: https://youtu.be/huastC0A3-8 | C:\GitHub\Gurukuladesam-audit\production\batch-sept-28-02\koiyilakanal\KOIYILAKANAL-CINEMATIC-v1.mp4 (38697116 bytes)
323,X-EB6CFVz1E,அவலத் தழுங்கல் 2026,https://www.youtube.com/watch?v=X-EB6CFVz1E,Local film file / publication record found,Publication record: https://youtu.be/BXLeRFa6NHA | C:\GitHub\Gurukuladesam-audit\production\batch-sept-28-01\avalath_thazhungal\AVALATH_THAZHUNGAL-CINEMATIC-v1.mp4 (31555209 bytes)
324,EOkuHFSfv8c,திருவருட்பா - நமச்சிவாய...,https://www.youtube.com/watch?v=EOkuHFSfv8c,Local film file / publication record found,C:\GitHub\Gurukuladesam-audit\production\shiva-offline-05\namasivaya_sankeerthanam\NAMASIVAYA-SANKEERTHANAM-FILM.mp4 (33061306 bytes)
325,lEHLSYxnpbU,கண நாதா ஓம் | Gana Natha Om Cinematic Devotional Film,https://www.youtube.com/watch?v=lEHLSYxnpbU,Film listed publicly (title evidence),Public film
326,f1jxgAbXcdE,வான் சிறப்பு | Vaan Sirappu Cinematic Thirukkural Film,https://www.youtube.com/watch?v=f1jxgAbXcdE,Film listed publicly (title evidence),Public film
327,KZxknhbVIk0,கல்வி | Kalvi Cinematic Thirukkural Film,https://www.youtube.com/watch?v=KZxknhbVIk0,Film listed publicly (title evidence),Public film
328,QH-xL37NmGM,திருப்பாவை - 1 (மார்கழித் திங்கள்) | Thiruppavai 1 Cinematic Devotional Film,https://www.youtube.com/watch?v=QH-xL37NmGM,Film listed publicly (title evidence),Public film
329,isCeNcUwBTw,தமிழ்த்தாய் வாழ்த்து | Tamil Thai Vazhthu Cinematic Film,https://www.youtube.com/watch?v=isCeNcUwBTw,Film listed publicly (title evidence),Public film
330,Z9GnvOMjDjU,தென்னாடுடைய சிவனே போற்றி | Thennadudaiya Sivaney Potri Cinematic Devotional Film,https://www.youtube.com/watch?v=Z9GnvOMjDjU,Film listed publicly (title evidence),Public film
331,Csc5uzl184s,வேதசார் சிவ ஸ்தோத்திரம் | Vedasar Shiva Stotram Cinematic Devotional Film,https://www.youtube.com/watch?v=Csc5uzl184s,Film listed publicly (title evidence),Public film
332,iTALOLp7MkQ,திருவையாறு திருமுறை | Thiruvaiyaaru Thirumurai Cinematic Devotional Film,https://www.youtube.com/watch?v=iTALOLp7MkQ,Film listed publicly (title evidence),Public film
333,WIDyQVQY2X8,நமோ நாராயணம் | Namo Narayanam Cinematic Devotional Film,https://www.youtube.com/watch?v=WIDyQVQY2X8,Film listed publicly (title evidence),Public film
334,KQpDmHooEh8,மாசில் வீணையும் | Maasil Veenaiyum Cinematic Devotional Film,https://www.youtube.com/watch?v=KQpDmHooEh8,Film listed publicly (title evidence),Public film
335,R82hz_s2YGQ,பொறையுடைமை | Porai Udaimai Cinematic Thirukkural Film,https://www.youtube.com/watch?v=R82hz_s2YGQ,Film listed publicly (title evidence),Public film
336,5RTBMEIozEg,நாள் என் செய்யும் | Naal En Seyyum Cinematic Devotional Film,https://www.youtube.com/watch?v=5RTBMEIozEg,Film listed publicly (title evidence),Public film
337,4sJwwtZHUvI,திருப்புலம்பல் | Thirupulambal Cinematic Devotional Film,https://www.youtube.com/watch?v=4sJwwtZHUvI,Film listed publicly (title evidence),Public film
338,coUEhVQH0Uk,ஆலய நாதம் | Aalaya Naatham Cinematic Meditation Film,https://www.youtube.com/watch?v=coUEhVQH0Uk,Film listed publicly (title evidence),Public film
339,KFtS403RfbY,நெஞ்சறிவுறுத்தல் பகுதி 1 | Nenjari Vuruthal Part 1 Cinematic Film,https://www.youtube.com/watch?v=KFtS403RfbY,Film listed publicly (title evidence),Public film
340,0SUn5igNEE0,துஞ்சலும் துஞ்சல் | Tunjalum Tunjal Cinematic Devotional Film,https://www.youtube.com/watch?v=0SUn5igNEE0,Film listed publicly (title evidence),Public film
341,7npbkuQwjEE,இன்னா செய்தாரை | Inna Seidharai Cinematic Thirukkural Film,https://www.youtube.com/watch?v=7npbkuQwjEE,Film listed publicly (title evidence),Public film
342,R8OyFbqJJEw,நெஞ்சறிவுறுத்தல் பகுதி 2 | Nenjari Vuruthal Part 2 Cinematic Film,https://www.youtube.com/watch?v=R8OyFbqJJEw,Film listed publicly (title evidence),Public film
343,vaXLG5kUGVc,அன்னை ரேணுகாம்பாள் துதி | Annai Renukambal Cinematic Devotional Film,https://www.youtube.com/watch?v=vaXLG5kUGVc,Film listed publicly (title evidence),Public film
344,mQpQEuXiEZ4,திகட சக்கர | Thigada Sakkara Cinematic Devotional Film,https://www.youtube.com/watch?v=mQpQEuXiEZ4,Film listed publicly (title evidence),Public film
345,SN7FIkL-o1k,முத்தைத் தரு | Muthai Tharu Cinematic Thiruppugazh Film,https://www.youtube.com/watch?v=SN7FIkL-o1k,Film listed publicly (title evidence),Public film
346,bZ03UopgYcc,தாயே கருமாரி | Thaaye Karumari Cinematic Devotional Film,https://www.youtube.com/watch?v=bZ03UopgYcc,Film listed publicly (title evidence),Public film
347,yPfkP_EjTyc,கௌமாரம் ஸ்துதி | Koumaram Stuthi Cinematic Devotional Film,https://www.youtube.com/watch?v=yPfkP_EjTyc,Film listed publicly (title evidence),Public film
348,CV1j4ieFw5w,அவிநாசி பத்து | Avinasi Pathu Cinematic Devotional Film,https://www.youtube.com/watch?v=CV1j4ieFw5w,Film listed publicly (title evidence),Public film
349,31xVgvxoiUA,ஓங்கி உலகளந்த | Ongi Ulagalandha Cinematic Devotional Film,https://www.youtube.com/watch?v=31xVgvxoiUA,Film listed publicly (title evidence),Public film
350,qW6CZgELq1o,இராம ராம ராம ஹரே ஹரே | Rama Rama Rama Hare Hare Cinematic Devotional Film,https://www.youtube.com/watch?v=qW6CZgELq1o,Film listed publicly (title evidence),Public film
351,zPQOik79O68,அருட்பெருஞ்சோதி 2026 | Arutperunjothi Cinematic Devotional Film,https://www.youtube.com/watch?v=zPQOik79O68,Film listed publicly (title evidence),Public film
352,pYuwzoJkhTE,மகா கணேச பஞ்சரத்னம் | Maha Ganesha Pancharatnam Cinematic Devotional Film,https://www.youtube.com/watch?v=pYuwzoJkhTE,Film listed publicly (title evidence),Public film
353,2tL-bKjkL18,அபிராமி அந்தாதி துதி | Abhirami Andhathi Thuthi Cinematic Devotional Film,https://www.youtube.com/watch?v=2tL-bKjkL18,Film listed publicly (title evidence),Public film
354,nuSx1NgiCuo,நாத விந்துகள் | Naatha Vindhugal Pazhani Thiruppugazh Cinematic Devotional Film,https://www.youtube.com/watch?v=nuSx1NgiCuo,Film listed publicly (title evidence),Public film
355,hKkmbQ9TIaU,கைத்தல நிறைகனி | Kaiththala Niraigani Cinematic Thiruppugazh Film,https://www.youtube.com/watch?v=hKkmbQ9TIaU,Film listed publicly (title evidence),Public film
356,0tXyQEAHVNQ,அன்னம் பாலிக்கும் தில்லை | Annam Paalikkum Thillai Cinematic Devotional Film,https://www.youtube.com/watch?v=0tXyQEAHVNQ,Film listed publicly (title evidence),Public film
357,DsbMysGdqv8,உருவாய் அருவாய் | Uruvaai Aruvaai Kandhar Anubhudhi Cinematic Devotional Film,https://www.youtube.com/watch?v=DsbMysGdqv8,Film listed publicly (title evidence),Public film
358,B6yVe6HM8Ok,ஆறுமுகம் ஆறுமுகம் | Arumugam Arumugam Cinematic Devotional Film,https://www.youtube.com/watch?v=B6yVe6HM8Ok,Film listed publicly (title evidence),Public film
359,eEYBleNgRGU,கந்தர் அலங்காரம் 2026 | Kandhar Alangaram Cinematic Devotional Film,https://www.youtube.com/watch?v=eEYBleNgRGU,Film listed publicly (title evidence),Public film
360,Lki_Y8OSljs,கண நாதா ஓம் (Symphony) | Gana Natha Om Cinematic Devotional Film,https://www.youtube.com/watch?v=Lki_Y8OSljs,Film listed publicly (title evidence),Public film
361,meXI3QsNHhE,திருப்புகழ் 566 இரத்னகிரி I | Rathinagiri Thiruppugazh Cinematic Film,https://www.youtube.com/watch?v=meXI3QsNHhE,Film listed publicly (title evidence),Public film
362,FTAB7OBVPPY,திருப்புகழ் 566 இரத்னகிரி II | Rathinagiri Thiruppugazh Cinematic Film,https://www.youtube.com/watch?v=FTAB7OBVPPY,Film listed publicly (title evidence),Public film
363,Nvx3ObuSndM,திருப்புகழ் 712 சீர் உலாவிய | Seer Ulaaviya Cinematic Devotional Film,https://www.youtube.com/watch?v=Nvx3ObuSndM,Film listed publicly (title evidence),Public film
364,ixQGKe_IH80,ஆதியும் அந்தமும் | Aadhiyum Anthamum Cinematic Devotional Film,https://www.youtube.com/watch?v=ixQGKe_IH80,Film listed publicly (title evidence),Public film
365,xXOHhRpIUn4,உலகெலாம் உணர்ந்து | Ulagelaam Unarndhu Cinematic Devotional Film,https://www.youtube.com/watch?v=xXOHhRpIUn4,Film listed publicly (title evidence),Public film
366,60rrBjJfAS4,தனந்தரும் அபிராமி | Dhanam Tharum Abhirami Cinematic Devotional Film,https://www.youtube.com/watch?v=60rrBjJfAS4,Film listed publicly (title evidence),Public film
367,FI0wKDmanmE,திருவடிப் புகழ்ச்சி | Thiruvadi Pugazhchi Cinematic Devotional Film,https://www.youtube.com/watch?v=FI0wKDmanmE,Film listed publicly (title evidence),Public film
368,ldsJ6l90zLs,ஆனந்த மாலை | Anandha Maalai Cinematic Devotional Film,https://www.youtube.com/watch?v=ldsJ6l90zLs,Film listed publicly (title evidence),Public film
369,NK2PqzKz3aI,திருப்பல்லாண்டு | Thiru Pallaandu Cinematic Devotional Film,https://www.youtube.com/watch?v=NK2PqzKz3aI,Film listed publicly (title evidence),Public film
370,CS92JrOQkbc,லக்ஷ்மி 108 போற்றி | Lakshmi 108 Potri Cinematic Devotional Film,https://www.youtube.com/watch?v=CS92JrOQkbc,Film listed publicly (title evidence),Public film
371,iJ-3SHR2MKw,ஸ்கந்த மந்திரம் (Original) | Skanda Mantram Cinematic Film,https://www.youtube.com/watch?v=iJ-3SHR2MKw,Film listed publicly (title evidence),Public film
372,-L3VXkM2MTY,முருகர் வார வழிபாடு 2026 | Murugar Vaara Vazhipadu Cinematic Film,https://www.youtube.com/watch?v=-L3VXkM2MTY,Film listed publicly (title evidence),Public film
373,FFXImcs5Ehw,ஸ்ரீ சிவசண்முக நாம ஸங்கீர்த்தனம் | Siva Shanmuga Nama Sankeerthanam Cinematic Film,https://www.youtube.com/watch?v=FFXImcs5Ehw,Film listed publicly (title evidence),Public film
374,VMqFjcQtebw,மகரம் அளறு இடை (Remix) | Magaram Alaru Idai Cinematic Film,https://www.youtube.com/watch?v=VMqFjcQtebw,Film listed publicly (title evidence),Public film
375,XErAOEtZdAU,மகரம் அளறு இடை (Original) | Magaram Alaru Idai Cinematic Film,https://www.youtube.com/watch?v=XErAOEtZdAU,Film listed publicly (title evidence),Public film
376,QRSRyYEacMs,ஸ்கந்த மந்திரம் (Symphony) | Skanda Mantram Cinematic Film,https://www.youtube.com/watch?v=QRSRyYEacMs,Film listed publicly (title evidence),Public film
377,1hoVaPwWMes,கந்த சஷ்டி கவசம் துதி 2026 | Kandha Shashti Thuthi Cinematic Film,https://www.youtube.com/watch?v=1hoVaPwWMes,Film listed publicly (title evidence),Public film
378,0PvXn4gqlFM,கந்த சஷ்டி கவசம் | Kandha Sashti Kavasam Full Cinematic Film,https://www.youtube.com/watch?v=0PvXn4gqlFM,Film listed publicly (title evidence),Public film
379,C2rLIrP3vAA,கந்த சஷ்டி கவசம் II | Kandha Sashti Kavasam II Full Cinematic Film,https://www.youtube.com/watch?v=C2rLIrP3vAA,Film listed publicly (title evidence),Public film
380,7iWQUBmq3aU,வடிவுடை மாணிக்கமாலை | Vadivudai Manikkamalai Cinematic Devotional Film,https://www.youtube.com/watch?v=7iWQUBmq3aU,Film listed publicly (title evidence),Public film
381,VMn8fiWF-oA,108 சரஸ்வதி போற்றி | Saraswathi 108 Potri Cinematic Devotional Film,https://www.youtube.com/watch?v=VMn8fiWF-oA,Film listed publicly (title evidence),Public film
382,rYUfISYky0g,காயத்ரி மந்திரம் 2026 | Gayathri Mantra Cinematic Devotional Film,https://www.youtube.com/watch?v=rYUfISYky0g,Film listed publicly (title evidence),Public film
383,UIc-dkmHgt4,அன்னைப்பத்து (2026) திருவாசகம் | Annaippathu Cinematic Devotional Film,https://www.youtube.com/watch?v=UIc-dkmHgt4,Film listed publicly (title evidence),Public film
384,yy8f939JP4M,எண்ணப் பதிகம் (திருவாசகம்) | Enna Pathigam Cinematic Devotional Film,https://www.youtube.com/watch?v=yy8f939JP4M,Film listed publicly (title evidence),Public film
385,TcsCIh8hvko,கடவுளைக் கடலுள் எழு! | Kadavulai Kadalul Ezhu Cinematic Devotional Film,https://www.youtube.com/watch?v=TcsCIh8hvko,Film listed publicly (title evidence),Public film
386,5GHCLSRXtn4,கரைந்து கைதொழுவாரையும் | Karaindhu Kai Thozhuvaaraiyum Cinematic Devotional Film,https://www.youtube.com/watch?v=5GHCLSRXtn4,Film listed publicly (title evidence),Public film
387,mCkB-h75-dE,குறி கலந்த இசை | Kuri Kalandha Isai Cinematic Devotional Film,https://www.youtube.com/watch?v=mCkB-h75-dE,Film listed publicly (title evidence),Public film
388,diblSOvZENA,விஷ்ணும் ஜிஷ்ணும் | Vishnum Jishnum Cinematic Devotional Film,https://www.youtube.com/watch?v=diblSOvZENA,Film listed publicly (title evidence),Public film
389,xjem5fTKx90,கிருஷ்ண மந்திரம் I | Krishna Mantram Cinematic Devotional Film,https://www.youtube.com/watch?v=xjem5fTKx90,Film listed publicly (title evidence),Public film
390,uGdn0wzpH6c,ஆஞ்சநேயர் துதி | Anjaneyar Thuthi Cinematic Devotional Film,https://www.youtube.com/watch?v=uGdn0wzpH6c,Film listed publicly (title evidence),Public film
391,NeauJSGB2W8,கிருஷ்ண மந்திரம் (Female) | Krishna Mantra Cinematic Devotional Film,https://www.youtube.com/watch?v=NeauJSGB2W8,Film listed publicly (title evidence),Public film
392,b-FcuF06jHI,பெரியாழ்வார் திருமொழி தாலாட்டு 2026 (I) | Periyazhvar Lullaby Cinematic Film,https://www.youtube.com/watch?v=b-FcuF06jHI,Film listed publicly (title evidence),Public film
393,LBcuDwnrypQ,பெரியாழ்வார் திருமொழி தாலாட்டு 2026 (II) | Periyazhvar Lullaby Cinematic Film,https://www.youtube.com/watch?v=LBcuDwnrypQ,Film listed publicly (title evidence),Public film
394,4-FJ8eh7Als,குரு பகவான் துதி 2026 | Guru Bhagavan Thuthi Cinematic Devotional Film,https://www.youtube.com/watch?v=4-FJ8eh7Als,Film listed publicly (title evidence),Public film
395,mIC0hJwu8F0,திரு சனி பகவான் துதி 2026 | Sani Bhagavan Thuthi Cinematic Devotional Film,https://www.youtube.com/watch?v=mIC0hJwu8F0,Film listed publicly (title evidence),Public film
396,MtV5wS61MsM,திரு சனி பகவான் பதிகம் 2026 | Sani Bhagavan Pathigam Cinematic Devotional Film,https://www.youtube.com/watch?v=MtV5wS61MsM,Film listed publicly (title evidence),Public film
397,mPypwIgdo-E,திருப்புலம்பல் 2026 (திருவாசகம்) | Thiruppulambal Cinematic Devotional Film,https://www.youtube.com/watch?v=mPypwIgdo-E,Film listed publicly (title evidence),Public film
398,tTQIGe4LJK4,சிவநேச வெண்பா | Sivanesa Venba Cinematic Devotional Film,https://www.youtube.com/watch?v=tTQIGe4LJK4,Film listed publicly (title evidence),Public film
399,do8z9OuxLNo,திரு உந்தியார் | Thiru Undhiyar Cinematic Devotional Film,https://www.youtube.com/watch?v=do8z9OuxLNo,Film listed publicly (title evidence),Public film
400,bJLV48oruHs,சென்னிப்பத்து 2026 | Sennippathu Cinematic Devotional Film,https://www.youtube.com/watch?v=bJLV48oruHs,Film listed publicly (title evidence),Public film
401,Yg_IgGStRvY,கோளறு பதிகம் 2026 | Kolaru Pathigam Cinematic Devotional Film,https://www.youtube.com/watch?v=Yg_IgGStRvY,Film listed publicly (title evidence),Public film
402,fRoTy3NdaLo,கொன்றை வேந்தன் | Konrai Vendhan Cinematic Devotional Film,https://www.youtube.com/watch?v=fRoTy3NdaLo,Film listed publicly (title evidence),Public film
403,r55zzDkNtF4,அன்பே சரணம் அருளே சரணம் | Anbe Saranam Arule Saranam Cinematic Devotional Film,https://www.youtube.com/watch?v=r55zzDkNtF4,Film listed publicly (title evidence),Public film
404,S_FoILDLhls,கிருஷ்ண மந்திரம் II | Krishna Mantra Cinematic Devotional Film,https://www.youtube.com/watch?v=S_FoILDLhls,Film listed publicly (title evidence),Public film
405,HXLltX2BPig,அருள் நாம விளக்கம் | Arul Nama Vilakkam Cinematic Devotional Film,https://www.youtube.com/watch?v=HXLltX2BPig,Film listed publicly (title evidence),Public film
406,wCyrA4Be7cE,பெரியாழ்வார் திருமொழி தாலாட்டு 2026 (III) | Periyazhvar Lullaby Cinematic Film,https://www.youtube.com/watch?v=wCyrA4Be7cE,Film listed publicly (title evidence),Public film
407,YlNGYTlCedk,இராம கிருஷ்ண துதி | Rama Krishna Thuthi Cinematic Devotional Film,https://www.youtube.com/watch?v=YlNGYTlCedk,Film listed publicly (title evidence),Public film
408,i6XFZE1q9uo,உள்ளம் ஒரு கோவில் 2026 | Ullam Oru Kovil | Full Song Film,https://www.youtube.com/watch?v=i6XFZE1q9uo,Film listed publicly (title evidence),Public film
409,i8h-2dDFnhI,தாமரை மலரே! | Thamarai Malare | Full Song Film,https://www.youtube.com/watch?v=i8h-2dDFnhI,Film listed publicly (title evidence),Public film
410,peEwj9A2blw,திருவசிய மந்திரம் 2026 | Thiruvasiyam Mantra | Full Song Film,https://www.youtube.com/watch?v=peEwj9A2blw,Film listed publicly (title evidence),Public film
411,v_Q_vKG_nHo,உள்ளம் ஒரு கோவில் (II) 2026 | Ullam Oru Kovil II | Full Song Film,https://www.youtube.com/watch?v=v_Q_vKG_nHo,Film listed publicly (title evidence),Public film
412,Q57FSOLDMU0,சொற்பெரு மெய்ஞ்ஞான | Sorpperu Meygnana | Full Song Film,https://www.youtube.com/watch?v=Q57FSOLDMU0,Film listed publicly (title evidence),Public film
413,UPODVJixLyM,ஞானத் திருவடி 2026 | Gnanath Thiruvadi | Full Song Film,https://www.youtube.com/watch?v=UPODVJixLyM,Film listed publicly (title evidence),Public film
414,hXpQuPvEzSk,ஹரே ராமா ஹரே கிருஷ்ணா! I | Hare Rama Hare Krishna Cinematic Film,https://www.youtube.com/watch?v=hXpQuPvEzSk,Film listed publicly (title evidence),Public film
415,9Qhwgy74BXI,ஹரே ராமா ஹரே கிருஷ்ணா! II | Hare Rama Hare Krishna Cinematic Film,https://www.youtube.com/watch?v=9Qhwgy74BXI,Film listed publicly (title evidence),Public film
416,BXLeRFa6NHA,அவலத் தழுங்கல் 2026 | Avalath Thazhungal | Full Song Film,https://www.youtube.com/watch?v=BXLeRFa6NHA,Film listed publicly (title evidence),Public film
417,JhdXurT4ohI,ஏகமாய் அந்தமாய் | Ekamaai Anthamaai | Full Song Film,https://www.youtube.com/watch?v=JhdXurT4ohI,Film listed publicly (title evidence),Public film
418,mVQJIrLtnCk,விழியிலே மலர்ந்தது (REMIX) 2026 | Vizhiyile Malarnthathu | Full Song Film,https://www.youtube.com/watch?v=mVQJIrLtnCk,Film listed publicly (title evidence),Public film
419,pLVPFb8LJEk,ஈஸ்வர நாமவளி சரணம்! (I) | Eeswara Naamavali Cinematic Devotional Film,https://www.youtube.com/watch?v=pLVPFb8LJEk,Film listed publicly (title evidence),Public film
420,pzW2LiiPSVo,பண்டாய நான்மறை | Pandaaya Naanmarai Cinematic Devotional Film,https://www.youtube.com/watch?v=pzW2LiiPSVo,Film listed publicly (title evidence),Public film
421,dwYw5_W4g4A,உலகமெலாந் தனிநிறைந்த! | Ulagamelan Thaniniraindha | Full Song Film,https://www.youtube.com/watch?v=dwYw5_W4g4A,Film listed publicly (title evidence),Public film
422,4QpJHz2SAbU,கள்ளப் பிழையும் | Kalla Pizhaiyum Cinematic Devotional Film,https://www.youtube.com/watch?v=4QpJHz2SAbU,Film listed publicly (title evidence),Public film
423,JGslKeAreOE,சம்சாரம் என்பது வீணை (REMIX) 2026 | Samsaram Enbathu Veenai | Full Song Film,https://www.youtube.com/watch?v=JGslKeAreOE,Film listed publicly (title evidence),Public film
424,huastC0A3-8,கோயிலாகநல் - பழமொழிமேல் 2026 | Koiyilakanal | Full Song Film,https://www.youtube.com/watch?v=huastC0A3-8,Film listed publicly (title evidence),Public film
425,GYH3tnKYidU,திருமந்திரம் (முதல் தந்திரம்) | Thirumanthiram Cinematic Devotional Film,https://www.youtube.com/watch?v=GYH3tnKYidU,Film listed publicly (title evidence),Public film
426,EE9qX_vQdlQ,திருஏசறவு 2026 (திருவாசகம்) | Thiruesaravu Cinematic Devotional Film,https://www.youtube.com/watch?v=EE9qX_vQdlQ,Film listed publicly (title evidence),Public film
427,tMnJYH0SR9c,இந்திய தேசிய கீதம் 2026 | Indian National Anthem | Full Song Film,https://www.youtube.com/watch?v=tMnJYH0SR9c,Film listed publicly (title evidence),Public film
428,eK--J196v_c,தாயின் மணிக்கொடி பாரீர்! | Thayin Manikkodi Paareer | Full Song Film,https://www.youtube.com/watch?v=eK--J196v_c,Film listed publicly (title evidence),Public film
429,ZXdIpt_-Pmo,வாழ்வது தமிழ் ஆகட்டும் | Vaazvathu Thamiz Aagattum | Full Song Film,https://www.youtube.com/watch?v=ZXdIpt_-Pmo,Film listed publicly (title evidence),Public film
430,hfv9Ys99fZU,திருவருட்பா - இங்கித மாலை 2026 | Ingitha Maalai | Full Song Film,https://www.youtube.com/watch?v=hfv9Ys99fZU,Film listed publicly (title evidence),Public film
431,s7idxr-uVfQ,திருவருட்பா - திருவருண் முறையீடு | Thiruvarun Muraiyidu | Full Song Film,https://www.youtube.com/watch?v=s7idxr-uVfQ,Film listed publicly (title evidence),Public film
432,-7ppYdnUdVk,திருவருட்பா - ஆறாம் திருமுறை | Aaram Thirumurai | Full Song Film,https://www.youtube.com/watch?v=-7ppYdnUdVk,Film listed publicly (title evidence),Public film
433,IuZ6Qe-aiYI,Achcho Pathigam | Cinematic Lord Shiva Devotional Film,https://www.youtube.com/watch?v=IuZ6Qe-aiYI,Film listed publicly (title evidence),Public film
434,nnlH4ydFRQw,பிரார்த்தனைப் பத்து 2026 (திருவாசகம்) | Cinematic Devotional Film,https://www.youtube.com/watch?v=nnlH4ydFRQw,Film listed publicly (title evidence),Public film
435,-cmB2_XZqs0,திருவருட்பா - அபராத விண்ணப்பம் I | Aparadha Vinnappam I | Full Song Film,https://www.youtube.com/watch?v=-cmB2_XZqs0,Film listed publicly (title evidence),Public film
436,fg2YbSBo1Sk,திருவருட்பா - அபராத விண்ணப்பம் II | Aparadha Vinnappam II | Full Song Film,https://www.youtube.com/watch?v=fg2YbSBo1Sk,Film listed publicly (title evidence),Public film
437,XpdQL93uFtM,புண்ணிய விளக்கம் | Cinematic Lord Shiva Devotional Film,https://www.youtube.com/watch?v=XpdQL93uFtM,Film listed publicly (title evidence),Public film
438,M2YC8urOH0M,திருவருட்பா - முத்தி உபாயம் | Muthi Upayam | Full Song Film,https://www.youtube.com/watch?v=M2YC8urOH0M,Film listed publicly (title evidence),Public film
439,DvFAVsnMOE4,ஸ்மரணாத³ருணாசலம் | Cinematic Lord Shiva Devotional Film,https://www.youtube.com/watch?v=DvFAVsnMOE4,Film listed publicly (title evidence),Public film
440,g3tE-_-cZgQ,திருவருட்பா - நெஞ்சொடு நேர்தல் | Nenjodu Nerthal | Full Song Film,https://www.youtube.com/watch?v=g3tE-_-cZgQ,Film listed publicly (title evidence),Public film
441,uSHc6kdU_mY,போற்றித் திருஅகவல் (திருவாசகம்) | Cinematic Devotional Film,https://www.youtube.com/watch?v=uSHc6kdU_mY,Film listed publicly (title evidence),Public film
442,NjHDFS3cftg,திருவருட்பா - அருள்விடை வேட்கை | Arulvidai Vetkai | Full Song Film,https://www.youtube.com/watch?v=NjHDFS3cftg,Film listed publicly (title evidence),Public film
443,lg5W3VaLQNQ,திருவருட்பா - அறிவரும் பெருமை | Arivarum Perumai | Full Song Film,https://www.youtube.com/watch?v=lg5W3VaLQNQ,Film listed publicly (title evidence),Public film
444,BxQ4c9VPwAo,திருவருட்பா - அபராத விண்ணப்பம் III Golden | Aparadha Vinnappam III | Full Song Film,https://www.youtube.com/watch?v=BxQ4c9VPwAo,Film listed publicly (title evidence),Public film
445,l3E27q5r-nk,திருவருட்பா - திருப்புகழ் விலாசம் | Thiruppugazh Vilasam | Full Song Film,https://www.youtube.com/watch?v=l3E27q5r-nk,Film listed publicly (title evidence),Public film
446,HD3EgOlDLJ0,அருட்பெருஞ்சோதி அகவல் 2026 II | Arutperunjothi II | Full Song Film,https://www.youtube.com/watch?v=HD3EgOlDLJ0,Film listed publicly (title evidence),Public film
447,SWAjAbur-TQ,திருக்குறள் - கடவுள் வாழ்த்து | Kadavul Vazhthu Cinematic Thirukkural Film,https://www.youtube.com/watch?v=SWAjAbur-TQ,Film listed publicly (title evidence),Public film
448,C05GEfkJZaY,திருக்குறள் - இல்வாழ்க்கை | Ilvazhkkai Cinematic Thirukkural Film,https://www.youtube.com/watch?v=C05GEfkJZaY,Film listed publicly (title evidence),Public film
449,0fD-z3s_g2A,திருக்குறள் - அருளுடைமை | Aruludaimai Cinematic Thirukkural Film,https://www.youtube.com/watch?v=0fD-z3s_g2A,Film listed publicly (title evidence),Public film
450,WhqZ0ttDYYc,அருட்பெருஞ்சோதி அகவல் 2026 III | Arutperunjothi III | Full Song Film,https://www.youtube.com/watch?v=WhqZ0ttDYYc,Film listed publicly (title evidence),Public film
451,lG5AT1rN9Us,அருட்பெருஞ்சோதி அகவல் 2026 IV | Arutperunjothi IV | Full Song Film,https://www.youtube.com/watch?v=lG5AT1rN9Us,Film listed publicly (title evidence),Public film
452,-CsF4lE2UfA,அருட்பெருஞ்சோதி அகவல் 2026 V | Arutperunjothi V | Full Song Film,https://www.youtube.com/watch?v=-CsF4lE2UfA,Film listed publicly (title evidence),Public film
453,GlJrQMMTRhI,அருட்பெருஞ்சோதி 2026 VI | Arutperunjothi VI | Full Song Film,https://www.youtube.com/watch?v=GlJrQMMTRhI,Film listed publicly (title evidence),Public film
454,qYVo1gCko5Q,அருட்பெருஞ்சோதி அகவல் I | Arutperunjothi Agaval I | Full Song Film,https://www.youtube.com/watch?v=qYVo1gCko5Q,Film listed publicly (title evidence),Public film
455,kGhg01-hWos,அருட்பெருஞ்சோதி அகவல் II | Arutperunjothi Agaval II | Full Song Film,https://www.youtube.com/watch?v=kGhg01-hWos,Film listed publicly (title evidence),Public film
456,KvU4v5v2X98,ஈஸ்வர நாமவளி சரணம்! (II) | Cinematic Lord Shiva Devotional Film,https://www.youtube.com/watch?v=KvU4v5v2X98,Film listed publicly (title evidence),Public film
