S.No,Video ID,Canonical Title,Scripture Source,Tamil Title,English Title,Descriptor,Length (Chars),Genre,Track Type,Author,Source,Playlists,YouTube URL,Duration,Published Date
1,--4jzoezBW8,திருக்குறள்: அதிகாரம் 67 - வினைத்திட்பம் (Original) | Thirukkural: Vinai Thitpam [Audio],திருக்குறள்,திருக்குறள்: அதிகாரம் 67 - வினைத்திட்பம் (Original),Thirukkural: Vinai Thitpam,Audio,88,திருக்குறள் (Thirukkural),Audio Track (Master Composition),திருவள்ளுவர் (Thiruvalluvar),திருக்குறள் — அதிகாரம்: வினைத்திட்பம்,Discography ; திருக்குறள் | Thirukkural — Master Collection,https://www.youtube.com/watch?v=--4jzoezBW8,PT5M56S,2026-09-22T23:30:24Z
2,-7ppYdnUdVk,திருவருட்பா: ஆறாம் திருமுறை | Thiruvarutpa: Aaram Thirumurai [Film],திருவருட்பா,திருவருட்பா: ஆறாம் திருமுறை,Thiruvarutpa: Aaram Thirumurai,Film,67,வள்ளலார் / சன்மார்க்கம் (Thiruvarutpa / Sanmargam),Cinematic Film / Video,வள்ளலார் இராமலிங்க அடிகளார் / மகாகவி பாரதியார்,திருவருட்பா / தேசிய ஆன்மீகப் பனுவல்,Discography ; Other Songs,https://www.youtube.com/watch?v=-7ppYdnUdVk,PT6M50S,2026-09-27T19:34:21Z
3,-9bZmHzYO2g,திருவருட்பா: அபராத விண்ணப்பம் II | Thiruvarutpa: Aparadha Vinnappam II [Audio],திருவருட்பா,திருவருட்பா: அபராத விண்ணப்பம் II,Thiruvarutpa: Aparadha Vinnappam II,Audio,78,வள்ளலார் / சன்மார்க்கம் (Thiruvarutpa / Sanmargam),Audio Track (Master Composition),வள்ளலார் இராமலிங்க அடிகளார் / மகாகவி பாரதியார்,திருவருட்பா / தேசிய ஆன்மீகப் பனுவல்,Discography ; Other Songs,https://www.youtube.com/watch?v=-9bZmHzYO2g,PT5M11S,2026-07-26T16:45:49Z
4,-CsF4lE2UfA,திருவருட்பா: அருட்பெருஞ்சோதி அகவல் II | Thiruvarutpa: Arutperunjothi V [Film],திருவருட்பா,திருவருட்பா: அருட்பெருஞ்சோதி அகவல் II,Thiruvarutpa: Arutperunjothi V,Film,77,வள்ளலார் / சன்மார்க்கம் (Thiruvarutpa / Sanmargam),Cinematic Film / Video,வள்ளலார் இராமலிங்க அடிகளார்,திருவருட்பா (அருட்பெருஞ்சோதி அகவல்),Discography ; Other Songs,https://www.youtube.com/watch?v=-CsF4lE2UfA,PT3M33S,2026-09-27T21:07:05Z
5,-Gd2dy_L98c,திருவருட்பா: ஏகமாய் அந்தமாய் (மதுவின் மடல்) | Thiruvarutpa: Ekamaai Anthamaai [Film],திருவருட்பா,திருவருட்பா: ஏகமாய் அந்தமாய் (மதுவின் மடல்),Thiruvarutpa: Ekamaai Anthamaai,Film,84,மரபு & கலாச்சாரம் (Cultural & Heritage),Cinematic Film / Video,வள்ளலார் இராமலிங்க அடிகளார் / மகாகவி பாரதியார்,திருவருட்பா / தேசிய ஆன்மீகப் பனுவல்,Discography ; Other Songs,https://www.youtube.com/watch?v=-Gd2dy_L98c,PT3M,2026-05-11T19:29:56Z
6,-L3VXkM2MTY,கந்தர் அநுபூதி: உருவாய் அருவாய் | Kandhar Anuboothi: Murugar Vaara Vazhipadu [Film],கந்தர் அநுபூதி,கந்தர் அநுபூதி: உருவாய் அருவாய்,Kandhar Anuboothi: Murugar Vaara Vazhipadu,Film,83,முருகப் பெருமான் (Lord Murugar),Cinematic Film / Video,அருணகிரிநாதர் & சைவப் புலவர்கள்,கந்தர் அநுபூதி / திருப்புகழ்,Discography ; Lord Murugar Songs,https://www.youtube.com/watch?v=-L3VXkM2MTY,PT6M47S,2026-09-27T13:27:13Z
7,-ZkM45zylxs,திருவருட்பா: அருட்பெருஞ்சோதி அகவல் II | Thiruvarutpa: Arutperunjothi V [Film],திருவருட்பா,திருவருட்பா: அருட்பெருஞ்சோதி அகவல் II,Thiruvarutpa: Arutperunjothi V,Film,77,வள்ளலார் / சன்மார்க்கம் (Thiruvarutpa / Sanmargam),Cinematic Film / Video,வள்ளலார் இராமலிங்க அடிகளார்,திருவருட்பா (அருட்பெருஞ்சோதி அகவல்),Discography ; Other Songs,https://www.youtube.com/watch?v=-ZkM45zylxs,PT3M33S,2026-03-15T12:19:46Z
8,-bqKXZW8vFk,திருவருட்பா: அருளியல் வினாவல் | Thiruvarutpa: Aruliyal Vinaval [Audio],திருவருட்பா,திருவருட்பா: அருளியல் வினாவல்,Thiruvarutpa: Aruliyal Vinaval,Audio,70,சிவபெருமான் (Lord Shiva),Audio Track (Master Composition),சமயக்குரவர் பெருமக்கள் (திருமுறை),பன்னிரு திருமுறைகள் / தேவாரம் & திருவாசகம்,Discography ; Lord Shiva Songs,https://www.youtube.com/watch?v=-bqKXZW8vFk,PT13M30S,2026-07-22T14:58:48Z
9,-cmB2_XZqs0,திருவருட்பா: அபராத விண்ணப்பம் I | Thiruvarutpa: Aparadha Vinnappam I [Film],திருவருட்பா,திருவருட்பா: அபராத விண்ணப்பம் I,Thiruvarutpa: Aparadha Vinnappam I,Film,75,வள்ளலார் / சன்மார்க்கம் (Thiruvarutpa / Sanmargam),Cinematic Film / Video,வள்ளலார் இராமலிங்க அடிகளார் / மகாகவி பாரதியார்,திருவருட்பா / தேசிய ஆன்மீகப் பனுவல்,Discography ; Other Songs,https://www.youtube.com/watch?v=-cmB2_XZqs0,PT6M19S,2026-09-27T19:49:16Z
10,-tod_ZpZMnQ,தேவாரம்: கடவுளைக் கடலுள் எழு (திருக்குறுந்தொகை) | Thevaram: Kadavulai Kadalul Ezhu [Film],தேவாரம்,தேவாரம்: கடவுளைக் கடலுள் எழு (திருக்குறுந்தொகை),Thevaram: Kadavulai Kadalul Ezhu,Film,89,சிவபெருமான் (Lord Shiva),Cinematic Film / Video,திருநாவுக்கரசு சுவாமிகள் (அப்பர்),தேவாரம் (திருக்குறுந்தொகை - திருநெல்வாயில் அரத்துறை),,https://www.youtube.com/watch?v=-tod_ZpZMnQ,PT9M56S,2026-10-02T19:26:27Z
11,-unILRjNLHQ,திருவருட்பா: சிவ சுப்ரமணியர் திருவிருத்தம் | Sree Subramanyar Thiruviruththam [Film],திருவருட்பா,திருவருட்பா: சிவ சுப்ரமணியர் திருவிருத்தம்,Sree Subramanyar Thiruviruththam,Film,84,முருகப் பெருமான் (Lord Murugar),Cinematic Film / Video,வேத பாரம்பரியம்,ஸ்ரீமத் பாகவதம் & மகாபாரதம்,Discography ; Lord Murugar Songs,https://www.youtube.com/watch?v=-unILRjNLHQ,PT3M46S,2026-02-11T01:57:51Z
12,-yEq62Bu_d8,திருவாசகம்: வேண்டுமே இத்தனையும் (திருவெம்பாவை) | Thiruvasagam: Vendumey Iththanaiyum [Film],திருவாசகம்,திருவாசகம்: வேண்டுமே இத்தனையும் (திருவெம்பாவை),Thiruvasagam: Vendumey Iththanaiyum,Film,91,சிவபெருமான் (Lord Shiva),Cinematic Film / Video,சமயக்குரவர் பெருமக்கள் (திருமுறை),பன்னிரு திருமுறைகள் / தேவாரம் & திருவாசகம்,Lord Shiva Songs,https://www.youtube.com/watch?v=-yEq62Bu_d8,PT4M16S,2026-09-29T07:13:45Z
13,-yxeA6nvNZk,சிவ நாமாவளி: ஈஸ்வர நாமவளி சரணம்! | Shiva Namavali: I [Film],சிவ நாமாவளி,சிவ நாமாவளி: ஈஸ்வர நாமவளி சரணம்!,Shiva Namavali: I,Film,59,சிவபெருமான் (Lord Shiva),Cinematic Film / Video,சமயக்குரவர் பெருமக்கள் (திருமுறை),பன்னிரு திருமுறைகள் / தேவாரம் & திருவாசகம்,Discography ; Lord Shiva Songs,https://www.youtube.com/watch?v=-yxeA6nvNZk,PT3M7S,2026-08-16T01:29:22Z
14,-zVzQ1XnY8Q,பெரியபுராணம்: தில்லை வாழ் அந்தணர் சருக்கம் | Periyapuranam: Thillai Vazh Anthanar [Film],பெரியபுராணம்,பெரியபுராணம்: தில்லை வாழ் அந்தணர் சருக்கம்,Periyapuranam: Thillai Vazh Anthanar,Film,88,சிவபெருமான் (Lord Shiva),Cinematic Film / Video,சமயக்குரவர் பெருமக்கள் (திருமுறை),பன்னிரு திருமுறைகள் / தேவாரம் & திருவாசகம்,Lord Shiva Songs,https://www.youtube.com/watch?v=-zVzQ1XnY8Q,PT9M8S,2026-09-29T07:07:08Z
15,00BGSFBWdlA,திருவருட்பா: அருட்பெருஞ்சோதி அகவல் II | Thiruvarutpa: Arutperunjothi II [Film],திருவருட்பா,திருவருட்பா: அருட்பெருஞ்சோதி அகவல் II,Thiruvarutpa: Arutperunjothi II,Film,78,வள்ளலார் / சன்மார்க்கம் (Thiruvarutpa / Sanmargam),Cinematic Film / Video,வள்ளலார் இராமலிங்க அடிகளார்,திருவருட்பா (அருட்பெருஞ்சோதி அகவல்),Discography ; Other Songs,https://www.youtube.com/watch?v=00BGSFBWdlA,PT17M6S,2026-03-15T12:19:46Z
16,01g0sJdaL2I,திருக்குறள்: அதிகாரம் 56 - கொடுங்கோன்மை (Remix) | Thirukkural: Kodungonmai [Remix],திருக்குறள்,திருக்குறள்: அதிகாரம் 56 - கொடுங்கோன்மை (Remix),Thirukkural: Kodungonmai,Remix,82,திருக்குறள் (Thirukkural),Audio Track (Master Composition),திருவள்ளுவர் (Thiruvalluvar),திருக்குறள் — அதிகாரம்: கொடுங்கோன்மை,Discography ; திருக்குறள் | Thirukkural — Master Collection,https://www.youtube.com/watch?v=01g0sJdaL2I,PT5M5S,2026-09-21T10:35:15Z
17,02C8glMmetw,திருக்குறள்: அதிகாரம் 1 - கடவுள் வாழ்த்து | Thirukkural: Agara Muthala [Film],திருக்குறள்,திருக்குறள்: அதிகாரம் 1 - கடவுள் வாழ்த்து,Thirukkural: Agara Muthala,Film,77,திருக்குறள் (Thirukkural),Cinematic Film / Video,திருவள்ளுவர் (Thiruvalluvar),திருக்குறள் — அதிகாரம்: கடவுள் வாழ்த்து,திருக்குறள் | Thirukkural — Master Collection,https://www.youtube.com/watch?v=02C8glMmetw,PT3M59S,2026-09-28T07:46:42Z
18,06ZOKy7SSvw,திருவருட்பா: திருச்சாதனத் தெய்வத் திறம் | Thiruvarutpa: Thiruvasathanath Theiva Thiram [Audio],திருவருட்பா,திருவருட்பா: திருச்சாதனத் தெய்வத் திறம்,Thiruvarutpa: Thiruvasathanath Theiva Thiram,Audio,94,சிவபெருமான் (Lord Shiva),Audio Track (Master Composition),சமயக்குரவர் பெருமக்கள் (திருமுறை),பன்னிரு திருமுறைகள் / தேவாரம் & திருவாசகம்,Discography ; Lord Shiva Songs,https://www.youtube.com/watch?v=06ZOKy7SSvw,PT10M36S,2026-08-03T16:49:21Z
19,0DoegY9d0ZM,திருக்குறள்: அதிகாரம் 50 - இடனறிதல் (Remix) | Thirukkural: Idanarithal [Remix],திருக்குறள்,திருக்குறள்: அதிகாரம் 50 - இடனறிதல் (Remix),Thirukkural: Idanarithal,Remix,78,திருக்குறள் (Thirukkural),Audio Track (Master Composition),திருவள்ளுவர் (Thiruvalluvar),திருக்குறள் — அதிகாரம்: இடனறிதல்,Discography ; திருக்குறள் | Thirukkural — Master Collection,https://www.youtube.com/watch?v=0DoegY9d0ZM,PT4M38S,2026-09-20T11:32:15Z
20,0PvXn4gqlFM,கந்த சஷ்டி கவசம்: முழு கவசம் | Kandha Sashti Kavasam: Kandha Sashti Kavasam Full [Film],கந்த சஷ்டி கவசம்,கந்த சஷ்டி கவசம்: முழு கவசம்,Kandha Sashti Kavasam: Kandha Sashti Kavasam Full,Film,87,முருகப் பெருமான் (Lord Murugar),Cinematic Film / Video,பாலதேவராய சுவாமிகள்,கந்த சஷ்டி கவசம்,Discography ; Lord Murugar Songs,https://www.youtube.com/watch?v=0PvXn4gqlFM,PT31M2S,2026-09-27T14:10:56Z
21,0SUn5igNEE0,தேவாரம்: நமச்சிவாயப் பதிகம் (துஞ்சலும் துஞ்சல்) | Thevaram: Tunjalum Tunjal [Film],தேவாரம்,தேவாரம்: நமச்சிவாயப் பதிகம் (துஞ்சலும் துஞ்சல்),Thevaram: Tunjalum Tunjal,Film,82,சிவபெருமான் (Lord Shiva),Cinematic Film / Video,சமயக்குரவர் பெருமக்கள் (திருமுறை),பன்னிரு திருமுறைகள் / தேவாரம் & திருவாசகம்,Discography ; Lord Shiva Songs,https://www.youtube.com/watch?v=0SUn5igNEE0,PT7M56S,2026-09-27T05:10:47Z
22,0TB3drCSvNc,திருவருட்பா: திருவருள் வேட்கை | Thiruvarutpa: Thiruvarul Vetkai I [Audio],திருவருட்பா,திருவருட்பா: திருவருள் வேட்கை,Thiruvarutpa: Thiruvarul Vetkai I,Audio,73,சிவபெருமான் (Lord Shiva),Audio Track (Master Composition),சமயக்குரவர் பெருமக்கள் (திருமுறை),பன்னிரு திருமுறைகள் / தேவாரம் & திருவாசகம்,Discography ; Lord Shiva Songs,https://www.youtube.com/watch?v=0TB3drCSvNc,PT4M13S,2026-07-25T06:40:29Z
23,0W1FqHOYwDc,பெரியாழ்வார் திருமொழி: கண்ணன் தாலாட்டு III | Periyazhvar Lullaby III [Audio],பெரியாழ்வார் திருமொழி,பெரியாழ்வார் திருமொழி: கண்ணன் தாலாட்டு III,Periyazhvar Lullaby III,Audio,76,விஷ்ணு / கிருஷ்ணர் (Lord Vishnu & Krishna),Audio Track (Master Composition),பெரியாழ்வார்,பெரியாழ்வார் திருமொழி (கண்ணன் தாலாட்டு),Discography ; Lord Krishnar Songs,https://www.youtube.com/watch?v=0W1FqHOYwDc,PT5M27S,2026-08-07T04:52:44Z
24,0WurYH-hkNM,திருக்குறள்: அதிகாரம் 67 - வினைத்திட்பம் (Remix) | Thirukkural: Vinai Thitpam [Remix],திருக்குறள்,திருக்குறள்: அதிகாரம் 67 - வினைத்திட்பம் (Remix),Thirukkural: Vinai Thitpam,Remix,85,திருக்குறள் (Thirukkural),Cinematic Film / Video,திருவள்ளுவர் (Thiruvalluvar),திருக்குறள் — அதிகாரம்: வினைத்திட்பம்,Discography ; திருக்குறள் | Thirukkural — Master Collection,https://www.youtube.com/watch?v=0WurYH-hkNM,PT5M,2026-09-28T18:13:14Z
25,0bz1myKXoJQ,திருக்குறள்: அதிகாரம் 43 - அறிவுடைமை (Remix) | Thirukkural: Arivudaimai [Remix],திருக்குறள்,திருக்குறள்: அதிகாரம் 43 - அறிவுடைமை (Remix),Thirukkural: Arivudaimai,Remix,79,திருக்குறள் (Thirukkural),Audio Track (Master Composition),திருவள்ளுவர் (Thiruvalluvar),திருக்குறள் — அதிகாரம்: அறிவுடைமை,Discography ; திருக்குறள் | Thirukkural — Master Collection,https://www.youtube.com/watch?v=0bz1myKXoJQ,PT5M2S,2026-09-19T14:46:11Z
26,0fD-z3s_g2A,திருக்குறள்: அதிகாரம் 25 - அருளுடைமை | Thirukkural: Aruludaimai [Film],திருக்குறள்,திருக்குறள்: அதிகாரம் 25 - அருளுடைமை,Thirukkural: Aruludaimai,Film,70,திருக்குறள் (Thirukkural),Cinematic Film / Video,திருவள்ளுவர் (Thiruvalluvar),திருக்குறள்,,https://www.youtube.com/watch?v=0fD-z3s_g2A,PT3M52S,2026-09-27T21:01:36Z
27,0gK0asNO-RM,திருவருட்பா: குரு பகவான் துதி 2026 | Thiruvarutpa: Guru Bhagavan Thuthi [Film],திருவருட்பா,திருவருட்பா: குரு பகவான் துதி 2026,Thiruvarutpa: Guru Bhagavan Thuthi,Film,78,மரபு & கலாச்சாரம் (Cultural & Heritage),Cinematic Film / Video,வள்ளலார் இராமலிங்க அடிகளார் / மகாகவி பாரதியார்,திருவருட்பா / தேசிய ஆன்மீகப் பனுவல்,Discography ; Other Songs,https://www.youtube.com/watch?v=0gK0asNO-RM,PT6M22S,2026-06-22T18:57:41Z
28,0k9CZLNA2TY,அபிராமி அந்தாதி: தனந்தரும் கல்விதரும் | Abhirami Andhadhi: Dhanam Tharum Kalvi Tharum [Film],அபிராமி அந்தாதி,அபிராமி அந்தாதி: தனந்தரும் கல்விதரும்,Abhirami Andhadhi: Dhanam Tharum Kalvi Tharum,Film,92,அம்மன் / சக்தி (Goddess Amman),Cinematic Film / Video,அபிராமி பட்டர்,அபிராமி அந்தாதி,Discography ; Goddess Amman Songs,https://www.youtube.com/watch?v=0k9CZLNA2TY,PT5M4S,2026-08-28T06:55:10Z
29,0tXyQEAHVNQ,தேவாரம்: தில்லைத் திருப்பதிகம் (அன்னம் பாலிக்கும்) | Thevaram: Annam Paalikkum Thillai [Film],தேவாரம்,தேவாரம்: தில்லைத் திருப்பதிகம் (அன்னம் பாலிக்கும்),Thevaram: Annam Paalikkum Thillai,Film,93,சிவபெருமான் (Lord Shiva),Cinematic Film / Video,திருநாவுக்கரசு சுவாமிகள் (அப்பர்),தேவாரம் (தில்லைத் திருப்பதிகம்),Discography ; Lord Shiva Songs,https://www.youtube.com/watch?v=0tXyQEAHVNQ,PT6M24S,2026-09-27T11:23:53Z
30,1W9SHSo-2Vk,திருவருட்பா: அருட்பெருஞ்சோதி அகவல் II | Thiruvarutpa: Arutperunjothi Agaval II [Film],திருவருட்பா,திருவருட்பா: அருட்பெருஞ்சோதி அகவல் II,Thiruvarutpa: Arutperunjothi Agaval II,Film,85,வள்ளலார் / சன்மார்க்கம் (Thiruvarutpa / Sanmargam),Cinematic Film / Video,வள்ளலார் இராமலிங்க அடிகளார்,திருவருட்பா (அருட்பெருஞ்சோதி அகவல்),Discography ; Other Songs,https://www.youtube.com/watch?v=1W9SHSo-2Vk,PT4M40S,2026-09-06T21:12:47Z
31,1hoVaPwWMes,கந்த சஷ்டி கவசம்: முழு கவசம் | Kandha Sashti Kavasam: Kandha Shashti Thuthi [Film],கந்த சஷ்டி கவசம்,கந்த சஷ்டி கவசம்: முழு கவசம்,Kandha Sashti Kavasam: Kandha Shashti Thuthi,Film,82,முருகப் பெருமான் (Lord Murugar),Cinematic Film / Video,பாலதேவராய சுவாமிகள்,கந்த சஷ்டி கவசம்,Discography ; Lord Murugar Songs,https://www.youtube.com/watch?v=1hoVaPwWMes,PT24M53S,2026-09-27T14:04:13Z
32,1wD_X2LHCmw,திருவருட்பா: திருவசிய மந்திரம் 2026 | Thiruvarutpa: Thiruvasiyam Mantra [Film],திருவருட்பா,திருவருட்பா: திருவசிய மந்திரம் 2026,Thiruvarutpa: Thiruvasiyam Mantra,Film,78,மரபு & கலாச்சாரம் (Cultural & Heritage),Cinematic Film / Video,வள்ளலார் இராமலிங்க அடிகளார் / மகாகவி பாரதியார்,திருவருட்பா / தேசிய ஆன்மீகப் பனுவல்,Discography ; Other Songs,https://www.youtube.com/watch?v=1wD_X2LHCmw,PT4M54S,2026-07-26T01:07:10Z
33,255aVCj3t0w,திருவருட்பா: திருச்சாதனத் தெய்வத் திறம் | Thiruvarutpa: Devotional Hymn [Film],திருவருட்பா,திருவருட்பா: திருச்சாதனத் தெய்வத் திறம்,Thiruvarutpa: Devotional Hymn,Film,78,சிவபெருமான் (Lord Shiva),Cinematic Film / Video,சமயக்குரவர் பெருமக்கள் (திருமுறை),பன்னிரு திருமுறைகள் / தேவாரம் & திருவாசகம்,Lord Shiva Songs,https://www.youtube.com/watch?v=255aVCj3t0w,PT10M36S,2026-09-28T15:40:49Z
34,28Xnfhctf0I,திருவருட்பா: சம்சாரம் என்பது வீணை (REMIX) 2026 | Thiruvarutpa: Samsaram Enbathu Veenai [Remix],திருவருட்பா,திருவருட்பா: சம்சாரம் என்பது வீணை (REMIX) 2026,Thiruvarutpa: Samsaram Enbathu Veenai,Remix,94,மரபு & கலாச்சாரம் (Cultural & Heritage),Cinematic Film / Video,வள்ளலார் இராமலிங்க அடிகளார் / மகாகவி பாரதியார்,திருவருட்பா / தேசிய ஆன்மீகப் பனுவல்,Discography ; Other Songs,https://www.youtube.com/watch?v=28Xnfhctf0I,PT5M4S,2026-05-11T19:29:56Z
35,2Gbhx6SwH-M,தேவாரம்: திருவோத்தூர் பதிகம் (பூத்தேர்ந்து ஆயன) | Thevaram: Thiruvothur Pathigam [Film],தேவாரம்,தேவாரம்: திருவோத்தூர் பதிகம் (பூத்தேர்ந்து ஆயன),Thevaram: Thiruvothur Pathigam,Film,87,சிவபெருமான் (Lord Shiva),Cinematic Film / Video,சமயக்குரவர் பெருமக்கள் (திருமுறை),பன்னிரு திருமுறைகள் / தேவாரம் & திருவாசகம்,Lord Shiva Songs,https://www.youtube.com/watch?v=2Gbhx6SwH-M,PT8M52S,2026-09-29T07:16:36Z
36,2Pun6K7h984,திருக்குறள்: அதிகாரம் 45 - பெரியாரைத் துணைக்கோடல் (Remix) | Periyarai Thunaikodal [Remix],திருக்குறள்,திருக்குறள்: அதிகாரம் 45 - பெரியாரைத் துணைக்கோடல் (Remix),Periyarai Thunaikodal,Remix,89,திருக்குறள் (Thirukkural),Audio Track (Master Composition),திருவள்ளுவர் (Thiruvalluvar),திருக்குறள்,,https://www.youtube.com/watch?v=2Pun6K7h984,PT4M23S,2026-09-19T22:42:45Z
37,2QOF2ycA4RQ,சிவ நாமாவளி: ஆதி யோகீஸ்வரர் நாம ஒளி சரணம் | Shiva Namavali: Aadhi Yogeeswarar [Film],சிவ நாமாவளி,சிவ நாமாவளி: ஆதி யோகீஸ்வரர் நாம ஒளி சரணம்,Shiva Namavali: Aadhi Yogeeswarar,Film,84,சிவபெருமான் (Lord Shiva),Cinematic Film / Video,சமயக்குரவர் பெருமக்கள் (திருமுறை),பன்னிரு திருமுறைகள் / தேவாரம் & திருவாசகம்,Discography ; Lord Shiva Songs,https://www.youtube.com/watch?v=2QOF2ycA4RQ,PT5M17S,2026-02-14T13:24:56Z
38,2Qs07DTJvvM,திருக்குறள்: அதிகாரம் 71 - குறிப்பறிதல் (Remix) | Thirukkural: Kuripparithal [Remix],திருக்குறள்,திருக்குறள்: அதிகாரம் 71 - குறிப்பறிதல் (Remix),Thirukkural: Kuripparithal,Remix,84,திருக்குறள் (Thirukkural),Cinematic Film / Video,திருவள்ளுவர் (Thiruvalluvar),திருக்குறள் — அதிகாரம்: குறிப்பறிதல்,Discography ; திருக்குறள் | Thirukkural — Master Collection,https://www.youtube.com/watch?v=2Qs07DTJvvM,PT4M48S,2026-09-28T16:54:29Z
39,2U45AXlx7DA,திருக்குறள்: அதிகாரம் 46 - சிற்றினம் சேராமை | Thirukkural: Sitrinam Seraamai [Film],திருக்குறள்,திருக்குறள்: அதிகாரம் 46 - சிற்றினம் சேராமை,Thirukkural: Sitrinam Seraamai,Film,83,திருக்குறள் (Thirukkural),Cinematic Film / Video,திருவள்ளுவர் (Thiruvalluvar),திருக்குறள்,,https://www.youtube.com/watch?v=2U45AXlx7DA,PT5M54S,2026-09-28T14:09:38Z
40,2YzLM0yoBlg,கிருஷ்ண துதி: கிருஷ்ண மந்திரம் (Female) | Krishna Thuthi: Female [Film],கிருஷ்ண துதி,கிருஷ்ண துதி: கிருஷ்ண மந்திரம் (Female),Krishna Thuthi: Female,Film,71,விஷ்ணு / கிருஷ்ணர் (Lord Vishnu & Krishna),Cinematic Film / Video,வேத பாரம்பரியம்,ஸ்ரீமத் பாகவதம் & மகாபாரதம்,Discography ; Lord Krishnar Songs,https://www.youtube.com/watch?v=2YzLM0yoBlg,PT58S,2026-09-05T03:14:49Z
41,2_TfLljo1qg,திருக்குறள்: அதிகாரம் 44 - குற்றங்கடிதல் (Original) | Thirukkural: Kuttrangadithal [Audio],திருக்குறள்,திருக்குறள்: அதிகாரம் 44 - குற்றங்கடிதல் (Original),Thirukkural: Kuttrangadithal,Audio,90,திருக்குறள் (Thirukkural),Audio Track (Master Composition),திருவள்ளுவர் (Thiruvalluvar),திருக்குறள்,,https://www.youtube.com/watch?v=2_TfLljo1qg,PT3M54S,2026-09-19T22:05:03Z
42,2_rwWlC09I0,சிவ ஸ்தோத்திரம்: ஸ்மரணாதருணாசலம் | Shiva Stotram: Smaranad Arunachalam [Film],சிவ ஸ்தோத்திரம்,சிவ ஸ்தோத்திரம்: ஸ்மரணாதருணாசலம்,Shiva Stotram: Smaranad Arunachalam,Film,77,சிவபெருமான் (Lord Shiva),Cinematic Film / Video,சமயக்குரவர் பெருமக்கள் (திருமுறை),பன்னிரு திருமுறைகள் / தேவாரம் & திருவாசகம்,Discography ; Lord Shiva Songs,https://www.youtube.com/watch?v=2_rwWlC09I0,PT9M47S,2026-07-16T22:18:44Z
43,2c3bdbcn4BI,திருக்குறள்: அதிகாரம் 54 - பொச்சாவாமை | Thirukkural: Pochchaavaamai [Film],திருக்குறள்,திருக்குறள்: அதிகாரம் 54 - பொச்சாவாமை,Thirukkural: Pochchaavaamai,Film,74,திருக்குறள் (Thirukkural),Cinematic Film / Video,திருவள்ளுவர் (Thiruvalluvar),திருக்குறள் — அதிகாரம் 54: பொச்சாவாமை,Discography ; திருக்குறள் | Thirukkural — Master Collection,https://www.youtube.com/watch?v=2c3bdbcn4BI,N/A,2026
44,2mdEV1acg-U,திருவாசகம்: குழைத்த பத்து | Thiruvasagam: Kuzhaitha Pathu [Film],திருவாசகம்,திருவாசகம்: குழைத்த பத்து,Thiruvasagam: Kuzhaitha Pathu,Film,64,சிவபெருமான் (Lord Shiva),Cinematic Film / Video,சமயக்குரவர் பெருமக்கள் (திருமுறை),பன்னிரு திருமுறைகள் / தேவாரம் & திருவாசகம்,Discography ; Lord Shiva Songs,https://www.youtube.com/watch?v=2mdEV1acg-U,PT9M36S,2026-09-29T07:11:28Z
45,2tL-bKjkL18,அபிராமி அந்தாதி: தனந்தரும் கல்விதரும் | Abhirami Andhadhi: Abhirami Andhathi Thuthi [Film],அபிராமி அந்தாதி,அபிராமி அந்தாதி: தனந்தரும் கல்விதரும்,Abhirami Andhadhi: Abhirami Andhathi Thuthi,Film,90,விஷ்ணு / கிருஷ்ணர் (Lord Vishnu & Krishna),Cinematic Film / Video,அபிராமி பட்டர்,அபிராமி அந்தாதி,Discography ; Goddess Amman Songs,https://www.youtube.com/watch?v=2tL-bKjkL18,PT4M2S,2026-09-27T11:19:12Z
46,2vQYuvePk9U,பன்னிரு திருமுறை: திருவையாறு சாரம் | Panniru Thirumurai: Thiruvaiyaaru Saaram [Film],பன்னிரு திருமுறை,பன்னிரு திருமுறை: திருவையாறு சாரம்,Panniru Thirumurai: Thiruvaiyaaru Saaram,Film,84,சிவபெருமான் (Lord Shiva),Cinematic Film / Video,சமயக்குரவர் பெருமக்கள் (திருமுறை),பன்னிரு திருமுறைகள் / தேவாரம் & திருவாசகம்,Discography ; Lord Shiva Songs,https://www.youtube.com/watch?v=2vQYuvePk9U,PT8M24S,2026-03-13T04:33:43Z
47,2vuuHMEhs20,திருவாசகம்: போற்றித் திருஅகவல் | Thiruvasagam: Potrith Thiruagaval [Film],திருவாசகம்,திருவாசகம்: போற்றித் திருஅகவல்,Thiruvasagam: Potrith Thiruagaval,Film,73,சிவபெருமான் (Lord Shiva),Cinematic Film / Video,சமயக்குரவர் பெருமக்கள் (திருமுறை),பன்னிரு திருமுறைகள் / தேவாரம் & திருவாசகம்,Discography ; Lord Shiva Songs,https://www.youtube.com/watch?v=2vuuHMEhs20,PT12M58S,2026-02-02T07:13:31Z
48,31xVgvxoiUA,திருப்பாவை: பாசுரம் 3 - ஓங்கி உலகளந்த | Thiruppavai: Ongi Ulagalandha [Film],திருப்பாவை,திருப்பாவை: பாசுரம் 3 - ஓங்கி உலகளந்த,Thiruppavai: Ongi Ulagalandha,Film,76,விஷ்ணு / கிருஷ்ணர் (Lord Vishnu & Krishna),Cinematic Film / Video,ஆழ்வார்கள் / நாலாயிர திவ்வியப் பிரபந்தம்,திருப்பாவை & நாலாயிர திவ்வியப் பிரபந்தம்,Discography ; Lord Vishnu Songs,https://www.youtube.com/watch?v=31xVgvxoiUA,PT3M47S,2026-09-27T10:02:37Z
49,34D_HpbRxfo,தேவாரம்: திருவோத்தூர் பதிகம் (பூத்தேர்ந்து ஆயன III) | Thevaram: Thiruvothur III [Film],தேவாரம்,தேவாரம்: திருவோத்தூர் பதிகம் (பூத்தேர்ந்து ஆயன III),Thevaram: Thiruvothur III,Film,86,சிவபெருமான் (Lord Shiva),Cinematic Film / Video,சமயக்குரவர் பெருமக்கள் (திருமுறை),பன்னிரு திருமுறைகள் / தேவாரம் & திருவாசகம்,Discography ; Lord Shiva Songs,https://www.youtube.com/watch?v=34D_HpbRxfo,PT5M18S,2026-06-19T01:39:58Z
50,37qaN4sG53k,திருக்குறள்: அதிகாரம் 62 - ஆள்வினையுடைமை (Remix) | Thirukkural: Aalvinaiyudaimai [Remix],திருக்குறள்,திருக்குறள்: அதிகாரம் 62 - ஆள்வினையுடைமை (Remix),Thirukkural: Aalvinaiyudaimai,Remix,88,திருக்குறள் (Thirukkural),Audio Track (Master Composition),திருவள்ளுவர் (Thiruvalluvar),திருக்குறள் — அதிகாரம்: ஆள்வினையுடைமை,Discography ; திருக்குறள் | Thirukkural — Master Collection,https://www.youtube.com/watch?v=37qaN4sG53k,PT5M3S,2026-09-22T01:05:36Z
51,3CICxCn-4A0,திருக்குறள்: அதிகாரம் 42 - கேள்வி (Original) | Thirukkural: Kelvi Selvam [Audio],திருக்குறள்,திருக்குறள்: அதிகாரம் 42 - கேள்வி (Original),Thirukkural: Kelvi Selvam,Audio,80,திருக்குறள் (Thirukkural),Audio Track (Master Composition),திருவள்ளுவர் (Thiruvalluvar),திருக்குறள்,,https://www.youtube.com/watch?v=3CICxCn-4A0,PT4M9S,2026-09-18T20:13:18Z
52,3MOpXVMpA9s,திருக்குறள்: அதிகாரம் 57 - வெருவந்த செய்யாமை | Thirukkural: Veruvantha Seyyaamai [Film],திருக்குறள்,திருக்குறள்: அதிகாரம் 57 - வெருவந்த செய்யாமை,Thirukkural: Veruvantha Seyyaamai,Film,87,திருக்குறள் (Thirukkural),Cinematic Film / Video,திருவள்ளுவர் (Thiruvalluvar),திருக்குறள் — அதிகாரம் 57: வெருவந்த செய்யாமை,Discography ; திருக்குறள் | Thirukkural — Master Collection,https://www.youtube.com/watch?v=3MOpXVMpA9s,N/A,2026
53,3oJ2OPG-WCs,திருப்புகழ்: முத்தைத் தரு 2026 (திருப்புகழ்) | Thiruppugazh: Muthai Tharu [Film],திருப்புகழ்,திருப்புகழ்: முத்தைத் தரு 2026 (திருப்புகழ்),Thiruppugazh: Muthai Tharu,Film,80,முருகப் பெருமான் (Lord Murugar),Cinematic Film / Video,அருணகிரிநாத சுவாமிகள்,திருப்புகழ் (விநாயகர் துதி),Discography ; Lord Murugar Songs,https://www.youtube.com/watch?v=3oJ2OPG-WCs,PT3M26S,2026-02-14T13:24:56Z
54,3t5U9ABVeOc,தேவாரம்: மாசில் வீணையும் | Thevaram: River Music [Film],தேவாரம்,தேவாரம்: மாசில் வீணையும்,Thevaram: River Music,Film,55,சிவபெருமான் (Lord Shiva),Cinematic Film / Video,திருநாவுக்கரசு சுவாமிகள் (அப்பர்),தேவாரம் (நமச்சிவாயப் பதிகம்),Discography ; Lord Shiva Songs,https://www.youtube.com/watch?v=3t5U9ABVeOc,PT4M33S,2026-09-27T10:00:54Z
55,3yB_oTqh6Jk,திருக்குறள்: அதிகாரம் 68 - வினைசெயல்வகை (Female) | Thirukkural: Vinai Seyalvagai Female [Film],திருக்குறள்,திருக்குறள்: அதிகாரம் 68 - வினைசெயல்வகை (Female),Thirukkural: Vinai Seyalvagai Female,Film,94,திருக்குறள் (Thirukkural),Cinematic Film / Video,திருவள்ளுவர் (Thiruvalluvar),திருக்குறள் — அதிகாரம்: வினைசெயல்வகை,Discography ; திருக்குறள் | Thirukkural — Master Collection,https://www.youtube.com/watch?v=3yB_oTqh6Jk,PT5M23S,2026-09-28T17:32:20Z
56,3youy-33GtY,திருவருட்பா: அருட்பெருஞ்சோதி அகவல் II | Thiruvarutpa: Arutperunjothi III [Film],திருவருட்பா,திருவருட்பா: அருட்பெருஞ்சோதி அகவல் II,Thiruvarutpa: Arutperunjothi III,Film,79,வள்ளலார் / சன்மார்க்கம் (Thiruvarutpa / Sanmargam),Cinematic Film / Video,வள்ளலார் இராமலிங்க அடிகளார்,திருவருட்பா (அருட்பெருஞ்சோதி அகவல்),Discography ; Other Songs,https://www.youtube.com/watch?v=3youy-33GtY,PT9M14S,2026-03-15T12:19:46Z
57,4-FJ8eh7Als,திருவருட்பா: குரு பகவான் துதி 2026 | Thiruvarutpa: Guru Bhagavan Thuthi [Film],திருவருட்பா,திருவருட்பா: குரு பகவான் துதி 2026,Thiruvarutpa: Guru Bhagavan Thuthi,Film,78,மரபு & கலாச்சாரம் (Cultural & Heritage),Cinematic Film / Video,வள்ளலார் இராமலிங்க அடிகளார் / மகாகவி பாரதியார்,திருவருட்பா / தேசிய ஆன்மீகப் பனுவல்,Discography ; Other Songs,https://www.youtube.com/watch?v=4-FJ8eh7Als,PT6M22S,2026-09-27T17:18:37Z
58,40ML9b--tg4,பக்திப் பாடல்: சிவ புராணம் 2026 (II) | Devotional: Sivapuranam II [Film],பக்திப் பாடல்,பக்திப் பாடல்: சிவ புராணம் 2026 (II),Devotional: Sivapuranam II,Film,72,சிவபெருமான் (Lord Shiva),Cinematic Film / Video,மாணிக்கவாசகப் பெருமான்,திருவாசகம் (எட்டாம் திருமுறை),Lord Shiva Songs ; Lord Vishnu Songs,https://www.youtube.com/watch?v=40ML9b--tg4,PT11M47S,2026-09-29T07:25:31Z
59,468ErjVLRCs,திருப்பாவை: விஷ்ணும் ஜிஷ்ணும் | Thiruppavai: Vishnum Jishnum [Film],திருப்பாவை,திருப்பாவை: விஷ்ணும் ஜிஷ்ணும்,Thiruppavai: Vishnum Jishnum,Film,67,விஷ்ணு / கிருஷ்ணர் (Lord Vishnu & Krishna),Cinematic Film / Video,ஆழ்வார்கள் / நாலாயிர திவ்வியப் பிரபந்தம்,திருப்பாவை & நாலாயிர திவ்வியப் பிரபந்தம்,Discography ; Lord Vishnu Songs,https://www.youtube.com/watch?v=468ErjVLRCs,PT4M32S,2026-03-15T18:19:35Z
60,4QpJHz2SAbU,பக்திப் பாடல்: கள்ளப் பிழையும் | Devotional: Kalla Pizhaiyum [Film],பக்திப் பாடல்,பக்திப் பாடல்: கள்ளப் பிழையும்,Devotional: Kalla Pizhaiyum,Film,67,சிவபெருமான் (Lord Shiva),Cinematic Film / Video,சமயக்குரவர் பெருமக்கள் (திருமுறை),பன்னிரு திருமுறைகள் / தேவாரம் & திருவாசகம்,Discography ; Lord Shiva Songs,https://www.youtube.com/watch?v=4QpJHz2SAbU,PT6M22S,2026-09-27T19:05:33Z
61,4RUk7FPJ3TU,திருவாசகம்: குழைத்த பத்து | Thiruvasagam: Kuzhaitha Pathu II [Film],திருவாசகம்,திருவாசகம்: குழைத்த பத்து,Thiruvasagam: Kuzhaitha Pathu II,Film,67,சிவபெருமான் (Lord Shiva),Cinematic Film / Video,சமயக்குரவர் பெருமக்கள் (திருமுறை),பன்னிரு திருமுறைகள் / தேவாரம் & திருவாசகம்,Lord Shiva Songs,https://www.youtube.com/watch?v=4RUk7FPJ3TU,PT9M19S,2026-09-29T07:23:33Z
62,4UGFfmEpphI,திருவருட்பா: அபராத விண்ணப்பம் I | Thiruvarutpa: Aparadha Vinnappam I [Audio],திருவருட்பா,திருவருட்பா: அபராத விண்ணப்பம் I,Thiruvarutpa: Aparadha Vinnappam I,Audio,76,வள்ளலார் / சன்மார்க்கம் (Thiruvarutpa / Sanmargam),Audio Track (Master Composition),வள்ளலார் இராமலிங்க அடிகளார் / மகாகவி பாரதியார்,திருவருட்பா / தேசிய ஆன்மீகப் பனுவல்,Discography ; Other Songs,https://www.youtube.com/watch?v=4UGFfmEpphI,PT6M19S,2026-07-26T16:45:49Z
63,4qnq1zW63hI,திருவருட்பா: பதி விளக்கம் | Thiruvarutpa: Pathi Vilakkam [Audio],திருவருட்பா,திருவருட்பா: பதி விளக்கம்,Thiruvarutpa: Pathi Vilakkam,Audio,64,வள்ளலார் / சன்மார்க்கம் (Thiruvarutpa / Sanmargam),Audio Track (Master Composition),வள்ளலார் இராமலிங்க அடிகளார் / மகாகவி பாரதியார்,திருவருட்பா / தேசிய ஆன்மீகப் பனுவல்,Discography ; Other Songs,https://www.youtube.com/watch?v=4qnq1zW63hI,PT6M50S,2026-08-18T00:29:35Z
64,4sJwwtZHUvI,திருவாசகம்: திருப்புலம்பல் | Thiruvasagam: Thirupulambal [Film],திருவாசகம்,திருவாசகம்: திருப்புலம்பல்,Thiruvasagam: Thirupulambal,Film,63,சிவபெருமான் (Lord Shiva),Cinematic Film / Video,சமயக்குரவர் பெருமக்கள் (திருமுறை),பன்னிரு திருமுறைகள் / தேவாரம் & திருவாசகம்,Discography ; Lord Shiva Songs,https://www.youtube.com/watch?v=4sJwwtZHUvI,PT3M44S,2026-09-27T04:35:43Z
65,4vZEVROZIx8,திருப்பாவை: நமோ நாராயணம் (தசாவதாரம்) | Thiruppavai: Namo Narayanam [Film],திருப்பாவை,திருப்பாவை: நமோ நாராயணம் (தசாவதாரம்),Thiruppavai: Namo Narayanam,Film,73,விஷ்ணு / கிருஷ்ணர் (Lord Vishnu & Krishna),Cinematic Film / Video,ஆழ்வார்கள் / நாலாயிர திவ்வியப் பிரபந்தம்,திருப்பாவை & நாலாயிர திவ்வியப் பிரபந்தம்,Discography ; Lord Vishnu Songs,https://www.youtube.com/watch?v=4vZEVROZIx8,PT7M35S,2026-08-28T05:22:56Z
66,4zG1CdYiVxs,திருவருட்பா: அன்பு மாலை - 2026 | Thiruvarutpa: II [Film],திருவருட்பா,திருவருட்பா: அன்பு மாலை - 2026,Thiruvarutpa: II,Film,56,சிவபெருமான் (Lord Shiva),Cinematic Film / Video,சமயக்குரவர் பெருமக்கள் (திருமுறை),பன்னிரு திருமுறைகள் / தேவாரம் & திருவாசகம்,Discography ; Lord Shiva Songs,https://www.youtube.com/watch?v=4zG1CdYiVxs,PT4M40S,2026-08-11T11:07:11Z
67,4zff_qi_G1E,திருக்குறள்: அதிகாரம் 82 - தீ நட்பு | Thirukkural: Thee Natpu [Film],திருக்குறள்,திருக்குறள்: அதிகாரம் 82 - தீ நட்பு,Thirukkural: Thee Natpu,Film,68,திருக்குறள் (Thirukkural),Cinematic Film / Video,திருவள்ளுவர் (Thiruvalluvar),திருக்குறள் — அதிகாரம்: தீ நட்பு,Discography ; திருக்குறள் | Thirukkural — Master Collection,https://www.youtube.com/watch?v=4zff_qi_G1E,PT4M43S,2026-09-28T17:04:26Z
68,5-z9v-1INWg,திருக்குறள்: அதிகாரம் 46 - சிற்றினம் சேராமை (Original) | Thirukkural: Sittrinam Seramai [Audio],திருக்குறள்,திருக்குறள்: அதிகாரம் 46 - சிற்றினம் சேராமை (Original),Thirukkural: Sittrinam Seramai,Audio,95,திருக்குறள் (Thirukkural),Audio Track (Master Composition),திருவள்ளுவர் (Thiruvalluvar),திருக்குறள் — அதிகாரம்: சிற்றினம் சேராமை,Discography ; திருக்குறள் | Thirukkural — Master Collection,https://www.youtube.com/watch?v=5-z9v-1INWg,PT5M54S,2026-09-19T22:45:56Z
69,53AcrjC3imY,திருக்குறள்: அதிகாரம் 46 - சிற்றினம் சேராமை | Thirukkural: Sitrinam Seraamai [Film],திருக்குறள்,திருக்குறள்: அதிகாரம் 46 - சிற்றினம் சேராமை,Thirukkural: Sitrinam Seraamai,Film,83,திருக்குறள் (Thirukkural),Cinematic Film / Video,திருவள்ளுவர் (Thiruvalluvar),திருக்குறள் — அதிகாரம்: சிற்றினம் சேராமை,திருக்குறள் | Thirukkural — Master Collection,https://www.youtube.com/watch?v=53AcrjC3imY,N/A,2026
70,57X8XwJaB0U,பெரியபுராணம்: உலகெலாம் உணர்ந்து ஓதற்கு அரியவன் | Periyapuranam: Ulagelam Unarnthu [Film],பெரியபுராணம்,பெரியபுராணம்: உலகெலாம் உணர்ந்து ஓதற்கு அரியவன்,Periyapuranam: Ulagelam Unarnthu,Film,88,சிவபெருமான் (Lord Shiva),Cinematic Film / Video,சமயக்குரவர் பெருமக்கள் (திருமுறை),பன்னிரு திருமுறைகள் / தேவாரம் & திருவாசகம்,Discography ; Lord Shiva Songs,https://www.youtube.com/watch?v=57X8XwJaB0U,PT3M59S,2026-03-13T04:33:43Z
71,5GHCLSRXtn4,பக்திப் பாடல்: கரைந்து கைதொழுவாரையும் | Devotional: Karaindhu Kai Thozhuvaaraiyum [Film],பக்திப் பாடல்,பக்திப் பாடல்: கரைந்து கைதொழுவாரையும்,Devotional: Karaindhu Kai Thozhuvaaraiyum,Film,88,சிவபெருமான் (Lord Shiva),Cinematic Film / Video,சமயக்குரவர் பெருமக்கள் (திருமுறை),பன்னிரு திருமுறைகள் / தேவாரம் & திருவாசகம்,Discography ; Lord Shiva Songs,https://www.youtube.com/watch?v=5GHCLSRXtn4,PT9M32S,2026-09-27T16:45:43Z
72,5RTBMEIozEg,கந்தர் அலங்காரம்: நாள் என் செய்யும் | Kandhar Alangaram: Naal En Seyyum [Film],கந்தர் அலங்காரம்,கந்தர் அலங்காரம்: நாள் என் செய்யும்,Kandhar Alangaram: Naal En Seyyum,Film,78,சிவபெருமான் (Lord Shiva),Cinematic Film / Video,சமயக்குரவர் பெருமக்கள் (திருமுறை),பன்னிரு திருமுறைகள் / தேவாரம் & திருவாசகம்,Discography ; Lord Shiva Songs,https://www.youtube.com/watch?v=5RTBMEIozEg,PT5M54S,2026-09-27T04:39:20Z
73,5coBrJy6a5M,திருக்குறள்: அதிகாரம் 55 - செங்கோன்மை (Remix) | Thirukkural: Sengonmai [Remix],திருக்குறள்,திருக்குறள்: அதிகாரம் 55 - செங்கோன்மை (Remix),Thirukkural: Sengonmai,Remix,78,திருக்குறள் (Thirukkural),Audio Track (Master Composition),திருவள்ளுவர் (Thiruvalluvar),திருக்குறள் — அதிகாரம்: செங்கோன்மை,Discography ; திருக்குறள் | Thirukkural — Master Collection,https://www.youtube.com/watch?v=5coBrJy6a5M,PT4M49S,2026-09-21T02:45:07Z
74,5gO0xpY_Y3E,திருவருட்பா: Hans Zimmer - Interstellar | Thiruvarutpa: Sacred Ambient Instrumental [Film],திருவருட்பா,திருவருட்பா: Hans Zimmer - Interstellar,Thiruvarutpa: Sacred Ambient Instrumental,Film,90,மரபு & கலாச்சாரம் (Cultural & Heritage),Devotional Music Video,வள்ளலார் இராமலிங்க அடிகளார் / மகாகவி பாரதியார்,திருவருட்பா / தேசிய ஆன்மீகப் பனுவல்,Discography,https://www.youtube.com/watch?v=5gO0xpY_Y3E,PT2H1M38S,2023-05-30T13:00:03Z
75,5gzJXgmt7AY,திருவருட்பா: திருவருண் முறையீடு | Thiruvarutpa: Thiruvarun Muraiyidu [Audio],திருவருட்பா,திருவருட்பா: திருவருண் முறையீடு,Thiruvarutpa: Thiruvarun Muraiyidu,Audio,76,வள்ளலார் / சன்மார்க்கம் (Thiruvarutpa / Sanmargam),Audio Track (Master Composition),வள்ளலார் இராமலிங்க அடிகளார் / மகாகவி பாரதியார்,திருவருட்பா / தேசிய ஆன்மீகப் பனுவல்,Discography ; Other Songs,https://www.youtube.com/watch?v=5gzJXgmt7AY,PT9M14S,2026-07-14T09:29:52Z
76,5uRYFxhT32k,திருக்குறள்: அதிகாரம் 52 - தெரிந்து வினையாடல் (Original) | Therinthu Vinaiyaadal [Audio],திருக்குறள்,திருக்குறள்: அதிகாரம் 52 - தெரிந்து வினையாடல் (Original),Therinthu Vinaiyaadal,Audio,88,திருக்குறள் (Thirukkural),Audio Track (Master Composition),திருவள்ளுவர் (Thiruvalluvar),திருக்குறள்,,https://www.youtube.com/watch?v=5uRYFxhT32k,PT6M23S,2026-09-20T20:53:27Z
77,5vieI9fE5Y8,திருவருட்பா: புண்ணிய விளக்கம் | Thiruvarutpa: Punniya Vilakkam [Film],திருவருட்பா,திருவருட்பா: புண்ணிய விளக்கம்,Thiruvarutpa: Punniya Vilakkam,Film,69,சிவபெருமான் (Lord Shiva),Cinematic Film / Video,சமயக்குரவர் பெருமக்கள் (திருமுறை),பன்னிரு திருமுறைகள் / தேவாரம் & திருவாசகம்,Discography ; Lord Shiva Songs,https://www.youtube.com/watch?v=5vieI9fE5Y8,PT9M41S,2026-07-16T01:06:02Z
78,60rrBjJfAS4,அபிராமி அந்தாதி: தனந்தரும் கல்விதரும் | Abhirami Andhadhi: Dhanam Tharum Abhirami [Film],அபிராமி அந்தாதி,அபிராமி அந்தாதி: தனந்தரும் கல்விதரும்,Abhirami Andhadhi: Dhanam Tharum Abhirami,Film,88,விஷ்ணு / கிருஷ்ணர் (Lord Vishnu & Krishna),Cinematic Film / Video,அபிராமி பட்டர்,அபிராமி அந்தாதி,Discography ; Goddess Amman Songs,https://www.youtube.com/watch?v=60rrBjJfAS4,PT3M57S,2026-09-27T13:14:31Z
79,6MaQYObW8OQ,திருக்குறள்: அதிகாரம் 35 - துறவு (Female) | Thirukkural: Thuravu Female [Film],திருக்குறள்,திருக்குறள்: அதிகாரம் 35 - துறவு (Female),Thirukkural: Thuravu Female,Film,78,திருக்குறள் (Thirukkural),Cinematic Film / Video,திருவள்ளுவர் (Thiruvalluvar),திருக்குறள் — அதிகாரம்: துறவு,Discography ; திருக்குறள் | Thirukkural — Master Collection,https://www.youtube.com/watch?v=6MaQYObW8OQ,PT4M43S,2026-09-28T16:10:00Z
80,6OUebTuktZI,திருக்குறள்: அதிகாரம் 8 - அன்புடைமை (Original) | Thirukkural: Anbudaimai [Audio],திருக்குறள்,திருக்குறள்: அதிகாரம் 8 - அன்புடைமை (Original),Thirukkural: Anbudaimai,Audio,80,திருக்குறள் (Thirukkural),Audio Track (Master Composition),திருவள்ளுவர் (Thiruvalluvar),திருக்குறள் — அதிகாரம்: அன்புடைமை,Discography ; திருக்குறள் | Thirukkural — Master Collection,https://www.youtube.com/watch?v=6OUebTuktZI,N/A,2026
81,6_qh4-WoWNM,பக்திப் பாடல்: அபராதத்து ஆற்றாமை | Devotional: Abaraathathu Aatraamai [Film],பக்திப் பாடல்,பக்திப் பாடல்: அபராதத்து ஆற்றாமை,Devotional: Abaraathathu Aatraamai,Film,76,சிவபெருமான் (Lord Shiva),Cinematic Film / Video,சமயக்குரவர் பெருமக்கள் (திருமுறை),பன்னிரு திருமுறைகள் / தேவாரம் & திருவாசகம்,Discography ; Lord Shiva Songs,https://www.youtube.com/watch?v=6_qh4-WoWNM,PT4M49S,2026-09-29T07:34:26Z
82,6cE4xUOmSzU,திருவாசகம்: சிவபுராணம் (நமச்சிவாய வாழ்க) | Thiruvasagam: Sivapuranam [Film],திருவாசகம்,திருவாசகம்: சிவபுராணம் (நமச்சிவாய வாழ்க),Thiruvasagam: Sivapuranam,Film,75,சிவபெருமான் (Lord Shiva),Cinematic Film / Video,மாணிக்கவாசகப் பெருமான்,திருவாசகம் (எட்டாம் திருமுறை),Discography ; Lord Shiva Songs,https://www.youtube.com/watch?v=6cE4xUOmSzU,PT16M55S,2026-08-20T05:34:04Z
83,6hfla_PRW40,திருக்குறள்: அதிகாரம் 71 - குறிப்பறிதல் (Original) | Thirukkural: Kuripparithal [Audio],திருக்குறள்,திருக்குறள்: அதிகாரம் 71 - குறிப்பறிதல் (Original),Thirukkural: Kuripparithal,Audio,87,திருக்குறள் (Thirukkural),Audio Track (Master Composition),திருவள்ளுவர் (Thiruvalluvar),திருக்குறள் — அதிகாரம்: குறிப்பறிதல்,Discography ; திருக்குறள் | Thirukkural — Master Collection,https://www.youtube.com/watch?v=6hfla_PRW40,PT4M35S,2026-09-23T23:18:55Z
84,6ofQ9hrD1RQ,திருக்குறள்: அதிகாரம் 6 - வாழ்க்கைத் துணைநலம் | Thirukkural: Vaazkkai Thunai [Film],திருக்குறள்,திருக்குறள்: அதிகாரம் 6 - வாழ்க்கைத் துணைநலம்,Thirukkural: Vaazkkai Thunai,Film,83,திருக்குறள் (Thirukkural),Cinematic Film / Video,திருவள்ளுவர் (Thiruvalluvar),திருக்குறள் உலகப் பொதுமறை,Discography ; Other Songs ; திருக்குறள் | Thirukkural — Master Collection,https://www.youtube.com/watch?v=6ofQ9hrD1RQ,PT5M3S,2026-01-13T19:39:13Z
85,6p5A87HdAAI,திருவருட்பா: ஞானத் திருவடி 2026 | Thiruvarutpa: Gnanath Thiruvadi [Film],திருவருட்பா,திருவருட்பா: ஞானத் திருவடி 2026,Thiruvarutpa: Gnanath Thiruvadi,Film,72,மரபு & கலாச்சாரம் (Cultural & Heritage),Cinematic Film / Video,வள்ளலார் இராமலிங்க அடிகளார் / மகாகவி பாரதியார்,திருவருட்பா / தேசிய ஆன்மீகப் பனுவல்,Discography ; Other Songs,https://www.youtube.com/watch?v=6p5A87HdAAI,PT6M,2026-05-21T08:32:34Z
86,6r6TpY-sgbw,திருக்குறள்: அதிகாரம் 75 - அரண் | Thirukkural: Aran [Film],திருக்குறள்,திருக்குறள்: அதிகாரம் 75 - அரண்,Thirukkural: Aran,Film,58,திருக்குறள் (Thirukkural),Cinematic Film / Video,திருவள்ளுவர் (Thiruvalluvar),திருக்குறள் — அதிகாரம்: அரண்,திருக்குறள் | Thirukkural — Master Collection,https://www.youtube.com/watch?v=6r6TpY-sgbw,PT4M34S,2026-09-28T09:26:00Z
87,73GrCFM_v6Q,திருவருட்பா: திருமுல்லைவாயில் I | Thiruvarutpa: Thirumullaivayil I [Audio],திருவருட்பா,திருவருட்பா: திருமுல்லைவாயில் I,Thiruvarutpa: Thirumullaivayil I,Audio,74,சிவபெருமான் (Lord Shiva),Audio Track (Master Composition),சமயக்குரவர் பெருமக்கள் (திருமுறை),பன்னிரு திருமுறைகள் / தேவாரம் & திருவாசகம்,Discography ; Lord Shiva Songs,https://www.youtube.com/watch?v=73GrCFM_v6Q,PT6M39S,2026-07-23T05:04:46Z
88,75W77Q-_Oe8,திருவாசகம்: சென்னிப்பத்து | Thiruvasagam: Sennippathu [Film],திருவாசகம்,திருவாசகம்: சென்னிப்பத்து,Thiruvasagam: Sennippathu,Film,60,சிவபெருமான் (Lord Shiva),Cinematic Film / Video,சமயக்குரவர் பெருமக்கள் (திருமுறை),பன்னிரு திருமுறைகள் / தேவாரம் & திருவாசகம்,Discography ; Lord Shiva Songs,https://www.youtube.com/watch?v=75W77Q-_Oe8,PT12M45S,2026-02-09T06:37:55Z
89,778r-nAUX9Q,திருக்குறள்: அதிகாரம் 81 - பழைமை | Thirukkural: Pazhaimai [Film],திருக்குறள்,திருக்குறள்: அதிகாரம் 81 - பழைமை,Thirukkural: Pazhaimai,Film,64,திருக்குறள் (Thirukkural),Cinematic Film / Video,திருவள்ளுவர் (Thiruvalluvar),திருக்குறள் — அதிகாரம்: பழைமை,Discography ; திருக்குறள் | Thirukkural — Master Collection,https://www.youtube.com/watch?v=778r-nAUX9Q,PT5M9S,2026-09-28T17:00:04Z
90,79u01V3wbZc,திருக்குறள்: அதிகாரம் 78 - படைச்செருக்கு | Thirukkural: Padaicherukku [Film],திருக்குறள்,திருக்குறள்: அதிகாரம் 78 - படைச்செருக்கு,Thirukkural: Padaicherukku,Film,76,திருக்குறள் (Thirukkural),Cinematic Film / Video,திருவள்ளுவர் (Thiruvalluvar),திருக்குறள் — அதிகாரம்: படைச்செருக்கு,Discography ; திருக்குறள் | Thirukkural — Master Collection,https://www.youtube.com/watch?v=79u01V3wbZc,PT3M49S,2026-09-28T17:28:30Z
91,7NECOtuTZ_Y,திருவருட்பா: ஆஞ்சநேயர் துதி | Thiruvarutpa: Anjaneyar Thuthi [Film],திருவருட்பா,திருவருட்பா: ஆஞ்சநேயர் துதி,Thiruvarutpa: Anjaneyar Thuthi,Film,67,மரபு & கலாச்சாரம் (Cultural & Heritage),Cinematic Film / Video,வள்ளலார் இராமலிங்க அடிகளார் / மகாகவி பாரதியார்,திருவருட்பா / தேசிய ஆன்மீகப் பனுவல்,Discography ; Other Songs,https://www.youtube.com/watch?v=7NECOtuTZ_Y,PT3M10S,2026-02-11T01:57:51Z
92,7TlWCD9pa_0,திருவருட்பா: முத்தி உபாயம் | Thiruvarutpa: Muthi Upayam [Audio],திருவருட்பா,திருவருட்பா: முத்தி உபாயம்,Thiruvarutpa: Muthi Upayam,Audio,63,வள்ளலார் / சன்மார்க்கம் (Thiruvarutpa / Sanmargam),Audio Track (Master Composition),வள்ளலார் இராமலிங்க அடிகளார் / மகாகவி பாரதியார்,திருவருட்பா / தேசிய ஆன்மீகப் பனுவல்,Discography ; Other Songs,https://www.youtube.com/watch?v=7TlWCD9pa_0,PT4M45S,2026-07-19T01:55:34Z
93,7WnikKPxo-k,பக்திப் பாடல்: ஆனந்த மாலை | Devotional: Anandha Maalai [Film],பக்திப் பாடல்,பக்திப் பாடல்: ஆனந்த மாலை,Devotional: Anandha Maalai,Film,61,சிவபெருமான் (Lord Shiva),Cinematic Film / Video,சமயக்குரவர் பெருமக்கள் (திருமுறை),பன்னிரு திருமுறைகள் / தேவாரம் & திருவாசகம்,Discography ; Lord Shiva Songs,https://www.youtube.com/watch?v=7WnikKPxo-k,PT5M2S,2026-02-11T05:38:11Z
94,7iWQUBmq3aU,அபிராமி அந்தாதி: தனந்தரும் கல்விதரும் | Abhirami Andhadhi: Vadivudai Manikkamalai [Film],அபிராமி அந்தாதி,அபிராமி அந்தாதி: தனந்தரும் கல்விதரும்,Abhirami Andhadhi: Vadivudai Manikkamalai,Film,88,அம்மன் / சக்தி (Goddess Amman),Cinematic Film / Video,அபிராமி பட்டர் / தேவி உபாசகர்கள்,அபிராமி அந்தாதி / லலிதா போற்றி,Discography ; Goddess Amman Songs,https://www.youtube.com/watch?v=7iWQUBmq3aU,PT14M36S,2026-09-27T15:56:35Z
95,7npbkuQwjEE,திருக்குறள்: அதிகாரம் 32 - இன்னா செய்யாமை | Thirukkural: Inna Seidharai [Film],திருக்குறள்,திருக்குறள்: அதிகாரம் 32 - இன்னா செய்யாமை,Thirukkural: Inna Seidharai,Film,78,திருக்குறள் (Thirukkural),Cinematic Film / Video,திருவள்ளுவர் (Thiruvalluvar),திருக்குறள் — அதிகாரம்: இன்னா செய்யாமை,Discography ; திருக்குறள் | Thirukkural — Master Collection,https://www.youtube.com/watch?v=7npbkuQwjEE,PT8M,2026-09-27T04:43:49Z
96,7wJJCQrYo04,திருக்குறள்: அதிகாரம் 125 - நெஞ்சறிவுறுத்தல் (பகுதி 2) | Nenjari Vuruthal II [Film],திருக்குறள்,திருக்குறள்: அதிகாரம் 125 - நெஞ்சறிவுறுத்தல் (பகுதி 2),Nenjari Vuruthal II,Film,83,திருக்குறள் (Thirukkural),Cinematic Film / Video,திருவள்ளுவர் (Thiruvalluvar),திருக்குறள் — அதிகாரம்: நெஞ்சறிவுறுத்தல்,Discography ; Other Songs ; திருக்குறள் | Thirukkural — Master Collection,https://www.youtube.com/watch?v=7wJJCQrYo04,PT4M24S,2026-07-15T14:24:00Z
97,817Wxel4F5s,திருக்குறள்: அதிகாரம் 50 - இடனறிதல் | Thirukkural: Idanarithal [Film],திருக்குறள்,திருக்குறள்: அதிகாரம் 50 - இடனறிதல்,Thirukkural: Idanarithal,Film,69,திருக்குறள் (Thirukkural),Cinematic Film / Video,திருவள்ளுவர் (Thiruvalluvar),திருக்குறள் — அதிகாரம்: இடனறிதல்,திருக்குறள் | Thirukkural — Master Collection,https://www.youtube.com/watch?v=817Wxel4F5s,PT4M31S,2026-09-28T13:11:41Z
98,89Q2g8AllcE,திருவாசகம்: நடராஜர் பத்து | Thiruvasagam: Natarajar Pathu [Film],திருவாசகம்,திருவாசகம்: நடராஜர் பத்து,Thiruvasagam: Natarajar Pathu,Film,64,சிவபெருமான் (Lord Shiva),Cinematic Film / Video,சமயக்குரவர் பெருமக்கள் (திருமுறை),பன்னிரு திருமுறைகள் / தேவாரம் & திருவாசகம்,Discography ; Lord Shiva Songs,https://www.youtube.com/watch?v=89Q2g8AllcE,PT35M5S,2026-08-27T20:24:19Z
99,8AEEcskF-Jo,திருக்குறள்: அதிகாரம் 35 - துறவு | Thirukkural: Thuravu [Film],திருக்குறள்,திருக்குறள்: அதிகாரம் 35 - துறவு,Thirukkural: Thuravu,Film,62,திருக்குறள் (Thirukkural),Cinematic Film / Video,திருவள்ளுவர் (Thiruvalluvar),திருக்குறள் — அதிகாரம்: துறவு,திருக்குறள் | Thirukkural — Master Collection,https://www.youtube.com/watch?v=8AEEcskF-Jo,PT4M27S,2026-09-28T15:37:19Z
100,8BPlAB-ZHHk,தேவாரம்: கடவுளைக் கடலுள் எழு (திருக்குறுந்தொகை) | Thevaram: Kadavulai Kadalul Ezhu [Film],தேவாரம்,தேவாரம்: கடவுளைக் கடலுள் எழு (திருக்குறுந்தொகை),Thevaram: Kadavulai Kadalul Ezhu,Film,89,சிவபெருமான் (Lord Shiva),Cinematic Film / Video,சமயக்குரவர் பெருமக்கள் (திருமுறை),பன்னிரு திருமுறைகள் / தேவாரம் & திருவாசகம்,Discography ; Lord Shiva Songs,https://www.youtube.com/watch?v=8BPlAB-ZHHk,PT9M55S,2026-06-21T13:38:49Z
101,8HUmRJKyxTc,தேவாரம்: அவிநாசிப் பதிகம் | Thevaram: Avinasi Pathigam [Film],தேவாரம்,தேவாரம்: அவிநாசிப் பதிகம்,Thevaram: Avinasi Pathigam,Film,61,சிவபெருமான் (Lord Shiva),Cinematic Film / Video,சமயக்குரவர் பெருமக்கள் (திருமுறை),பன்னிரு திருமுறைகள் / தேவாரம் & திருவாசகம்,Discography ; Lord Shiva Songs,https://www.youtube.com/watch?v=8HUmRJKyxTc,PT3M50S,2026-03-13T04:33:43Z
102,8IAiHMylZJc,பக்திப் பாடல்: ஆடலமுதப் பத்து | Devotional: Aadalamudha Pathu [Film],பக்திப் பாடல்,பக்திப் பாடல்: ஆடலமுதப் பத்து,Devotional: Aadalamudha Pathu,Film,68,சிவபெருமான் (Lord Shiva),Cinematic Film / Video,சமயக்குரவர் பெருமக்கள் (திருமுறை),பன்னிரு திருமுறைகள் / தேவாரம் & திருவாசகம்,Discography ; Lord Shiva Songs,https://www.youtube.com/watch?v=8IAiHMylZJc,PT5M45S,2026-09-29T07:33:26Z
103,8KQc368hCmg,திருவருட்பா: நெஞ்சொடு நேர்தல் | Thiruvarutpa: Nenjodu Nerthal [Audio],திருவருட்பா,திருவருட்பா: நெஞ்சொடு நேர்தல்,Thiruvarutpa: Nenjodu Nerthal,Audio,69,வள்ளலார் / சன்மார்க்கம் (Thiruvarutpa / Sanmargam),Audio Track (Master Composition),வள்ளலார் இராமலிங்க அடிகளார் / மகாகவி பாரதியார்,திருவருட்பா / தேசிய ஆன்மீகப் பனுவல்,Discography ; Other Songs,https://www.youtube.com/watch?v=8KQc368hCmg,PT7M59S,2026-07-29T09:38:17Z
104,8YLA_CoDfP8,பக்திப் பாடல்: போற்றி திரு அகவல் 2026 | Devotional: Potri Thiru Agaval 2026 [Film],பக்திப் பாடல்,பக்திப் பாடல்: போற்றி திரு அகவல் 2026,Devotional: Potri Thiru Agaval 2026,Film,82,சிவபெருமான் (Lord Shiva),Cinematic Film / Video,சமயக்குரவர் பெருமக்கள் (திருமுறை),பன்னிரு திருமுறைகள் / தேவாரம் & திருவாசகம்,Discography ; Lord Shiva Songs,https://www.youtube.com/watch?v=8YLA_CoDfP8,PT20M55S,2026-09-28T16:07:12Z
105,8b2B047SSTo,தேவாரம்: திருவோத்தூர் பதிகம் (பூத்தேர்ந்து ஆயன) | Thevaram: Thiruvothur II [Film],தேவாரம்,தேவாரம்: திருவோத்தூர் பதிகம் (பூத்தேர்ந்து ஆயன),Thevaram: Thiruvothur II,Film,81,சிவபெருமான் (Lord Shiva),Cinematic Film / Video,சமயக்குரவர் பெருமக்கள் (திருமுறை),பன்னிரு திருமுறைகள் / தேவாரம் & திருவாசகம்,Discography ; Lord Shiva Songs,https://www.youtube.com/watch?v=8b2B047SSTo,PT8M,2026-06-19T01:39:58Z
106,8jLZHiozGxw,கந்தர் அநுபூதி: உருவாய் அருவாய் | Kandhar Anuboothi: Original [Film],கந்தர் அநுபூதி,கந்தர் அநுபூதி: உருவாய் அருவாய்,Kandhar Anuboothi: Original,Film,68,முருகப் பெருமான் (Lord Murugar),Cinematic Film / Video,அருணகிரிநாதர் & சைவப் புலவர்கள்,கந்தர் அநுபூதி / திருப்புகழ்,Discography ; Lord Murugar Songs,https://www.youtube.com/watch?v=8jLZHiozGxw,PT5M10S,2026-09-18T14:42:21Z
107,8mzfe5h9JoY,கந்த சஷ்டி கவசம்: முழு கவசம் | Kandha Sashti Kavasam: Kandha Sashti Kavasam II [Film],கந்த சஷ்டி கவசம்,கந்த சஷ்டி கவசம்: முழு கவசம்,Kandha Sashti Kavasam: Kandha Sashti Kavasam II,Film,85,முருகப் பெருமான் (Lord Murugar),Cinematic Film / Video,பாலதேவராய சுவாமிகள்,கந்த சஷ்டி கவசம்,Discography ; Lord Murugar Songs,https://www.youtube.com/watch?v=8mzfe5h9JoY,PT39M16S,2026-01-25T00:45:39Z
108,8uX2yl_EnMI,திருக்குறள்: அதிகாரம் 83 - கூடா நட்பு | Thirukkural: Kooda Natpu [Film],திருக்குறள்,திருக்குறள்: அதிகாரம் 83 - கூடா நட்பு,Thirukkural: Kooda Natpu,Film,71,திருக்குறள் (Thirukkural),Cinematic Film / Video,திருவள்ளுவர் (Thiruvalluvar),திருக்குறள் — அதிகாரம்: கூடா நட்பு,Discography ; திருக்குறள் | Thirukkural — Master Collection,https://www.youtube.com/watch?v=8uX2yl_EnMI,PT4M21S,2026-09-28T17:09:28Z
109,8wZGK0nGTEo,திருக்குறள்: அதிகாரம் 66 - வினைத்தூய்மை | Thirukkural: Vinai Thooymai [Film],திருக்குறள்,திருக்குறள்: அதிகாரம் 66 - வினைத்தூய்மை,Thirukkural: Vinai Thooymai,Film,76,திருக்குறள் (Thirukkural),Cinematic Film / Video,திருவள்ளுவர் (Thiruvalluvar),திருக்குறள் — அதிகாரம்: வினைத்தூய்மை,Discography ; திருக்குறள் | Thirukkural — Master Collection,https://www.youtube.com/watch?v=8wZGK0nGTEo,PT5M8S,2026-09-22T21:12:29Z
110,9-SvikTz2FU,திருக்குறள்: அதிகாரம் 53 - சுற்றந்தழால் (Remix) | Thirukkural: Suttranthazhaal [Remix],திருக்குறள்,திருக்குறள்: அதிகாரம் 53 - சுற்றந்தழால் (Remix),Thirukkural: Suttranthazhaal,Remix,86,திருக்குறள் (Thirukkural),Audio Track (Master Composition),திருவள்ளுவர் (Thiruvalluvar),திருக்குறள் — அதிகாரம்: சுற்றந்தழால்,Discography ; திருக்குறள் | Thirukkural — Master Collection,https://www.youtube.com/watch?v=9-SvikTz2FU,PT6M34S,2026-09-20T22:21:14Z
111,91RgQ8AygF4,திருக்குறள்: அதிகாரம் 84 - பேதைமை | Thirukkural: Pethaimai [Film],திருக்குறள்,திருக்குறள்: அதிகாரம் 84 - பேதைமை,Thirukkural: Pethaimai,Film,65,திருக்குறள் (Thirukkural),Cinematic Film / Video,திருவள்ளுவர் (Thiruvalluvar),திருக்குறள் — அதிகாரம்: பேதைமை,Discography ; திருக்குறள் | Thirukkural — Master Collection,https://www.youtube.com/watch?v=91RgQ8AygF4,PT5M33S,2026-09-29T06:14:49Z
112,94drEh5bkH0,சரஸ்வதி போற்றி: 108 போற்றி | Saraswathi Stotram: 108 Saraswathi Potri [Film],சரஸ்வதி போற்றி,சரஸ்வதி போற்றி: 108 போற்றி,Saraswathi Stotram: 108 Saraswathi Potri,Film,76,அம்மன் / சக்தி (Goddess Amman),Cinematic Film / Video,வேத பாரம்பரியம்,ஸ்ரீ சரஸ்வதி அஷ்டோத்தர சத நாமாவளி,Discography ; Goddess Amman Songs,https://www.youtube.com/watch?v=94drEh5bkH0,PT19M50S,2026-04-25T00:04:01Z
113,9EAskIS2xuc,திருக்குறள்: அதிகாரம் 29 - கள்ளாமை | Thirukkural: Kallaamai [Film],திருக்குறள்,திருக்குறள்: அதிகாரம் 29 - கள்ளாமை,Thirukkural: Kallaamai,Film,66,திருக்குறள் (Thirukkural),Cinematic Film / Video,திருவள்ளுவர் (Thiruvalluvar),திருக்குறள் — அதிகாரம்: கள்ளாமை,திருக்குறள் | Thirukkural — Master Collection,https://www.youtube.com/watch?v=9EAskIS2xuc,PT4M1S,2026-09-28T13:34:16Z
114,9NIv50lV4-M,திருக்குறள்: அதிகாரம் 36 - மெய்யுணர்தல் | Thirukkural: Meyyunarithal [Film],திருக்குறள்,திருக்குறள்: அதிகாரம் 36 - மெய்யுணர்தல்,Thirukkural: Meyyunarithal,Film,75,திருக்குறள் (Thirukkural),Cinematic Film / Video,திருவள்ளுவர் (Thiruvalluvar),திருக்குறள் — அதிகாரம்: மெய்யுணர்தல்,திருக்குறள் | Thirukkural — Master Collection,https://www.youtube.com/watch?v=9NIv50lV4-M,PT3M28S,2026-09-28T15:01:23Z
115,9PUF7elNSOU,திருவருட்பா: அருட்பெருஞ்சோதி அகவல் II | Thiruvarutpa: Arutperunjothi [Film],திருவருட்பா,திருவருட்பா: அருட்பெருஞ்சோதி அகவல் II,Thiruvarutpa: Arutperunjothi,Film,75,வள்ளலார் / சன்மார்க்கம் (Thiruvarutpa / Sanmargam),Cinematic Film / Video,வள்ளலார் இராமலிங்க அடிகளார்,திருவருட்பா (அருட்பெருஞ்சோதி அகவல்),Discography ; Other Songs,https://www.youtube.com/watch?v=9PUF7elNSOU,PT5M47S,2026-03-15T12:19:46Z
116,9Qhwgy74BXI,மகா மந்திரம்: ஹரே கிருஷ்ணா ஹரே ராமா | Maha Mantra: Hare Rama Hare Krishna [Film],மகா மந்திரம்,மகா மந்திரம்: ஹரே கிருஷ்ணா ஹரே ராமா,Maha Mantra: Hare Rama Hare Krishna,Film,80,விஷ்ணு / கிருஷ்ணர் (Lord Vishnu & Krishna),Cinematic Film / Video,வேத பாரம்பரியம்,ஸ்ரீமத் பாகவதம் & மகாபாரதம்,Discography ; Lord Krishnar Songs,https://www.youtube.com/watch?v=9Qhwgy74BXI,PT4M28S,2026-09-27T18:33:19Z
117,9YAr421Ft00,திருக்குறள்: அதிகாரம் 41 - கல்லாமை | Thirukkural: Kallaamai [Film],திருக்குறள்,திருக்குறள்: அதிகாரம் 41 - கல்லாமை,Thirukkural: Kallaamai,Film,66,திருக்குறள் (Thirukkural),Cinematic Film / Video,திருவள்ளுவர் (Thiruvalluvar),திருக்குறள் — அதிகாரம்: கல்லாமை,Discography ; திருக்குறள் | Thirukkural — Master Collection,https://www.youtube.com/watch?v=9YAr421Ft00,PT6M36S,2026-09-18T10:40:16Z
118,9kHN9Dzrv7o,திருக்குறள்: அதிகாரம் 42 - கேள்வி | Thirukkural: Kelvi Selvam [Film],திருக்குறள்,திருக்குறள்: அதிகாரம் 42 - கேள்வி,Thirukkural: Kelvi Selvam,Film,68,திருக்குறள் (Thirukkural),Cinematic Film / Video,திருவள்ளுவர் (Thiruvalluvar),திருக்குறள்,,https://www.youtube.com/watch?v=9kHN9Dzrv7o,PT4M9S,2026-09-28T13:54:35Z
119,9mOpq9daQVs,திருக்குறள்: அதிகாரம் 72 - அவையறிதல் (Original) | Thirukkural: Avaiyarithal [Audio],திருக்குறள்,திருக்குறள்: அதிகாரம் 72 - அவையறிதல் (Original),Thirukkural: Avaiyarithal,Audio,83,திருக்குறள் (Thirukkural),Audio Track (Master Composition),திருவள்ளுவர் (Thiruvalluvar),திருக்குறள் — அதிகாரம்: அவையறிதல்,Discography ; திருக்குறள் | Thirukkural — Master Collection,https://www.youtube.com/watch?v=9mOpq9daQVs,PT3M50S,2026-09-24T06:38:36Z
120,9nD8x8gbjBg,திருக்குறள்: அதிகாரம் 39 - இறைமாட்சி | Thirukkural: Irai Maatchi [Film],திருக்குறள்,திருக்குறள்: அதிகாரம் 39 - இறைமாட்சி,Thirukkural: Irai Maatchi,Film,71,திருக்குறள் (Thirukkural),Cinematic Film / Video,திருவள்ளுவர் (Thiruvalluvar),திருக்குறள் — அதிகாரம்: இறைமாட்சி,Discography ; திருக்குறள் | Thirukkural — Master Collection,https://www.youtube.com/watch?v=9nD8x8gbjBg,N/A,2026
121,A2CB3LpJ0Qk,தேவாரம்: கரைந்து கைதொழுவாரையும் | Thevaram: Karainthu Kaithozhuvar [Film],தேவாரம்,தேவாரம்: கரைந்து கைதொழுவாரையும்,Thevaram: Karainthu Kaithozhuvar,Film,73,சிவபெருமான் (Lord Shiva),Cinematic Film / Video,சமயக்குரவர் பெருமக்கள் (திருமுறை),பன்னிரு திருமுறைகள் / தேவாரம் & திருவாசகம்,Discography ; Lord Shiva Songs,https://www.youtube.com/watch?v=A2CB3LpJ0Qk,PT9M32S,2026-07-12T04:54:02Z
122,A86cP9ae6Vs,திருக்குறள்: அதிகாரம் 36 - மெய்யுணர்தல் | Thirukkural: Meyyunarithal [Film],திருக்குறள்,திருக்குறள்: அதிகாரம் 36 - மெய்யுணர்தல்,Thirukkural: Meyyunarithal,Film,75,திருக்குறள் (Thirukkural),Cinematic Film / Video,திருவள்ளுவர் (Thiruvalluvar),திருக்குறள் — அதிகாரம்: மெய்யுணர்தல்,Discography ; திருக்குறள் | Thirukkural — Master Collection,https://www.youtube.com/watch?v=A86cP9ae6Vs,PT3M28S,2026-09-12T23:35:18Z
123,AW4cljBWy2w,விநாயகர் நான்மணிமாலை: பாலும் தெளிதேனும் | Vinayagar Nanmanimalai: Paalum Thelithenum [Film],விநாயகர் நான்மணிமாலை,விநாயகர் நான்மணிமாலை: பாலும் தெளிதேனும்,Vinayagar Nanmanimalai: Paalum Thelithenum,Film,91,விநாயகர் (Lord Vinayagar),Cinematic Film / Video,ஔவையார்,நல்வழி (விநாயகர் வணக்கம்),Discography ; Lord Vinayagar Songs,https://www.youtube.com/watch?v=AW4cljBWy2w,PT3M23S,2026-08-28T06:56:46Z
124,AuEZhvVmA90,தேவாரம்: பிடியதன் உருவுமை (விநாயகர் காப்பு) | Thevaram: Pidiyathan Uruvu [Film],தேவாரம்,தேவாரம்: பிடியதன் உருவுமை (விநாயகர் காப்பு),Thevaram: Pidiyathan Uruvu,Film,79,சிவபெருமான் (Lord Shiva),Cinematic Film / Video,சமயக்குரவர் பெருமக்கள் (திருமுறை),பன்னிரு திருமுறைகள் / தேவாரம் & திருவாசகம்,Discography ; Lord Shiva Songs,https://www.youtube.com/watch?v=AuEZhvVmA90,PT9M50S,2026-05-31T21:32:05Z
125,B60TIM5LLvY,திருக்குறள்: அதிகாரம் 44 - குற்றங்கடிதல் | Thirukkural: Kuttrankadithal [Film],திருக்குறள்,திருக்குறள்: அதிகாரம் 44 - குற்றங்கடிதல்,Thirukkural: Kuttrankadithal,Film,78,திருக்குறள் (Thirukkural),Cinematic Film / Video,திருவள்ளுவர் (Thiruvalluvar),திருக்குறள்,,https://www.youtube.com/watch?v=B60TIM5LLvY,PT3M54S,2026-09-28T13:49:34Z
126,B6yVe6HM8Ok,திருப்புகழ்: ஆறுமுகம் ஆறுமுகம் | Thiruppugazh: Arumugam Arumugam [Film],திருப்புகழ்,திருப்புகழ்: ஆறுமுகம் ஆறுமுகம்,Thiruppugazh: Arumugam Arumugam,Film,71,முருகப் பெருமான் (Lord Murugar),Cinematic Film / Video,பாரம்பரிய முருகன் திருப்புகழ்,முருகன் பக்திப் பனுவல்,Discography ; Lord Murugar Songs,https://www.youtube.com/watch?v=B6yVe6HM8Ok,PT3M53S,2026-09-27T12:23:37Z
127,B9N2j7r2KkI,திருக்குறள்: அதிகாரம் 63 - இடுக்கண் அழியாமை (Original) | Idukkan Azhiyaamai [Audio],திருக்குறள்,திருக்குறள்: அதிகாரம் 63 - இடுக்கண் அழியாமை (Original),Idukkan Azhiyaamai,Audio,83,திருக்குறள் (Thirukkural),Audio Track (Master Composition),திருவள்ளுவர் (Thiruvalluvar),திருக்குறள் — அதிகாரம்: இடுக்கண் அழியாமை,Discography ; திருக்குறள் | Thirukkural — Master Collection,https://www.youtube.com/watch?v=B9N2j7r2KkI,PT4M53S,2026-09-22T12:28:55Z
128,BXLeRFa6NHA,திருவருட்பா: அவலத் தழுங்கல் 2026 | Thiruvarutpa: Avalath Thazhungal [Film],திருவருட்பா,திருவருட்பா: அவலத் தழுங்கல் 2026,Thiruvarutpa: Avalath Thazhungal,Film,74,மரபு & கலாச்சாரம் (Cultural & Heritage),Cinematic Film / Video,வள்ளலார் இராமலிங்க அடிகளார் / மகாகவி பாரதியார்,திருவருட்பா / தேசிய ஆன்மீகப் பனுவல்,Discography ; Other Songs,https://www.youtube.com/watch?v=BXLeRFa6NHA,PT8M40S,2026-09-27T18:41:50Z
129,BbDNJdLDy-4,திருவாசகம்: திருப்புலம்பல் | Thiruvasagam: Thiruppulambal [Film],திருவாசகம்,திருவாசகம்: திருப்புலம்பல்,Thiruvasagam: Thiruppulambal,Film,64,சிவபெருமான் (Lord Shiva),Cinematic Film / Video,சமயக்குரவர் பெருமக்கள் (திருமுறை),பன்னிரு திருமுறைகள் / தேவாரம் & திருவாசகம்,Discography ; Lord Shiva Songs,https://www.youtube.com/watch?v=BbDNJdLDy-4,PT3M44S,2026-07-31T15:03:54Z
130,BfgGC7DsHMI,திருக்குறள்: அதிகாரம் 47 - தெரிந்து செயல்வகை | Thirukkural: Therinthu Seyalvagai [Film],திருக்குறள்,திருக்குறள்: அதிகாரம் 47 - தெரிந்து செயல்வகை,Thirukkural: Therinthu Seyalvagai,Film,87,திருக்குறள் (Thirukkural),Cinematic Film / Video,திருவள்ளுவர் (Thiruvalluvar),திருக்குறள் — அதிகாரம்: தெரிந்து செயல்வகை,திருக்குறள் | Thirukkural — Master Collection,https://www.youtube.com/watch?v=BfgGC7DsHMI,PT5M48S,2026-09-28T15:12:17Z
131,BoOWFaOGczE,திருக்குறள்: அதிகாரம் 30 - வாய்மை (Original) | Thirukkural: Vaaymai [Audio],திருக்குறள்,திருக்குறள்: அதிகாரம் 30 - வாய்மை (Original),Thirukkural: Vaaymai,Audio,75,திருக்குறள் (Thirukkural),Audio Track (Master Composition),திருவள்ளுவர் (Thiruvalluvar),திருக்குறள்,,https://www.youtube.com/watch?v=BoOWFaOGczE,PT4M14S,2026-09-14T18:16:52Z
132,Bq6eGijG9T4,திருவருட்பா: இந்திய தேசிய கீதம் 2026 | Thiruvarutpa: Indian National Anthem [Film],திருவருட்பா,திருவருட்பா: இந்திய தேசிய கீதம் 2026,Thiruvarutpa: Indian National Anthem,Film,82,மரபு & கலாச்சாரம் (Cultural & Heritage),Cinematic Film / Video,வள்ளலார் இராமலிங்க அடிகளார் / மகாகவி பாரதியார்,திருவருட்பா / தேசிய ஆன்மீகப் பனுவல்,Discography ; Other Songs,https://www.youtube.com/watch?v=Bq6eGijG9T4,PT3M52S,2026-03-14T20:31:29Z
133,BxQ4c9VPwAo,திருவருட்பா: அபராத விண்ணப்பம் III Golden | Thiruvarutpa: Aparadha Vinnappam III [Film],திருவருட்பா,திருவருட்பா: அபராத விண்ணப்பம் III Golden,Thiruvarutpa: Aparadha Vinnappam III,Film,86,வள்ளலார் / சன்மார்க்கம் (Thiruvarutpa / Sanmargam),Cinematic Film / Video,வள்ளலார் இராமலிங்க அடிகளார் / மகாகவி பாரதியார்,திருவருட்பா / தேசிய ஆன்மீகப் பனுவல்,Discography ; Other Songs,https://www.youtube.com/watch?v=BxQ4c9VPwAo,PT4M51S,2026-09-27T20:22:22Z
134,C05GEfkJZaY,திருக்குறள்: அதிகாரம் 5 - இல்வாழ்க்கை | Thirukkural: Ilvazhkkai [Film],திருக்குறள்,திருக்குறள்: அதிகாரம் 5 - இல்வாழ்க்கை,Thirukkural: Ilvazhkkai,Film,70,திருக்குறள் (Thirukkural),Cinematic Film / Video,திருவள்ளுவர் (Thiruvalluvar),திருக்குறள்,,https://www.youtube.com/watch?v=C05GEfkJZaY,PT4M18S,2026-09-27T21:00:37Z
135,C2rLIrP3vAA,கந்த சஷ்டி கவசம்: முழு கவசம் | Kandha Sashti Kavasam: Kandha Sashti Kavasam II Full [Film],கந்த சஷ்டி கவசம்,கந்த சஷ்டி கவசம்: முழு கவசம்,Kandha Sashti Kavasam: Kandha Sashti Kavasam II Full,Film,90,முருகப் பெருமான் (Lord Murugar),Cinematic Film / Video,பாலதேவராய சுவாமிகள்,கந்த சஷ்டி கவசம்,Discography ; Lord Murugar Songs,https://www.youtube.com/watch?v=C2rLIrP3vAA,PT39M16S,2026-09-27T14:13:02Z
136,C7PTFCAFIRI,திருக்குறள்: அதிகாரம் 37 - அவாவறுத்தல் | Thirukkural: Avaa Aruththal [Film],திருக்குறள்,திருக்குறள்: அதிகாரம் 37 - அவாவறுத்தல்,Thirukkural: Avaa Aruththal,Film,75,திருக்குறள் (Thirukkural),Cinematic Film / Video,திருவள்ளுவர் (Thiruvalluvar),திருக்குறள் உலகப் பொதுமறை,Discography ; திருக்குறள் | Thirukkural — Master Collection,https://www.youtube.com/watch?v=C7PTFCAFIRI,PT3M52S,2026-09-13T02:24:13Z
137,C9Ea0-FfMNs,திருப்புகழ்: நாத விந்துகள் (பழனி திருப்புகழ்) | Thiruppugazh: Naatha Vindhugal [Film],திருப்புகழ்,திருப்புகழ்: நாத விந்துகள் (பழனி திருப்புகழ்),Thiruppugazh: Naatha Vindhugal,Film,85,முருகப் பெருமான் (Lord Murugar),Cinematic Film / Video,அருணகிரிநாத சுவாமிகள்,திருப்புகழ் (விநாயகர் துதி),Discography ; Lord Murugar Songs,https://www.youtube.com/watch?v=C9Ea0-FfMNs,PT5M55S,2026-01-11T19:16:19Z
138,CEh2a8KUIKU,திருக்குறள்: அதிகாரம் 72 - அவையறிதல் | Thirukkural: Avaiyarithal [Film],திருக்குறள்,திருக்குறள்: அதிகாரம் 72 - அவையறிதல்,Thirukkural: Avaiyarithal,Film,71,திருக்குறள் (Thirukkural),Cinematic Film / Video,திருவள்ளுவர் (Thiruvalluvar),திருக்குறள் — அதிகாரம்: அவையறிதல்,திருக்குறள் | Thirukkural — Master Collection,https://www.youtube.com/watch?v=CEh2a8KUIKU,PT3M50S,2026-09-28T09:35:15Z
139,CFEYF0X6fLU,கந்த சஷ்டி கவசம்: முழு கவசம் | Kandha Sashti Kavasam: Kandha Sashti Thuthi [Film],கந்த சஷ்டி கவசம்,கந்த சஷ்டி கவசம்: முழு கவசம்,Kandha Sashti Kavasam: Kandha Sashti Thuthi,Film,81,முருகப் பெருமான் (Lord Murugar),Cinematic Film / Video,பாலதேவராய சுவாமிகள்,கந்த சஷ்டி கவசம்,Discography ; Lord Murugar Songs,https://www.youtube.com/watch?v=CFEYF0X6fLU,PT24M52S,2026-03-14T20:31:29Z
140,CHWHsVF0V70,திருமந்திரம்: முதலாம் தந்திரம் | Thirumanthiram: Mudhal Thanthiram [Film],திருமந்திரம்,திருமந்திரம்: முதலாம் தந்திரம்,Thirumanthiram: Mudhal Thanthiram,Film,73,சிவபெருமான் (Lord Shiva),Cinematic Film / Video,சமயக்குரவர் பெருமக்கள் (திருமுறை),பன்னிரு திருமுறைகள் / தேவாரம் & திருவாசகம்,Discography ; Lord Shiva Songs,https://www.youtube.com/watch?v=CHWHsVF0V70,PT7M56S,2026-03-02T10:26:12Z
141,CS92JrOQkbc,சரஸ்வதி போற்றி: 108 போற்றி | Saraswathi Stotram: Lakshmi 108 Potri [Film],சரஸ்வதி போற்றி,சரஸ்வதி போற்றி: 108 போற்றி,Saraswathi Stotram: Lakshmi 108 Potri,Film,73,அம்மன் / சக்தி (Goddess Amman),Cinematic Film / Video,வேத பாரம்பரியம்,ஸ்ரீ சரஸ்வதி அஷ்டோத்தர சத நாமாவளி,Discography ; Goddess Amman Songs,https://www.youtube.com/watch?v=CS92JrOQkbc,PT14M57S,2026-09-27T13:31:19Z
142,CSqgMX4LhJI,பக்திப் பாடல்: பிரார்த்தனைப் பத்து 2026 (திருவாசகம்) | Devotional: Prarthanai Pathu [Film],பக்திப் பாடல்,பக்திப் பாடல்: பிரார்த்தனைப் பத்து 2026 (திருவாசகம்),Devotional: Prarthanai Pathu,Film,90,சிவபெருமான் (Lord Shiva),Cinematic Film / Video,சமயக்குரவர் பெருமக்கள் (திருமுறை),பன்னிரு திருமுறைகள் / தேவாரம் & திருவாசகம்,Discography ; Lord Shiva Songs,https://www.youtube.com/watch?v=CSqgMX4LhJI,PT10M34S,2026-02-09T06:37:55Z
143,CUMZcTM4y7w,திருக்குறள்: அதிகாரம் 5 - இல்வாழ்க்கை (Original) | Thirukkural: Ilvaazhkkai [Audio],திருக்குறள்,திருக்குறள்: அதிகாரம் 5 - இல்வாழ்க்கை (Original),Thirukkural: Ilvaazhkkai,Audio,83,திருக்குறள் (Thirukkural),Audio Track (Master Composition),திருவள்ளுவர் (Thiruvalluvar),திருக்குறள் — அதிகாரம்: இல்வாழ்க்கை,Discography ; திருக்குறள் | Thirukkural — Master Collection,https://www.youtube.com/watch?v=CUMZcTM4y7w,N/A,2026
144,CV1j4ieFw5w,தேவாரம்: அவிநாசிப் பதிகம் | Thevaram: Avinasi Pathu [Film],தேவாரம்,தேவாரம்: அவிநாசிப் பதிகம்,Thevaram: Avinasi Pathu,Film,58,சிவபெருமான் (Lord Shiva),Cinematic Film / Video,சமயக்குரவர் பெருமக்கள் (திருமுறை),பன்னிரு திருமுறைகள் / தேவாரம் & திருவாசகம்,Discography ; Lord Shiva Songs,https://www.youtube.com/watch?v=CV1j4ieFw5w,PT3M50S,2026-09-27T09:37:35Z
145,CjUD2TU3oAY,பக்திப் பாடல்: குறி கலந்த இசை | Devotional: Kuri Kalandha Isai [Film],பக்திப் பாடல்,பக்திப் பாடல்: குறி கலந்த இசை,Devotional: Kuri Kalandha Isai,Film,69,சிவபெருமான் (Lord Shiva),Cinematic Film / Video,சமயக்குரவர் பெருமக்கள் (திருமுறை),பன்னிரு திருமுறைகள் / தேவாரம் & திருவாசகம்,Discography ; Lord Shiva Songs,https://www.youtube.com/watch?v=CjUD2TU3oAY,PT14M,2026-06-19T21:31:16Z
146,Csc5uzl184s,பக்திப் பாடல்: வேதசார் சிவ ஸ்தோத்திரம் | Devotional: Vedasar Shiva Stotram [Film],பக்திப் பாடல்,பக்திப் பாடல்: வேதசார் சிவ ஸ்தோத்திரம்,Devotional: Vedasar Shiva Stotram,Film,81,சிவபெருமான் (Lord Shiva),Cinematic Film / Video,சமயக்குரவர் பெருமக்கள் (திருமுறை),பன்னிரு திருமுறைகள் / தேவாரம் & திருவாசகம்,Discography ; Lord Shiva Songs,https://www.youtube.com/watch?v=Csc5uzl184s,PT6M9S,2026-09-27T04:32:10Z
147,CvDDeKLC4mw,திருவருட்பா: தாயின் மணிக்கொடி பாரீர் | Thiruvarutpa: Thayin Manikkodi Paareer [Film],திருவருட்பா,திருவருட்பா: தாயின் மணிக்கொடி பாரீர்,Thiruvarutpa: Thayin Manikkodi Paareer,Film,84,மரபு & கலாச்சாரம் (Cultural & Heritage),Cinematic Film / Video,வள்ளலார் இராமலிங்க அடிகளார் / மகாகவி பாரதியார்,திருவருட்பா / தேசிய ஆன்மீகப் பனுவல்,Discography ; Other Songs,https://www.youtube.com/watch?v=CvDDeKLC4mw,PT7M51S,2026-01-13T19:39:13Z
148,D95woYqPoPI,திருக்குறள்: அதிகாரம் 66 - வினைத்தூய்மை (Remix) | Thirukkural: Vinai Thooymai [Remix],திருக்குறள்,திருக்குறள்: அதிகாரம் 66 - வினைத்தூய்மை (Remix),Thirukkural: Vinai Thooymai,Remix,85,திருக்குறள் (Thirukkural),Cinematic Film / Video,திருவள்ளுவர் (Thiruvalluvar),திருக்குறள் — அதிகாரம்: வினைத்தூய்மை,Discography ; திருக்குறள் | Thirukkural — Master Collection,https://www.youtube.com/watch?v=D95woYqPoPI,PT4M32S,2026-09-28T18:19:09Z
149,DCJ2qoMSIBA,திருவருட்பா: தியாக வண்ணப் பதிகம் | Thiruvarutpa: Thiyaga Vanna Pathigam [Audio],திருவருட்பா,திருவருட்பா: தியாக வண்ணப் பதிகம்,Thiruvarutpa: Thiyaga Vanna Pathigam,Audio,79,சிவபெருமான் (Lord Shiva),Audio Track (Master Composition),சமயக்குரவர் பெருமக்கள் (திருமுறை),பன்னிரு திருமுறைகள் / தேவாரம் & திருவாசகம்,Discography ; Lord Shiva Songs,https://www.youtube.com/watch?v=DCJ2qoMSIBA,PT4M37S,2026-08-04T06:11:11Z
150,DI2ZW8jS_6o,பக்திப் பாடல்: திருவார்த்தை 2026 (திருவாசகம்) | Devotional: Devotional Hymn [Film],பக்திப் பாடல்,பக்திப் பாடல்: திருவார்த்தை 2026 (திருவாசகம்),Devotional: Devotional Hymn,Film,82,சிவபெருமான் (Lord Shiva),Cinematic Film / Video,சமயக்குரவர் பெருமக்கள் (திருமுறை),பன்னிரு திருமுறைகள் / தேவாரம் & திருவாசகம்,,https://www.youtube.com/watch?v=DI2ZW8jS_6o,PT14M47S,2026-09-29T06:45:01Z
151,DIDV-3cHhag,திருக்குறள்: அதிகாரம் 49 - காலமறிதல் | Thirukkural: Kaalamarithal [Film],திருக்குறள்,திருக்குறள்: அதிகாரம் 49 - காலமறிதல்,Thirukkural: Kaalamarithal,Film,72,திருக்குறள் (Thirukkural),Cinematic Film / Video,திருவள்ளுவர் (Thiruvalluvar),திருக்குறள் — அதிகாரம்: காலமறிதல்,திருக்குறள் | Thirukkural — Master Collection,https://www.youtube.com/watch?v=DIDV-3cHhag,PT4M22S,2026-09-28T13:40:58Z
152,DYAKkr0e5jU,திருவருட்பா: திரு சனி பகவான் துதி 2026 | Thiruvarutpa: Sani Bhagavan Thuthi [Film],திருவருட்பா,திருவருட்பா: திரு சனி பகவான் துதி 2026,Thiruvarutpa: Sani Bhagavan Thuthi,Film,82,மரபு & கலாச்சாரம் (Cultural & Heritage),Cinematic Film / Video,வள்ளலார் இராமலிங்க அடிகளார் / மகாகவி பாரதியார்,திருவருட்பா / தேசிய ஆன்மீகப் பனுவல்,Discography ; Other Songs,https://www.youtube.com/watch?v=DYAKkr0e5jU,PT4M20S,2026-07-30T11:40:10Z
153,DhHGetUJlAI,திருக்குறள்: அதிகாரம் 54 - பொச்சாவாமை (Remix) | Thirukkural: Pochavaamai [Remix],திருக்குறள்,திருக்குறள்: அதிகாரம் 54 - பொச்சாவாமை (Remix),Thirukkural: Pochavaamai,Remix,80,திருக்குறள் (Thirukkural),Audio Track (Master Composition),திருவள்ளுவர் (Thiruvalluvar),திருக்குறள்,,https://www.youtube.com/watch?v=DhHGetUJlAI,PT4M47S,2026-09-20T23:32:28Z
154,DsbMysGdqv8,கந்தர் அநுபூதி: உருவாய் அருவாய் | Kandhar Anuboothi: Uruvaai Aruvaai Kandhar Anubhudhi [Film],கந்தர் அநுபூதி,கந்தர் அநுபூதி: உருவாய் அருவாய்,Kandhar Anuboothi: Uruvaai Aruvaai Kandhar Anubhudhi,Film,93,முருகப் பெருமான் (Lord Murugar),Cinematic Film / Video,அருணகிரிநாத சுவாமிகள்,கந்தர் அநுபூதி,Discography ; Lord Murugar Songs,https://www.youtube.com/watch?v=DsbMysGdqv8,PT3M14S,2026-09-27T12:22:46Z
155,DvFAVsnMOE4,பக்திப் பாடல்: ஸ்மரணாத³ருணாசலம் | Devotional: Devotional Hymn [Film],பக்திப் பாடல்,பக்திப் பாடல்: ஸ்மரணாத³ருணாசலம்,Devotional: Devotional Hymn,Film,68,சிவபெருமான் (Lord Shiva),Cinematic Film / Video,சமயக்குரவர் பெருமக்கள் (திருமுறை),பன்னிரு திருமுறைகள் / தேவாரம் & திருவாசகம்,Discography ; Lord Shiva Songs,https://www.youtube.com/watch?v=DvFAVsnMOE4,PT9M47S,2026-09-27T19:59:04Z
156,E7yfNOiwJmM,திருக்குறள்: அதிகாரம் 58 - கண்ணோட்டம் (Symphony) | Thirukkural: Kannottam [Audio],திருக்குறள்,திருக்குறள்: அதிகாரம் 58 - கண்ணோட்டம் (Symphony),Thirukkural: Kannottam,Audio,81,திருக்குறள் (Thirukkural),Audio Track (Master Composition),திருவள்ளுவர் (Thiruvalluvar),திருக்குறள் — அதிகாரம்: கண்ணோட்டம்,Discography ; திருக்குறள் | Thirukkural — Master Collection,https://www.youtube.com/watch?v=E7yfNOiwJmM,PT5M15S,2026-09-21T16:48:45Z
157,EChaj0wXk_0,திருக்குறள்: அதிகாரம் 25 - அருளுடைமை | Thirukkural: Aruludaimai [Film],திருக்குறள்,திருக்குறள்: அதிகாரம் 25 - அருளுடைமை,Thirukkural: Aruludaimai,Film,70,திருக்குறள் (Thirukkural),Cinematic Film / Video,திருவள்ளுவர் (Thiruvalluvar),திருக்குறள்,,https://www.youtube.com/watch?v=EChaj0wXk_0,PT3M52S,2026-09-12T05:57:25Z
158,EE9qX_vQdlQ,பக்திப் பாடல்: திருஏசறவு 2026 (திருவாசகம்) | Devotional: Thiruesaravu [Film],பக்திப் பாடல்,பக்திப் பாடல்: திருஏசறவு 2026 (திருவாசகம்),Devotional: Thiruesaravu,Film,76,சிவபெருமான் (Lord Shiva),Cinematic Film / Video,சமயக்குரவர் பெருமக்கள் (திருமுறை),பன்னிரு திருமுறைகள் / தேவாரம் & திருவாசகம்,Discography ; Lord Shiva Songs,https://www.youtube.com/watch?v=EE9qX_vQdlQ,PT9M16S,2026-09-27T19:16:53Z
159,EOkuHFSfv8c,திருவருட்பா: நமச்சிவாய ஸங்கீர்த்தனம் | Thiruvarutpa: Namasivaya Sankeerthanam [Audio],திருவருட்பா,திருவருட்பா: நமச்சிவாய ஸங்கீர்த்தனம்,Thiruvarutpa: Namasivaya Sankeerthanam,Audio,85,சிவபெருமான் (Lord Shiva),Audio Track (Master Composition),சமயக்குரவர் பெருமக்கள் (திருமுறை),பன்னிரு திருமுறைகள் / தேவாரம் & திருவாசகம்,Discography ; Lord Shiva Songs,https://www.youtube.com/watch?v=EOkuHFSfv8c,PT11M7S,2026-09-19T09:45:09Z
160,ETELjf0OTi4,திருவருட்பா: தமிழ்த்தாய் வாழ்த்து | Thiruvarutpa: Tamil Thai Vazhthu [Film],திருவருட்பா,திருவருட்பா: தமிழ்த்தாய் வாழ்த்து,Thiruvarutpa: Tamil Thai Vazhthu,Film,75,மரபு & கலாச்சாரம் (Cultural & Heritage),Cinematic Film / Video,வள்ளலார் இராமலிங்க அடிகளார் / மகாகவி பாரதியார்,திருவருட்பா / தேசிய ஆன்மீகப் பனுவல்,Discography ; Other Songs,https://www.youtube.com/watch?v=ETELjf0OTi4,PT4M12S,2026-08-28T06:50:01Z
161,EXl0IUQXfoU,மகா மந்திரம்: ஹரே கிருஷ்ணா ஹரே ராமா | Maha Mantra: Hare Rama Hare Krishna I [Film],மகா மந்திரம்,மகா மந்திரம்: ஹரே கிருஷ்ணா ஹரே ராமா,Maha Mantra: Hare Rama Hare Krishna I,Film,82,விஷ்ணு / கிருஷ்ணர் (Lord Vishnu & Krishna),Cinematic Film / Video,வேத பாரம்பரியம்,ஸ்ரீமத் பாகவதம் & மகாபாரதம்,Discography ; Lord Krishnar Songs ; Lord Vishnu Songs,https://www.youtube.com/watch?v=EXl0IUQXfoU,PT5M22S,2026-03-15T18:19:35Z
162,F-aVgFOdKFo,திருக்குறள்: அதிகாரம் 52 - தெரிந்து வினையாடல் (Remix) | Therinthu Vinaiyaadal [Remix],திருக்குறள்,திருக்குறள்: அதிகாரம் 52 - தெரிந்து வினையாடல் (Remix),Therinthu Vinaiyaadal,Remix,85,திருக்குறள் (Thirukkural),Audio Track (Master Composition),திருவள்ளுவர் (Thiruvalluvar),திருக்குறள்,,https://www.youtube.com/watch?v=F-aVgFOdKFo,PT6M41S,2026-09-20T20:53:27Z
163,FFXImcs5Ehw,கந்தர் அநுபூதி: உருவாய் அருவாய் | Kandhar Anuboothi: Siva Shanmuga Nama Sankeerthanam [Film],கந்தர் அநுபூதி,கந்தர் அநுபூதி: உருவாய் அருவாய்,Kandhar Anuboothi: Siva Shanmuga Nama Sankeerthanam,Film,92,சிவபெருமான் (Lord Shiva),Cinematic Film / Video,அருணகிரிநாதர் & சைவப் புலவர்கள்,கந்தர் அநுபூதி / திருப்புகழ்,Discography ; Lord Murugar Songs,https://www.youtube.com/watch?v=FFXImcs5Ehw,PT9M44S,2026-09-27T13:28:31Z
164,FGFVertqRUU,திருக்குறள்: அதிகாரம் 64 - அமைச்சு (Remix) | Thirukkural: Amaichu [Remix],திருக்குறள்,திருக்குறள்: அதிகாரம் 64 - அமைச்சு (Remix),Thirukkural: Amaichu,Remix,73,திருக்குறள் (Thirukkural),Audio Track (Master Composition),திருவள்ளுவர் (Thiruvalluvar),திருக்குறள் — அதிகாரம்: அமைச்சு,Discography ; திருக்குறள் | Thirukkural — Master Collection,https://www.youtube.com/watch?v=FGFVertqRUU,PT5M7S,2026-09-22T15:32:20Z
165,FGeahfpAbiw,திருவருட்பா: அன்பு மாலை - 2026 (I) | Thiruvarutpa: Devotional Hymn [Film],திருவருட்பா,திருவருட்பா: அன்பு மாலை - 2026 (I),Thiruvarutpa: Devotional Hymn,Film,73,சிவபெருமான் (Lord Shiva),Cinematic Film / Video,சமயக்குரவர் பெருமக்கள் (திருமுறை),பன்னிரு திருமுறைகள் / தேவாரம் & திருவாசகம்,Lord Shiva Songs,https://www.youtube.com/watch?v=FGeahfpAbiw,PT9M22S,2026-09-29T07:10:22Z
166,FI0wKDmanmE,பக்திப் பாடல்: திருவடிப் புகழ்ச்சி | Devotional: Thiruvadi Pugazhchi [Film],பக்திப் பாடல்,பக்திப் பாடல்: திருவடிப் புகழ்ச்சி,Devotional: Thiruvadi Pugazhchi,Film,75,சிவபெருமான் (Lord Shiva),Cinematic Film / Video,சமயக்குரவர் பெருமக்கள் (திருமுறை),பன்னிரு திருமுறைகள் / தேவாரம் & திருவாசகம்,Discography ; Lord Shiva Songs,https://www.youtube.com/watch?v=FI0wKDmanmE,PT4M35S,2026-09-27T13:09:30Z
167,FS5fUOxZySE,திருக்குறள்: அதிகாரம் 48 - வலியறிதல் (Remix) | Thirukkural: Valiyarithal [Remix],திருக்குறள்,திருக்குறள்: அதிகாரம் 48 - வலியறிதல் (Remix),Thirukkural: Valiyarithal,Remix,80,திருக்குறள் (Thirukkural),Audio Track (Master Composition),திருவள்ளுவர் (Thiruvalluvar),திருக்குறள் — அதிகாரம்: வலியறிதல்,Discography ; திருக்குறள் | Thirukkural — Master Collection,https://www.youtube.com/watch?v=FS5fUOxZySE,PT5M47S,2026-09-20T06:58:22Z
168,FTAB7OBVPPY,திருப்புகழ்: திருப்புகழ் 566 இரத்னகிரி II | Thiruppugazh: Rathinagiri Thiruppugazh [Film],திருப்புகழ்,திருப்புகழ்: திருப்புகழ் 566 இரத்னகிரி II,Thiruppugazh: Rathinagiri Thiruppugazh,Film,89,முருகப் பெருமான் (Lord Murugar),Cinematic Film / Video,அருணகிரிநாத சுவாமிகள்,திருப்புகழ் (விநாயகர் துதி),Discography ; Lord Murugar Songs,https://www.youtube.com/watch?v=FTAB7OBVPPY,PT4M,2026-09-27T13:03:00Z
169,FXMVQIidbJU,திருக்குறள்: அதிகாரம் 60 - ஊக்கமுடைமை (Remix) | Thirukkural: Ookkamudaimai [Remix],திருக்குறள்,திருக்குறள்: அதிகாரம் 60 - ஊக்கமுடைமை (Remix),Thirukkural: Ookkamudaimai,Remix,82,திருக்குறள் (Thirukkural),Audio Track (Master Composition),திருவள்ளுவர் (Thiruvalluvar),திருக்குறள் — அதிகாரம்: ஊக்கமுடைமை,Discography ; திருக்குறள் | Thirukkural — Master Collection,https://www.youtube.com/watch?v=FXMVQIidbJU,PT5M25S,2026-09-21T23:59:44Z
170,Fh3HfGUObmg,திருக்குறள்: அதிகாரம் 61 - மடியின்மை (Remix) | Thirukkural: Madiyinmai [Remix],திருக்குறள்,திருக்குறள்: அதிகாரம் 61 - மடியின்மை (Remix),Thirukkural: Madiyinmai,Remix,78,திருக்குறள் (Thirukkural),Audio Track (Master Composition),திருவள்ளுவர் (Thiruvalluvar),திருக்குறள்,,https://www.youtube.com/watch?v=Fh3HfGUObmg,PT4M24S,2026-09-22T00:06:54Z
171,FkQqysk6vmE,திருக்குறள்: அதிகாரம் 43 - அறிவுடைமை (Original) | Thirukkural: Arivudaimai [Audio],திருக்குறள்,திருக்குறள்: அதிகாரம் 43 - அறிவுடைமை (Original),Thirukkural: Arivudaimai,Audio,82,திருக்குறள் (Thirukkural),Audio Track (Master Composition),திருவள்ளுவர் (Thiruvalluvar),திருக்குறள் — அதிகாரம்: அறிவுடைமை,Discography ; திருக்குறள் | Thirukkural — Master Collection,https://www.youtube.com/watch?v=FkQqysk6vmE,PT5M2S,2026-09-19T14:46:11Z
172,FrZmyvY3sEc,திருக்குறள்: அதிகாரம் 73 - அவையஞ்சாமை (Original) | Thirukkural: Avai Anjaamai [Audio],திருக்குறள்,திருக்குறள்: அதிகாரம் 73 - அவையஞ்சாமை (Original),Thirukkural: Avai Anjaamai,Audio,85,திருக்குறள் (Thirukkural),Audio Track (Master Composition),திருவள்ளுவர் (Thiruvalluvar),திருக்குறள் உலகப் பொதுமறை,Discography ; திருக்குறள் | Thirukkural — Master Collection,https://www.youtube.com/watch?v=FrZmyvY3sEc,PT3M59S,2026-09-24T08:20:16Z
173,G4Tk8Z1tKRg,திருவருட்பா: கோயிலாகநல் - பழமொழிமேல் 2026 | Thiruvarutpa: Koiyilakanal [Film],திருவருட்பா,திருவருட்பா: கோயிலாகநல் - பழமொழிமேல் 2026,Thiruvarutpa: Koiyilakanal,Film,77,மரபு & கலாச்சாரம் (Cultural & Heritage),Cinematic Film / Video,வள்ளலார் இராமலிங்க அடிகளார் / மகாகவி பாரதியார்,திருவருட்பா / தேசிய ஆன்மீகப் பனுவல்,Discography ; Other Songs,https://www.youtube.com/watch?v=G4Tk8Z1tKRg,PT12M56S,2026-09-07T21:18:58Z
174,GCea1CAcjl8,பெரியாழ்வார் திருமொழி: கண்ணன் தாலாட்டு | Periyazhvar Thirumozhi: Periyazhvar Lullaby II [Audio],பெரியாழ்வார் திருமொழி,பெரியாழ்வார் திருமொழி: கண்ணன் தாலாட்டு,Periyazhvar Thirumozhi: Periyazhvar Lullaby II,Audio,95,விஷ்ணு / கிருஷ்ணர் (Lord Vishnu & Krishna),Audio Track (Master Composition),பெரியாழ்வார்,பெரியாழ்வார் திருமொழி (கண்ணன் தாலாட்டு),Discography ; Lord Krishnar Songs,https://www.youtube.com/watch?v=GCea1CAcjl8,PT4M13S,2026-08-07T04:52:44Z
175,GJJW8gIHJ0E,திருப்பாவை: ஆதி யோகீஸ்வரர் நாம ஒளி சரணம் | Thiruppavai: Aadhi Yogeeswarar [Film],திருப்பாவை,திருப்பாவை: ஆதி யோகீஸ்வரர் நாம ஒளி சரணம்,Thiruppavai: Aadhi Yogeeswarar,Film,80,சிவபெருமான் (Lord Shiva),Cinematic Film / Video,ஆழ்வார்கள் / நாலாயிர திவ்வியப் பிரபந்தம்,திருப்பாவை & நாலாயிர திவ்வியப் பிரபந்தம்,Lord Shiva Songs ; Lord Vishnu Songs,https://www.youtube.com/watch?v=GJJW8gIHJ0E,PT5M17S,2026-09-29T07:12:23Z
176,GN181JJ1lXU,திருக்குறள்: அதிகாரம் 71 - குறிப்பறிதல் (Remix) | Thirukkural: Kuripparithal [Remix],திருக்குறள்,திருக்குறள்: அதிகாரம் 71 - குறிப்பறிதல் (Remix),Thirukkural: Kuripparithal,Remix,84,திருக்குறள் (Thirukkural),Audio Track (Master Composition),திருவள்ளுவர் (Thiruvalluvar),திருக்குறள் — அதிகாரம்: குறிப்பறிதல்,Discography ; திருக்குறள் | Thirukkural — Master Collection,https://www.youtube.com/watch?v=GN181JJ1lXU,PT4M48S,2026-09-23T23:18:55Z
177,GYH3tnKYidU,பக்திப் பாடல்: திருமந்திரம் (முதல் தந்திரம்) | Devotional: Thirumanthiram [Film],பக்திப் பாடல்,பக்திப் பாடல்: திருமந்திரம் (முதல் தந்திரம்),Devotional: Thirumanthiram,Film,80,சிவபெருமான் (Lord Shiva),Cinematic Film / Video,சமயக்குரவர் பெருமக்கள் (திருமுறை),பன்னிரு திருமுறைகள் / தேவாரம் & திருவாசகம்,Discography ; Lord Shiva Songs,https://www.youtube.com/watch?v=GYH3tnKYidU,PT7M56S,2026-09-27T19:11:57Z
178,GfGlO3RQuik,திருக்குறள்: அதிகாரம் 61 - மடியின்மை (Original) | Thirukkural: Madiyinmai [Audio],திருக்குறள்,திருக்குறள்: அதிகாரம் 61 - மடியின்மை (Original),Thirukkural: Madiyinmai,Audio,81,திருக்குறள் (Thirukkural),Audio Track (Master Composition),திருவள்ளுவர் (Thiruvalluvar),திருக்குறள்,,https://www.youtube.com/watch?v=GfGlO3RQuik,PT4M9S,2026-09-22T00:06:54Z
179,GlJrQMMTRhI,திருவருட்பா: அருட்பெருஞ்சோதி அகவல் II | Thiruvarutpa: Arutperunjothi VI [Film],திருவருட்பா,திருவருட்பா: அருட்பெருஞ்சோதி அகவல் II,Thiruvarutpa: Arutperunjothi VI,Film,78,வள்ளலார் / சன்மார்க்கம் (Thiruvarutpa / Sanmargam),Cinematic Film / Video,வள்ளலார் இராமலிங்க அடிகளார்,திருவருட்பா (அருட்பெருஞ்சோதி அகவல்),Discography ; Other Songs,https://www.youtube.com/watch?v=GlJrQMMTRhI,PT22M24S,2026-09-27T21:20:01Z
180,Gnu-TzZfe7A,திருக்குறள்: அதிகாரம் 41 - கல்லாமை | Thirukkural: Kallaamai Learning [Film],திருக்குறள்,திருக்குறள்: அதிகாரம் 41 - கல்லாமை,Thirukkural: Kallaamai Learning,Film,75,திருக்குறள் (Thirukkural),Cinematic Film / Video,திருவள்ளுவர் (Thiruvalluvar),திருக்குறள் — அதிகாரம்: கல்லாமை,திருக்குறள் | Thirukkural — Master Collection,https://www.youtube.com/watch?v=Gnu-TzZfe7A,PT6M36S,2026-09-28T14:58:17Z
181,GydxHEmyDPc,விநாயகர் துதி: கண நாதா ஓம் (Original) | Vinayagar Thuthi: Gana Natha Om [Film],விநாயகர் துதி,விநாயகர் துதி: கண நாதா ஓம் (Original),Vinayagar Thuthi: Gana Natha Om,Film,78,முருகப் பெருமான் (Lord Murugar),Cinematic Film / Video,பாரம்பரிய விநாயகர் துதி,விநாயகர் நாம சங்கீர்த்தனம்,Discography ; Lord Vinayagar Songs,https://www.youtube.com/watch?v=GydxHEmyDPc,PT3M48S,2026-09-14T23:11:44Z
182,HD3EgOlDLJ0,திருவருட்பா: அருட்பெருஞ்சோதி அகவல் II | Thiruvarutpa: Arutperunjothi II [Film],திருவருட்பா,திருவருட்பா: அருட்பெருஞ்சோதி அகவல் II,Thiruvarutpa: Arutperunjothi II,Film,78,வள்ளலார் / சன்மார்க்கம் (Thiruvarutpa / Sanmargam),Cinematic Film / Video,வள்ளலார் இராமலிங்க அடிகளார்,திருவருட்பா (அருட்பெருஞ்சோதி அகவல்),Discography ; Other Songs,https://www.youtube.com/watch?v=HD3EgOlDLJ0,PT17M6S,2026-09-27T20:24:59Z
183,HPP3IG7DWRc,மகா மந்திரம்: ஹரே கிருஷ்ணா ஹரே ராமா | Maha Mantra: Hare Krishna Hare Rama [Film],மகா மந்திரம்,மகா மந்திரம்: ஹரே கிருஷ்ணா ஹரே ராமா,Maha Mantra: Hare Krishna Hare Rama,Film,80,விஷ்ணு / கிருஷ்ணர் (Lord Vishnu & Krishna),Cinematic Film / Video,வேத பாரம்பரியம்,ஸ்ரீமத் பாகவதம் & மகாபாரதம்,Discography ; Lord Krishnar Songs ; Lord Vishnu Songs,https://www.youtube.com/watch?v=HPP3IG7DWRc,PT4M32S,2026-08-28T06:51:33Z
184,HRN77i6Kio8,திருக்குறள்: அதிகாரம் 45 - பெரியாரைத் துணைக்கோடல் (Remix) | Periyarai Thunaikodal [Remix],திருக்குறள்,திருக்குறள்: அதிகாரம் 45 - பெரியாரைத் துணைக்கோடல் (Remix),Periyarai Thunaikodal,Remix,89,திருக்குறள் (Thirukkural),Devotional Music Video,திருவள்ளுவர் (Thiruvalluvar),திருக்குறள்,,https://www.youtube.com/watch?v=HRN77i6Kio8,PT4M23S,2026-09-28T16:03:01Z
185,HU-f-FpjmTQ,திருவருட்பா: வான் முகில் வழாது பெய்க | Thiruvarutpa: Vaan Mugil Vazhadhu Peyga [Film],திருவருட்பா,திருவருட்பா: வான் முகில் வழாது பெய்க,Thiruvarutpa: Vaan Mugil Vazhadhu Peyga,Film,85,மரபு & கலாச்சாரம் (Cultural & Heritage),Cinematic Film / Video,வள்ளலார் இராமலிங்க அடிகளார் / மகாகவி பாரதியார்,திருவருட்பா / தேசிய ஆன்மீகப் பனுவல்,Discography ; Other Songs,https://www.youtube.com/watch?v=HU-f-FpjmTQ,PT3M51S,2026-02-11T01:57:51Z
186,HXLltX2BPig,திருவருட்பா: அருள் நாம விளக்கம் | Thiruvarutpa: Arul Nama Vilakkam [Film],திருவருட்பா,திருவருட்பா: அருள் நாம விளக்கம்,Thiruvarutpa: Arul Nama Vilakkam,Film,73,மரபு & கலாச்சாரம் (Cultural & Heritage),Cinematic Film / Video,வள்ளலார் இராமலிங்க அடிகளார் / மகாகவி பாரதியார்,திருவருட்பா / தேசிய ஆன்மீகப் பனுவல்,Discography ; Other Songs,https://www.youtube.com/watch?v=HXLltX2BPig,PT8M37S,2026-09-27T18:03:43Z
187,HezzLu_n6qE,திருக்குறள்: அதிகாரம் 37 - அவாவறுத்தல் | Thirukkural: Avaa Aruththal [Film],திருக்குறள்,திருக்குறள்: அதிகாரம் 37 - அவாவறுத்தல்,Thirukkural: Avaa Aruththal,Film,75,திருக்குறள் (Thirukkural),Cinematic Film / Video,திருவள்ளுவர் (Thiruvalluvar),திருக்குறள் — அதிகாரம்: அவாவறுத்தல்,திருக்குறள் | Thirukkural — Master Collection,https://www.youtube.com/watch?v=HezzLu_n6qE,PT3M52S,2026-09-28T14:45:54Z
188,Hq6XdaHfdfo,திருக்குறள்: அதிகாரம் 52 - தெரிந்து வினையாடல் | Thirukkural: Therinthu Vinaiyaadal [Film],திருக்குறள்,திருக்குறள்: அதிகாரம் 52 - தெரிந்து வினையாடல்,Thirukkural: Therinthu Vinaiyaadal,Film,89,திருக்குறள் (Thirukkural),Cinematic Film / Video,திருவள்ளுவர் (Thiruvalluvar),திருக்குறள் — அதிகாரம் 52: தெரிந்து வினையாடல்,Discography ; திருக்குறள் | Thirukkural — Master Collection,https://www.youtube.com/watch?v=Hq6XdaHfdfo,N/A,2026
189,HxxLl5p1t0A,திருக்குறள்: அதிகாரம் 72 - அவையறிதல் (Sad) | Thirukkural: Avaiyarithal [Film],திருக்குறள்,திருக்குறள்: அதிகாரம் 72 - அவையறிதல் (Sad),Thirukkural: Avaiyarithal,Film,77,திருக்குறள் (Thirukkural),Cinematic Film / Video,திருவள்ளுவர் (Thiruvalluvar),திருக்குறள் — அதிகாரம்: அவையறிதல்,Discography ; திருக்குறள் | Thirukkural — Master Collection,https://www.youtube.com/watch?v=HxxLl5p1t0A,PT5M16S,2026-09-24T06:38:36Z
190,I-ZLmvGIiz4,திருவருட்பா: சிவ பதி விளக்கம் | Thiruvarutpa: Siva Pathi Vilakkam [Audio],திருவருட்பா,திருவருட்பா: சிவ பதி விளக்கம்,Thiruvarutpa: Siva Pathi Vilakkam,Audio,73,சிவபெருமான் (Lord Shiva),Audio Track (Master Composition),சமயக்குரவர் பெருமக்கள் (திருமுறை),பன்னிரு திருமுறைகள் / தேவாரம் & திருவாசகம்,Discography ; Lord Shiva Songs,https://www.youtube.com/watch?v=I-ZLmvGIiz4,PT4M45S,2026-08-18T16:33:43Z
191,I70WNnsVXtY,பக்திப் பாடல்: Kalla Pizhaiyum | Devotional: Kalla Pizhaiyum [Film],பக்திப் பாடல்,பக்திப் பாடல்: Kalla Pizhaiyum,Devotional: Kalla Pizhaiyum,Film,67,சிவபெருமான் (Lord Shiva),Cinematic Film / Video,சமயக்குரவர் பெருமக்கள் (திருமுறை),பன்னிரு திருமுறைகள் / தேவாரம் & திருவாசகம்,Discography ; Lord Shiva Songs,https://www.youtube.com/watch?v=I70WNnsVXtY,PT6M22S,2026-02-11T01:57:51Z
192,IEk-wwY3rC8,திருக்குறள்: அதிகாரம் 27 - தவம் | Thirukkural: Thavam [Film],திருக்குறள்,திருக்குறள்: அதிகாரம் 27 - தவம்,Thirukkural: Thavam,Film,60,திருக்குறள் (Thirukkural),Cinematic Film / Video,திருவள்ளுவர் (Thiruvalluvar),திருக்குறள்,,https://www.youtube.com/watch?v=IEk-wwY3rC8,PT4M37S,2026-09-14T08:16:34Z
193,IT_-ioBG69g,அபிராமி அந்தாதி: தனந்தரும் கல்விதரும் | Abhirami Andhadhi: Dhanam Tharum Abhirami [Film],அபிராமி அந்தாதி,அபிராமி அந்தாதி: தனந்தரும் கல்விதரும்,Abhirami Andhadhi: Dhanam Tharum Abhirami,Film,88,விஷ்ணு / கிருஷ்ணர் (Lord Vishnu & Krishna),Cinematic Film / Video,அபிராமி பட்டர்,அபிராமி அந்தாதி,Discography ; Goddess Amman Songs,https://www.youtube.com/watch?v=IT_-ioBG69g,PT3M57S,2026-01-30T14:23:33Z
194,IhE1OvdIBKs,திருப்புகழ்: கைத்தல நிறைகனி (திருப்புகழ்) | Thiruppugazh: Kaiththala Niraigani [Film],திருப்புகழ்,திருப்புகழ்: கைத்தல நிறைகனி (திருப்புகழ்),Thiruppugazh: Kaiththala Niraigani,Film,85,முருகப் பெருமான் (Lord Murugar),Cinematic Film / Video,அருணகிரிநாத சுவாமிகள்,திருப்புகழ் (விநாயகர் துதி),Discography ; Lord Vinayagar Songs,https://www.youtube.com/watch?v=IhE1OvdIBKs,PT4M54S,2026-02-14T13:24:56Z
195,IiZoud1sP2o,திருக்குறள்: அதிகாரம் 75 - அரண் (Original) | Thirukkural: Aran [Audio],திருக்குறள்,திருக்குறள்: அதிகாரம் 75 - அரண் (Original),Thirukkural: Aran,Audio,70,திருக்குறள் (Thirukkural),Audio Track (Master Composition),திருவள்ளுவர் (Thiruvalluvar),திருக்குறள் — அதிகாரம்: அரண்,Discography ; திருக்குறள் | Thirukkural — Master Collection,https://www.youtube.com/watch?v=IiZoud1sP2o,PT4M34S,2026-09-25T19:37:05Z
196,Iky5L-131A4,திருவருட்பா: விழியிலே மலர்ந்தது (REMIX) 2026 | Thiruvarutpa: Vizhiyile Malarnthathu [Remix],திருவருட்பா,திருவருட்பா: விழியிலே மலர்ந்தது (REMIX) 2026,Thiruvarutpa: Vizhiyile Malarnthathu,Remix,91,மரபு & கலாச்சாரம் (Cultural & Heritage),Cinematic Film / Video,வள்ளலார் இராமலிங்க அடிகளார் / மகாகவி பாரதியார்,திருவருட்பா / தேசிய ஆன்மீகப் பனுவல்,Discography ; Other Songs,https://www.youtube.com/watch?v=Iky5L-131A4,PT3M22S,2026-05-11T19:29:56Z
197,IuZ6Qe-aiYI,திருவாசகம்: அச்சோப் பதிகம் | Thiruvasagam: Achcho Pathigam [Film],திருவாசகம்,திருவாசகம்: அச்சோப் பதிகம்,Thiruvasagam: Achcho Pathigam,Film,65,சிவபெருமான் (Lord Shiva),Cinematic Film / Video,மாணிக்கவாசகப் பெருமான்,திருவாசகம் (அச்சோப் பதிகம்),Discography ; Lord Shiva Songs,https://www.youtube.com/watch?v=IuZ6Qe-aiYI,PT7M37S,2026-09-27T19:38:13Z
198,J-mAIpyxy4A,திருக்குறள்: அதிகாரம் 67 - வினைத்திட்பம் (Remix) | Thirukkural: Vinai Thitpam [Remix],திருக்குறள்,திருக்குறள்: அதிகாரம் 67 - வினைத்திட்பம் (Remix),Thirukkural: Vinai Thitpam,Remix,85,திருக்குறள் (Thirukkural),Audio Track (Master Composition),திருவள்ளுவர் (Thiruvalluvar),திருக்குறள் — அதிகாரம்: வினைத்திட்பம்,Discography ; திருக்குறள் | Thirukkural — Master Collection,https://www.youtube.com/watch?v=J-mAIpyxy4A,PT5M,2026-09-22T23:30:24Z
199,J2-tBRFihEQ,பக்திப் பாடல்: Thiru Pallaandu | Devotional: Thiru Pallaandu [Film],பக்திப் பாடல்,பக்திப் பாடல்: Thiru Pallaandu,Devotional: Thiru Pallaandu,Film,67,சிவபெருமான் (Lord Shiva),Cinematic Film / Video,சமயக்குரவர் பெருமக்கள் (திருமுறை),பன்னிரு திருமுறைகள் / தேவாரம் & திருவாசகம்,Discography ; Lord Shiva Songs,https://www.youtube.com/watch?v=J2-tBRFihEQ,PT4M31S,2026-02-11T05:38:11Z
200,J7sfVqWuxyU,பக்திப் பாடல்: Thiruvaiyaaru Thirumurai | Devotional: Thiruvaiyaaru Thirumurai [Film],பக்திப் பாடல்,பக்திப் பாடல்: Thiruvaiyaaru Thirumurai,Devotional: Thiruvaiyaaru Thirumurai,Film,85,சிவபெருமான் (Lord Shiva),Cinematic Film / Video,சமயக்குரவர் பெருமக்கள் (திருமுறை),பன்னிரு திருமுறைகள் / தேவாரம் & திருவாசகம்,Discography ; Lord Shiva Songs,https://www.youtube.com/watch?v=J7sfVqWuxyU,PT5M47S,2026-02-14T13:24:56Z
201,JDqbpISJjIA,திருக்குறள்: அதிகாரம் 125 - நெஞ்சறிவுறுத்தல் (பகுதி 1) | Thirukkural: Nenjari Vuruthal I [Film],திருக்குறள்,திருக்குறள்: அதிகாரம் 125 - நெஞ்சறிவுறுத்தல் (பகுதி 1),Thirukkural: Nenjari Vuruthal I,Film,95,திருக்குறள் (Thirukkural),Cinematic Film / Video,திருவள்ளுவர் (Thiruvalluvar),திருக்குறள் — அதிகாரம்: நெஞ்சறிவுறுத்தல்,Discography ; Other Songs ; திருக்குறள் | Thirukkural — Master Collection,https://www.youtube.com/watch?v=JDqbpISJjIA,PT14M1S,2026-07-15T14:24:43Z
202,JGslKeAreOE,திருவருட்பா: சம்சாரம் என்பது வீணை (REMIX) 2026 | Thiruvarutpa: Samsaram Enbathu Veenai [Film],திருவருட்பா,திருவருட்பா: சம்சாரம் என்பது வீணை (REMIX) 2026,Thiruvarutpa: Samsaram Enbathu Veenai,Film,93,மரபு & கலாச்சாரம் (Cultural & Heritage),Cinematic Film / Video,வள்ளலார் இராமலிங்க அடிகளார் / மகாகவி பாரதியார்,திருவருட்பா / தேசிய ஆன்மீகப் பனுவல்,Discography ; Other Songs,https://www.youtube.com/watch?v=JGslKeAreOE,PT5M4S,2026-09-27T19:06:59Z
203,JhdXurT4ohI,திருவருட்பா: ஏகமாய் அந்தமாய் | Thiruvarutpa: Ekamaai Anthamaai [Film],திருவருட்பா,திருவருட்பா: ஏகமாய் அந்தமாய்,Thiruvarutpa: Ekamaai Anthamaai,Film,69,மரபு & கலாச்சாரம் (Cultural & Heritage),Cinematic Film / Video,வள்ளலார் இராமலிங்க அடிகளார் / மகாகவி பாரதியார்,திருவருட்பா / தேசிய ஆன்மீகப் பனுவல்,Discography ; Other Songs,https://www.youtube.com/watch?v=JhdXurT4ohI,PT3M,2026-09-27T18:42:29Z
204,JkivipMHrzc,கிருஷ்ண துதி: கிருஷ்ண மந்திரம் II | Krishna Thuthi: Krishna Mantra II [Film],கிருஷ்ண துதி,கிருஷ்ண துதி: கிருஷ்ண மந்திரம் II,Krishna Thuthi: Krishna Mantra II,Film,76,விஷ்ணு / கிருஷ்ணர் (Lord Vishnu & Krishna),Cinematic Film / Video,வேத பாரம்பரியம்,ஸ்ரீமத் பாகவதம் & மகாபாரதம்,Discography ; Lord Krishnar Songs,https://www.youtube.com/watch?v=JkivipMHrzc,PT3M39S,2026-09-05T03:14:49Z
205,JreH0hqB2po,திருக்குறள்: அதிகாரம் 34 - நிலையாமை | Thirukkural: Nilaiyaamai [Film],திருக்குறள்,திருக்குறள்: அதிகாரம் 34 - நிலையாமை,Thirukkural: Nilaiyaamai,Film,69,திருக்குறள் (Thirukkural),Cinematic Film / Video,திருவள்ளுவர் (Thiruvalluvar),திருக்குறள் — அதிகாரம்: நிலையாமை,திருக்குறள் | Thirukkural — Master Collection,https://www.youtube.com/watch?v=JreH0hqB2po,PT4M12S,2026-09-28T15:00:09Z
206,Js6Vepbegr8,திருக்குறள்: அதிகாரம் 48 - வலியறிதல் (Original) | Thirukkural: Valiyarithal [Audio],திருக்குறள்,திருக்குறள்: அதிகாரம் 48 - வலியறிதல் (Original),Thirukkural: Valiyarithal,Audio,83,திருக்குறள் (Thirukkural),Audio Track (Master Composition),திருவள்ளுவர் (Thiruvalluvar),திருக்குறள் — அதிகாரம்: வலியறிதல்,Discography ; திருக்குறள் | Thirukkural — Master Collection,https://www.youtube.com/watch?v=Js6Vepbegr8,PT5M9S,2026-09-20T06:58:22Z
207,JvonvWQHKQY,திருக்குறள்: அதிகாரம் 64 - அமைச்சு (Remix) | Thirukkural: Amaichu [Remix],திருக்குறள்,திருக்குறள்: அதிகாரம் 64 - அமைச்சு (Remix),Thirukkural: Amaichu,Remix,73,திருக்குறள் (Thirukkural),Cinematic Film / Video,திருவள்ளுவர் (Thiruvalluvar),திருக்குறள் — அதிகாரம்: அமைச்சு,Discography ; திருக்குறள் | Thirukkural — Master Collection,https://www.youtube.com/watch?v=JvonvWQHKQY,PT5M7S,2026-09-28T15:52:28Z
208,JzGTK1V3dkM,தேவாரம்: திருநீற்றுப் பதிகம் (மந்திரமாவது நீறு) | Thevaram: Thiruneetru Pathigam [Film],தேவாரம்,தேவாரம்: திருநீற்றுப் பதிகம் (மந்திரமாவது நீறு),Thevaram: Thiruneetru Pathigam,Film,87,சிவபெருமான் (Lord Shiva),Cinematic Film / Video,சமயக்குரவர் பெருமக்கள் (திருமுறை),பன்னிரு திருமுறைகள் / தேவாரம் & திருவாசகம்,Discography ; Lord Shiva Songs,https://www.youtube.com/watch?v=JzGTK1V3dkM,PT4M49S,2026-08-28T06:52:09Z
209,K0N0k3mNh_w,அபிராமி அந்தாதி: தனந்தரும் கல்விதரும் | Abhirami Andhadhi: Annai Renukambal [Film],அபிராமி அந்தாதி,அபிராமி அந்தாதி: தனந்தரும் கல்விதரும்,Abhirami Andhadhi: Annai Renukambal,Film,82,அம்மன் / சக்தி (Goddess Amman),Cinematic Film / Video,அபிராமி பட்டர் / தேவி உபாசகர்கள்,அபிராமி அந்தாதி / லலிதா போற்றி,Discography ; Goddess Amman Songs,https://www.youtube.com/watch?v=K0N0k3mNh_w,PT3M10S,2026-08-01T08:07:23Z
210,K35B1jST2xw,திருக்குறள்: அதிகாரம் 71 - குறிப்பறிதல் (Symphony) | Thirukkural: Kuripparithal [Audio],திருக்குறள்,திருக்குறள்: அதிகாரம் 71 - குறிப்பறிதல் (Symphony),Thirukkural: Kuripparithal,Audio,87,திருக்குறள் (Thirukkural),Audio Track (Master Composition),திருவள்ளுவர் (Thiruvalluvar),திருக்குறள் — அதிகாரம்: குறிப்பறிதல்,Discography ; திருக்குறள் | Thirukkural — Master Collection,https://www.youtube.com/watch?v=K35B1jST2xw,PT4M52S,2026-09-23T23:18:56Z
211,K6mhIh64XE8,திருக்குறள்: அதிகாரம் 39 - இறைமாட்சி | Thirukkural: Irai Maatchi [Film],திருக்குறள்,திருக்குறள்: அதிகாரம் 39 - இறைமாட்சி,Thirukkural: Irai Maatchi,Film,71,திருக்குறள் (Thirukkural),Cinematic Film / Video,திருவள்ளுவர் (Thiruvalluvar),திருக்குறள் உலகப் பொதுமறை,Discography ; திருக்குறள் | Thirukkural — Master Collection,https://www.youtube.com/watch?v=K6mhIh64XE8,PT3M48S,2026-09-13T14:05:06Z
212,KFtS403RfbY,திருக்குறள்: அதிகாரம் 125 - நெஞ்சறிவுறுத்தல் (பகுதி 1) | Nenjari Vuruthal Part 1 [Film],திருக்குறள்,திருக்குறள்: அதிகாரம் 125 - நெஞ்சறிவுறுத்தல் (பகுதி 1),Nenjari Vuruthal Part 1,Film,87,திருக்குறள் (Thirukkural),Cinematic Film / Video,திருவள்ளுவர் (Thiruvalluvar),திருக்குறள் — அதிகாரம்: நெஞ்சறிவுறுத்தல்,Discography ; Other Songs ; திருக்குறள் | Thirukkural — Master Collection,https://www.youtube.com/watch?v=KFtS403RfbY,PT14M1S,2026-09-27T05:07:07Z
213,KI7uUFiJO1E,திருக்குறள்: அதிகாரம் 16 - பொறையுடைமை | Thirukkural: Patience Story [Film],திருக்குறள்,திருக்குறள்: அதிகாரம் 16 - பொறையுடைமை,Thirukkural: Patience Story,Film,74,திருக்குறள் (Thirukkural),Cinematic Film / Video,திருவள்ளுவர் (Thiruvalluvar),திருக்குறள்,,https://www.youtube.com/watch?v=KI7uUFiJO1E,PT6M22S,2026-09-27T10:09:34Z
214,KLsXZa28uyE,திருக்குறள்: அதிகாரம் 48 - வலியறிதல் (Remix) | Thirukkural: Valiyarithal [Remix],திருக்குறள்,திருக்குறள்: அதிகாரம் 48 - வலியறிதல் (Remix),Thirukkural: Valiyarithal,Remix,80,திருக்குறள் (Thirukkural),Cinematic Film / Video,திருவள்ளுவர் (Thiruvalluvar),திருக்குறள் — அதிகாரம்: வலியறிதல்,Discography ; திருக்குறள் | Thirukkural — Master Collection,https://www.youtube.com/watch?v=KLsXZa28uyE,PT5M47S,2026-09-28T15:59:59Z
215,KOroiTQUE0g,திருவருட்பா: வான் முகில் வழாது பெய்க | Thiruvarutpa: Vaan Mugil Vazhadhu Peyga [Film],திருவருட்பா,திருவருட்பா: வான் முகில் வழாது பெய்க,Thiruvarutpa: Vaan Mugil Vazhadhu Peyga,Film,85,மரபு & கலாச்சாரம் (Cultural & Heritage),Cinematic Film / Video,வள்ளலார் இராமலிங்க அடிகளார் / மகாகவி பாரதியார்,திருவருட்பா / தேசிய ஆன்மீகப் பனுவல்,Discography ; Other Songs,https://www.youtube.com/watch?v=KOroiTQUE0g,PT1M59S,2026-08-28T06:55:42Z
216,KQpDmHooEh8,தேவாரம்: மாசில் வீணையும் | Thevaram: Maasil Veenaiyum [Film],தேவாரம்,தேவாரம்: மாசில் வீணையும்,Thevaram: Maasil Veenaiyum,Film,60,சிவபெருமான் (Lord Shiva),Cinematic Film / Video,திருநாவுக்கரசு சுவாமிகள் (அப்பர்),தேவாரம் (நமச்சிவாயப் பதிகம்),Discography ; Lord Shiva Songs,https://www.youtube.com/watch?v=KQpDmHooEh8,PT4M33S,2026-09-26T21:57:59Z
217,KZxknhbVIk0,திருக்குறள்: அதிகாரம் 40 - கல்வி | Thirukkural: Kalvi [Film],திருக்குறள்,திருக்குறள்: அதிகாரம் 40 - கல்வி,Thirukkural: Kalvi,Film,60,திருக்குறள் (Thirukkural),Cinematic Film / Video,திருவள்ளுவர் (Thiruvalluvar),திருக்குறள்,,https://www.youtube.com/watch?v=KZxknhbVIk0,PT6M4S,2026-09-26T19:53:46Z
218,KhopzUh8oTg,பக்திப் பாடல்: திருமந்திரம் (முதல் தந்திரம்) 2026 | Devotional: Thirumanthiram [Film],பக்திப் பாடல்,பக்திப் பாடல்: திருமந்திரம் (முதல் தந்திரம்) 2026,Devotional: Thirumanthiram,Film,85,சிவபெருமான் (Lord Shiva),Cinematic Film / Video,சமயக்குரவர் பெருமக்கள் (திருமுறை),பன்னிரு திருமுறைகள் / தேவாரம் & திருவாசகம்,Discography ; Lord Shiva Songs,https://www.youtube.com/watch?v=KhopzUh8oTg,PT8M36S,2026-09-29T07:24:22Z
219,KjQZFlnCluU,திருவருட்பா: ஆறாம் திருமுறை - சிவ பதி விளக்கம் | Thiruvarutpa: Devotional Hymn [Film],திருவருட்பா,திருவருட்பா: ஆறாம் திருமுறை - சிவ பதி விளக்கம்,Thiruvarutpa: Devotional Hymn,Film,85,சிவபெருமான் (Lord Shiva),Cinematic Film / Video,சமயக்குரவர் பெருமக்கள் (திருமுறை),பன்னிரு திருமுறைகள் / தேவாரம் & திருவாசகம்,Lord Shiva Songs,https://www.youtube.com/watch?v=KjQZFlnCluU,PT4M46S,2026-09-28T15:39:37Z
220,KvU4v5v2X98,சிவ நாமாவளி: ஈஸ்வர நாமவளி சரணம்! (II) | Shiva Namavali: Devotional Hymn [Film],சிவ நாமாவளி,சிவ நாமாவளி: ஈஸ்வர நாமவளி சரணம்! (II),Shiva Namavali: Devotional Hymn,Film,78,சிவபெருமான் (Lord Shiva),Cinematic Film / Video,சமயக்குரவர் பெருமக்கள் (திருமுறை),பன்னிரு திருமுறைகள் / தேவாரம் & திருவாசகம்,Discography ; Lord Shiva Songs,https://www.youtube.com/watch?v=KvU4v5v2X98,PT4M43S,2026-09-28T07:55:51Z
221,L-FvFZeT_cQ,திருக்குறள்: அதிகாரம் 50 - இடனறிதல் (Original) | Thirukkural: Idanarithal [Audio],திருக்குறள்,திருக்குறள்: அதிகாரம் 50 - இடனறிதல் (Original),Thirukkural: Idanarithal,Audio,81,திருக்குறள் (Thirukkural),Audio Track (Master Composition),திருவள்ளுவர் (Thiruvalluvar),திருக்குறள் — அதிகாரம்: இடனறிதல்,Discography ; திருக்குறள் | Thirukkural — Master Collection,https://www.youtube.com/watch?v=L-FvFZeT_cQ,PT4M31S,2026-09-20T11:32:15Z
222,L6DWSjPqoH0,திருக்குறள்: அதிகாரம் 33 - கொல்லாமை | Thirukkural: Kollaamai [Film],திருக்குறள்,திருக்குறள்: அதிகாரம் 33 - கொல்லாமை,Thirukkural: Kollaamai,Film,67,திருக்குறள் (Thirukkural),Cinematic Film / Video,திருவள்ளுவர் (Thiruvalluvar),திருக்குறள் — அதிகாரம்: கொல்லாமை,திருக்குறள் | Thirukkural — Master Collection,https://www.youtube.com/watch?v=L6DWSjPqoH0,PT4M38S,2026-09-28T14:59:19Z
223,LBcuDwnrypQ,பெரியாழ்வார் திருமொழி: கண்ணன் தாலாட்டு | Periyazhvar Thirumozhi: Periyazhvar Lullaby [Film],பெரியாழ்வார் திருமொழி,பெரியாழ்வார் திருமொழி: கண்ணன் தாலாட்டு,Periyazhvar Thirumozhi: Periyazhvar Lullaby,Film,91,விஷ்ணு / கிருஷ்ணர் (Lord Vishnu & Krishna),Cinematic Film / Video,பெரியாழ்வார்,பெரியாழ்வார் திருமொழி (கண்ணன் தாலாட்டு),Discography ; Lord Krishnar Songs,https://www.youtube.com/watch?v=LBcuDwnrypQ,PT4M13S,2026-09-27T17:14:06Z
224,LL77sdbmUNE,கந்தர் அநுபூதி: உருவாய் அருவாய் | Kandhar Anuboothi: Siva Shanmuga Sankeerthanam [Audio],கந்தர் அநுபூதி,கந்தர் அநுபூதி: உருவாய் அருவாய்,Kandhar Anuboothi: Siva Shanmuga Sankeerthanam,Audio,88,சிவபெருமான் (Lord Shiva),Audio Track (Master Composition),அருணகிரிநாதர் & சைவப் புலவர்கள்,கந்தர் அநுபூதி / திருப்புகழ்,Discography ; Lord Murugar Songs,https://www.youtube.com/watch?v=LL77sdbmUNE,PT9M44S,2026-07-16T22:18:44Z
225,LjiR9PIRl8o,திருக்குறள்: அதிகாரம் 35 - துறவு | Thirukkural: Thuravu [Film],திருக்குறள்,திருக்குறள்: அதிகாரம் 35 - துறவு,Thirukkural: Thuravu,Film,62,திருக்குறள் (Thirukkural),Cinematic Film / Video,திருவள்ளுவர் (Thiruvalluvar),திருக்குறள் — அதிகாரம்: துறவு,Discography ; திருக்குறள் | Thirukkural — Master Collection,https://www.youtube.com/watch?v=LjiR9PIRl8o,PT3M59S,2026-09-18T00:57:24Z
226,Lki_Y8OSljs,விநாயகர் துதி: கண நாதா ஓம் (Symphony) | Vinayagar Thuthi: Gana Natha Om [Film],விநாயகர் துதி,விநாயகர் துதி: கண நாதா ஓம் (Symphony),Vinayagar Thuthi: Gana Natha Om,Film,78,விநாயகர் (Lord Vinayagar),Cinematic Film / Video,பாரம்பரிய விநாயகர் துதி,விநாயகர் நாம சங்கீர்த்தனம்,Discography ; Lord Vinayagar Songs,https://www.youtube.com/watch?v=Lki_Y8OSljs,PT3M48S,2026-09-27T13:01:02Z
227,Lzkbhp_ehA8,திருப்பாவை: பாசுரம் 2 - வையத்து வாழ்வீர் | Thiruppavai: Thiruppavai 2 [Film],திருப்பாவை,திருப்பாவை: பாசுரம் 2 - வையத்து வாழ்வீர்,Thiruppavai: Thiruppavai 2,Film,76,விஷ்ணு / கிருஷ்ணர் (Lord Vishnu & Krishna),Cinematic Film / Video,ஸ்ரீ ஆண்டாள் நாச்சியார்,நாலாயிர திவ்வியப் பிரபந்தம் (திருப்பாவை),Discography ; Lord Vishnu Songs,https://www.youtube.com/watch?v=Lzkbhp_ehA8,PT5M4S,2026-08-28T06:53:58Z
228,M2YC8urOH0M,திருவருட்பா: முத்தி உபாயம் | Thiruvarutpa: Muthi Upayam [Film],திருவருட்பா,திருவருட்பா: முத்தி உபாயம்,Thiruvarutpa: Muthi Upayam,Film,62,வள்ளலார் / சன்மார்க்கம் (Thiruvarutpa / Sanmargam),Cinematic Film / Video,வள்ளலார் இராமலிங்க அடிகளார் / மகாகவி பாரதியார்,திருவருட்பா / தேசிய ஆன்மீகப் பனுவல்,Discography ; Other Songs,https://www.youtube.com/watch?v=M2YC8urOH0M,PT4M45S,2026-09-27T19:53:54Z
229,M4KRTTyoD_A,திருவாசகம்: அச்சோப் பதிகம் | Thiruvasagam: Achcho Pathigam [Film],திருவாசகம்,திருவாசகம்: அச்சோப் பதிகம்,Thiruvasagam: Achcho Pathigam,Film,65,சிவபெருமான் (Lord Shiva),Cinematic Film / Video,மாணிக்கவாசகப் பெருமான்,திருவாசகம் (அச்சோப் பதிகம்),Discography ; Lord Shiva Songs,https://www.youtube.com/watch?v=M4KRTTyoD_A,PT7M37S,2026-02-11T05:38:11Z
230,MDK8Oq7p1j8,திருவருட்பா: கொன்றை வேந்தன் | Thiruvarutpa: Konrai Vendhan [Film],திருவருட்பா,திருவருட்பா: கொன்றை வேந்தன்,Thiruvarutpa: Konrai Vendhan,Film,65,மரபு & கலாச்சாரம் (Cultural & Heritage),Cinematic Film / Video,வள்ளலார் இராமலிங்க அடிகளார் / மகாகவி பாரதியார்,திருவருட்பா / தேசிய ஆன்மீகப் பனுவல்,Discography ; Other Songs,https://www.youtube.com/watch?v=MDK8Oq7p1j8,PT6M33S,2026-03-14T20:31:29Z
231,MTvDDAQCFmk,கந்தர் அலங்காரம்: நாள் என் செய்யும் | Kandhar Alangaram: Time and Faith [Film],கந்தர் அலங்காரம்,கந்தர் அலங்காரம்: நாள் என் செய்யும்,Kandhar Alangaram: Time and Faith,Film,78,முருகப் பெருமான் (Lord Murugar),Cinematic Film / Video,அருணகிரிநாதர் & சைவப் புலவர்கள்,கந்தர் அநுபூதி / திருப்புகழ்,Discography ; Lord Murugar Songs,https://www.youtube.com/watch?v=MTvDDAQCFmk,PT5M54S,2026-09-27T10:42:20Z
232,MlaG3Z3_Kck,திருவருட்பா: காட்சிப் பெருமிதம் | Thiruvarutpa: Kaatchi Perumitham [Audio],திருவருட்பா,திருவருட்பா: காட்சிப் பெருமிதம்,Thiruvarutpa: Kaatchi Perumitham,Audio,74,சிவபெருமான் (Lord Shiva),Audio Track (Master Composition),சமயக்குரவர் பெருமக்கள் (திருமுறை),பன்னிரு திருமுறைகள் / தேவாரம் & திருவாசகம்,Discography ; Lord Shiva Songs,https://www.youtube.com/watch?v=MlaG3Z3_Kck,PT7M37S,2026-07-23T11:40:02Z
233,MoNK5N2chcg,திருக்குறள்: அதிகாரம் 26 - புலால் உண்ணாமை | Thirukkural: Pulaal Unnaamai [Film],திருக்குறள்,திருக்குறள்: அதிகாரம் 26 - புலால் உண்ணாமை,Thirukkural: Pulaal Unnaamai,Film,79,திருக்குறள் (Thirukkural),Cinematic Film / Video,திருவள்ளுவர் (Thiruvalluvar),திருக்குறள் — அதிகாரம் 26: புலால் உண்ணாமை,Discography ; திருக்குறள் | Thirukkural — Master Collection,https://www.youtube.com/watch?v=MoNK5N2chcg,N/A,2026
234,MtV5wS61MsM,திருவருட்பா: திரு சனி பகவான் பதிகம் 2026 | Thiruvarutpa: Sani Bhagavan Pathigam [Film],திருவருட்பா,திருவருட்பா: திரு சனி பகவான் பதிகம் 2026,Thiruvarutpa: Sani Bhagavan Pathigam,Film,86,மரபு & கலாச்சாரம் (Cultural & Heritage),Cinematic Film / Video,வள்ளலார் இராமலிங்க அடிகளார் / மகாகவி பாரதியார்,திருவருட்பா / தேசிய ஆன்மீகப் பனுவல்,Discography ; Other Songs,https://www.youtube.com/watch?v=MtV5wS61MsM,PT7M34S,2026-09-27T17:21:30Z
235,MvwT6dnGE0U,திருக்குறள்: அதிகாரம் 68 - வினைசெயல்வகை (Female) | Thirukkural: Vinai Seyalvagai [Film],திருக்குறள்,திருக்குறள்: அதிகாரம் 68 - வினைசெயல்வகை (Female),Thirukkural: Vinai Seyalvagai,Film,87,திருக்குறள் (Thirukkural),Cinematic Film / Video,திருவள்ளுவர் (Thiruvalluvar),திருக்குறள் — அதிகாரம்: வினைசெயல்வகை,Discography ; திருக்குறள் | Thirukkural — Master Collection,https://www.youtube.com/watch?v=MvwT6dnGE0U,PT5M23S,2026-09-23T07:52:34Z
236,N8MOVChJwPQ,கந்தர் அநுபூதி: உருவாய் அருவாய் | Kandhar Anuboothi: Symphony [Film],கந்தர் அநுபூதி,கந்தர் அநுபூதி: உருவாய் அருவாய்,Kandhar Anuboothi: Symphony,Film,68,முருகப் பெருமான் (Lord Murugar),Cinematic Film / Video,அருணகிரிநாதர் & சைவப் புலவர்கள்,கந்தர் அநுபூதி / திருப்புகழ்,Discography ; Lord Murugar Songs,https://www.youtube.com/watch?v=N8MOVChJwPQ,PT4M4S,2026-09-18T14:42:21Z
237,NIvQ6yD1wnY,திருக்குறள்: அதிகாரம் 65 - சொல்வன்மை (Original) | Thirukkural: Solvanmai [Audio],திருக்குறள்,திருக்குறள்: அதிகாரம் 65 - சொல்வன்மை (Original),Thirukkural: Solvanmai,Audio,80,திருக்குறள் (Thirukkural),Audio Track (Master Composition),திருவள்ளுவர் (Thiruvalluvar),திருக்குறள் — அதிகாரம்: சொல்வன்மை,Discography ; திருக்குறள் | Thirukkural — Master Collection,https://www.youtube.com/watch?v=NIvQ6yD1wnY,PT5M39S,2026-09-22T19:31:08Z
238,NK2PqzKz3aI,பக்திப் பாடல்: திருப்பல்லாண்டு | Devotional: Thiru Pallaandu [Film],பக்திப் பாடல்,பக்திப் பாடல்: திருப்பல்லாண்டு,Devotional: Thiru Pallaandu,Film,67,சிவபெருமான் (Lord Shiva),Cinematic Film / Video,சமயக்குரவர் பெருமக்கள் (திருமுறை),பன்னிரு திருமுறைகள் / தேவாரம் & திருவாசகம்,Discography ; Lord Shiva Songs,https://www.youtube.com/watch?v=NK2PqzKz3aI,PT4M31S,2026-09-27T13:27:10Z
239,Nb1nAcrGNeU,திருக்குறள்: அதிகாரம் 53 - சுற்றந்தழால் | Thirukkural: Suttranthazhaal [Film],திருக்குறள்,திருக்குறள்: அதிகாரம் 53 - சுற்றந்தழால்,Thirukkural: Suttranthazhaal,Film,77,திருக்குறள் (Thirukkural),Cinematic Film / Video,திருவள்ளுவர் (Thiruvalluvar),திருக்குறள் — அதிகாரம்: சுற்றந்தழால்,திருக்குறள் | Thirukkural — Master Collection,https://www.youtube.com/watch?v=Nb1nAcrGNeU,PT6M54S,2026-09-28T14:28:58Z
240,NeauJSGB2W8,கிருஷ்ண துதி: கிருஷ்ண மந்திரம் (Female) | Krishna Thuthi: Krishna Mantra [Film],கிருஷ்ண துதி,கிருஷ்ண துதி: கிருஷ்ண மந்திரம் (Female),Krishna Thuthi: Krishna Mantra,Film,79,விஷ்ணு / கிருஷ்ணர் (Lord Vishnu & Krishna),Cinematic Film / Video,வேத பாரம்பரியம்,ஸ்ரீமத் பாகவதம் & மகாபாரதம்,Discography ; Lord Krishnar Songs,https://www.youtube.com/watch?v=NeauJSGB2W8,PT58S,2026-09-27T17:00:53Z
241,NjHDFS3cftg,திருவருட்பா: அருள்விடை வேட்கை | Thiruvarutpa: Arulvidai Vetkai [Film],திருவருட்பா,திருவருட்பா: அருள்விடை வேட்கை,Thiruvarutpa: Arulvidai Vetkai,Film,69,வள்ளலார் / சன்மார்க்கம் (Thiruvarutpa / Sanmargam),Cinematic Film / Video,வள்ளலார் இராமலிங்க அடிகளார் / மகாகவி பாரதியார்,திருவருட்பா / தேசிய ஆன்மீகப் பனுவல்,Discography ; Other Songs,https://www.youtube.com/watch?v=NjHDFS3cftg,PT8M28S,2026-09-27T20:11:23Z
242,Nvx3ObuSndM,திருப்புகழ்: திருப்புகழ் 712 சீர் உலாவிய | Thiruppugazh: Seer Ulaaviya [Film],திருப்புகழ்,திருப்புகழ்: திருப்புகழ் 712 சீர் உலாவிய,Thiruppugazh: Seer Ulaaviya,Film,77,முருகப் பெருமான் (Lord Murugar),Cinematic Film / Video,அருணகிரிநாத சுவாமிகள்,திருப்புகழ் (விநாயகர் துதி),Discography ; Lord Murugar Songs,https://www.youtube.com/watch?v=Nvx3ObuSndM,PT3M29S,2026-09-27T13:04:16Z
243,NxZf0eRutEY,திருக்குறள்: அதிகாரம் 28 - கூடா ஒழுக்கம் (Symphony) | Thirukkural: Kooda Ozhukkam [Audio],திருக்குறள்,திருக்குறள்: அதிகாரம் 28 - கூடா ஒழுக்கம் (Symphony),Thirukkural: Kooda Ozhukkam,Audio,89,திருக்குறள் (Thirukkural),Audio Track (Master Composition),திருவள்ளுவர் (Thiruvalluvar),திருக்குறள் — அதிகாரம்: கூடா ஒழுக்கம்,Discography ; திருக்குறள் | Thirukkural — Master Collection,https://www.youtube.com/watch?v=NxZf0eRutEY,PT4M42S,2026-09-14T13:02:02Z
244,O0hASl4BS2c,திருக்குறள்: அதிகாரம் 54 - பொச்சாவாமை (Original) | Thirukkural: Pochavaamai [Audio],திருக்குறள்,திருக்குறள்: அதிகாரம் 54 - பொச்சாவாமை (Original),Thirukkural: Pochavaamai,Audio,83,திருக்குறள் (Thirukkural),Audio Track (Master Composition),திருவள்ளுவர் (Thiruvalluvar),திருக்குறள்,,https://www.youtube.com/watch?v=O0hASl4BS2c,PT5M20S,2026-09-20T23:32:28Z
245,O7n8bL9XOn4,திருப்பாவை: ரகுபதி ராகவ ராஜா ராம் | Thiruppavai: Raghupati Raghava [Film],திருப்பாவை,திருப்பாவை: ரகுபதி ராகவ ராஜா ராம்,Thiruppavai: Raghupati Raghava,Film,73,விஷ்ணு / கிருஷ்ணர் (Lord Vishnu & Krishna),Cinematic Film / Video,ஆழ்வார்கள் / நாலாயிர திவ்வியப் பிரபந்தம்,திருப்பாவை & நாலாயிர திவ்வியப் பிரபந்தம்,Discography ; Lord Vishnu Songs,https://www.youtube.com/watch?v=O7n8bL9XOn4,PT5M48S,2026-09-08T07:10:11Z
246,On2xoZqBsss,திருப்புகழ்: முத்தைத் தரு (திருப்புகழ்) | Thiruppugazh: Muthai Tharu [Film],திருப்புகழ்,திருப்புகழ்: முத்தைத் தரு (திருப்புகழ்),Thiruppugazh: Muthai Tharu,Film,75,முருகப் பெருமான் (Lord Murugar),Cinematic Film / Video,அருணகிரிநாத சுவாமிகள்,திருப்புகழ் (விநாயகர் துதி),Discography ; Lord Murugar Songs,https://www.youtube.com/watch?v=On2xoZqBsss,PT3M50S,2026-02-02T07:13:31Z
247,OnzFNGriZ24,திருவருட்பா: தமிழ்த்தாய் வாழ்த்து | Thiruvarutpa: Tamil Thai Vazhthu [Film],திருவருட்பா,திருவருட்பா: தமிழ்த்தாய் வாழ்த்து,Thiruvarutpa: Tamil Thai Vazhthu,Film,75,மரபு & கலாச்சாரம் (Cultural & Heritage),Cinematic Film / Video,வள்ளலார் இராமலிங்க அடிகளார் / மகாகவி பாரதியார்,திருவருட்பா / தேசிய ஆன்மீகப் பனுவல்,Discography ; Other Songs,https://www.youtube.com/watch?v=OnzFNGriZ24,PT4M12S,2026-01-13T19:39:13Z
248,OqRZLEMvx8s,திருக்குறள்: அதிகாரம் 47 - தெரிந்து செயல்வகை (Original) | Therinthu Seyalvagai [Audio],திருக்குறள்,திருக்குறள்: அதிகாரம் 47 - தெரிந்து செயல்வகை (Original),Therinthu Seyalvagai,Audio,86,திருக்குறள் (Thirukkural),Audio Track (Master Composition),திருவள்ளுவர் (Thiruvalluvar),திருக்குறள் — அதிகாரம்: தெரிந்து செயல்வகை,Discography ; திருக்குறள் | Thirukkural — Master Collection,https://www.youtube.com/watch?v=OqRZLEMvx8s,PT5M48S,2026-09-20T20:13:19Z
249,OzejLLvDq5s,திருக்குறள்: அதிகாரம் 44 - குற்றங்கடிதல் (Remix) | Thirukkural: Kuttrangadithal [Remix],திருக்குறள்,திருக்குறள்: அதிகாரம் 44 - குற்றங்கடிதல் (Remix),Thirukkural: Kuttrangadithal,Remix,87,திருக்குறள் (Thirukkural),Audio Track (Master Composition),திருவள்ளுவர் (Thiruvalluvar),திருக்குறள்,,https://www.youtube.com/watch?v=OzejLLvDq5s,PT3M42S,2026-09-19T22:05:03Z
250,P-gtNBy8sRE,தேவாரம்: திருநீற்றுப் பதிகம் (மந்திரமாவது நீறு) | Thevaram: Mandhiram Aavadhu Neeru [Film],தேவாரம்,தேவாரம்: திருநீற்றுப் பதிகம் (மந்திரமாவது நீறு),Thevaram: Mandhiram Aavadhu Neeru,Film,90,சிவபெருமான் (Lord Shiva),Cinematic Film / Video,திருஞானசம்பந்த மூர்த்தி நாயனார்,தேவாரம் (திருநீற்றுப் பதிகம்),Discography ; Lord Shiva Songs,https://www.youtube.com/watch?v=P-gtNBy8sRE,PT4M33S,2026-02-14T13:24:56Z
251,PLBuPRdKMHE,திருவருட்பா: அபராத விண்ணப்பம் III | Thiruvarutpa: Aparadha Vinnappam III [Audio],திருவருட்பா,திருவருட்பா: அபராத விண்ணப்பம் III,Thiruvarutpa: Aparadha Vinnappam III,Audio,80,வள்ளலார் / சன்மார்க்கம் (Thiruvarutpa / Sanmargam),Audio Track (Master Composition),வள்ளலார் இராமலிங்க அடிகளார் / மகாகவி பாரதியார்,திருவருட்பா / தேசிய ஆன்மீகப் பனுவல்,Discography ; Other Songs,https://www.youtube.com/watch?v=PLBuPRdKMHE,PT4M51S,2026-07-26T16:45:49Z
252,PO4U3nRv6o0,திருவருட்பா: திருவருள் வேட்கை | Thiruvarutpa: Devotional Hymn [Film],திருவருட்பா,திருவருட்பா: திருவருள் வேட்கை,Thiruvarutpa: Devotional Hymn,Film,68,சிவபெருமான் (Lord Shiva),Cinematic Film / Video,சமயக்குரவர் பெருமக்கள் (திருமுறை),பன்னிரு திருமுறைகள் / தேவாரம் & திருவாசகம்,Lord Shiva Songs,https://www.youtube.com/watch?v=PO4U3nRv6o0,PT4M46S,2026-09-28T15:41:54Z
253,PVcmqZuROSU,கந்தர் அநுபூதி: உருவாய் அருவாய் | Kandhar Anuboothi: Kandhar Shashti Thuthi [Film],கந்தர் அநுபூதி,கந்தர் அநுபூதி: உருவாய் அருவாய்,Kandhar Anuboothi: Kandhar Shashti Thuthi,Film,82,முருகப் பெருமான் (Lord Murugar),Cinematic Film / Video,அருணகிரிநாதர் & சைவப் புலவர்கள்,கந்தர் அநுபூதி / திருப்புகழ்,Discography ; Lord Murugar Songs,https://www.youtube.com/watch?v=PVcmqZuROSU,PT24M52S,2026-01-30T13:56:45Z
254,PXQW4sYo4nY,பக்திப் பாடல்: திருவடிச் சரண்புகல் | Devotional: Thiruvadi Saranpugal [Film],பக்திப் பாடல்,பக்திப் பாடல்: திருவடிச் சரண்புகல்,Devotional: Thiruvadi Saranpugal,Film,76,சிவபெருமான் (Lord Shiva),Cinematic Film / Video,சமயக்குரவர் பெருமக்கள் (திருமுறை),பன்னிரு திருமுறைகள் / தேவாரம் & திருவாசகம்,Discography ; Lord Shiva Songs,https://www.youtube.com/watch?v=PXQW4sYo4nY,PT6M53S,2026-09-29T07:37:16Z
255,PmziMZrMHfE,திருக்குறள்: அதிகாரம் 57 - வெருவந்த செய்யாமை (Remix) | Veruvandha Seyyaamai [Remix],திருக்குறள்,திருக்குறள்: அதிகாரம் 57 - வெருவந்த செய்யாமை (Remix),Veruvandha Seyyaamai,Remix,83,திருக்குறள் (Thirukkural),Audio Track (Master Composition),திருவள்ளுவர் (Thiruvalluvar),திருக்குறள்,,https://www.youtube.com/watch?v=PmziMZrMHfE,PT5M43S,2026-09-21T08:31:05Z
256,Q2xax9mIhZw,அபிராமி அந்தாதி: தனந்தரும் கல்விதரும் | Abhirami Andhadhi: Dhanam Tharum Abhirami [Audio],அபிராமி அந்தாதி,அபிராமி அந்தாதி: தனந்தரும் கல்விதரும்,Abhirami Andhadhi: Dhanam Tharum Abhirami,Audio,89,விஷ்ணு / கிருஷ்ணர் (Lord Vishnu & Krishna),Audio Track (Master Composition),அபிராமி பட்டர்,அபிராமி அந்தாதி,Discography ; Goddess Amman Songs,https://www.youtube.com/watch?v=Q2xax9mIhZw,PT3M57S,2026-01-11T19:16:19Z
257,Q57FSOLDMU0,திருவருட்பா: சொற்பெரு மெய்ஞ்ஞான | Thiruvarutpa: Sorpperu Meygnana [Film],திருவருட்பா,திருவருட்பா: சொற்பெரு மெய்ஞ்ஞான,Thiruvarutpa: Sorpperu Meygnana,Film,72,மரபு & கலாச்சாரம் (Cultural & Heritage),Cinematic Film / Video,வள்ளலார் இராமலிங்க அடிகளார் / மகாகவி பாரதியார்,திருவருட்பா / தேசிய ஆன்மீகப் பனுவல்,Discography ; Other Songs,https://www.youtube.com/watch?v=Q57FSOLDMU0,PT4M42S,2026-09-27T18:24:33Z
258,Q5G2h9GuGQs,திருப்பாவை: ரகுபதி ராகவ ராஜா ராம் | Thiruppavai: Raghupati Raghava [Film],திருப்பாவை,திருப்பாவை: ரகுபதி ராகவ ராஜா ராம்,Thiruppavai: Raghupati Raghava,Film,73,விஷ்ணு / கிருஷ்ணர் (Lord Vishnu & Krishna),Cinematic Film / Video,ஆழ்வார்கள் / நாலாயிர திவ்வியப் பிரபந்தம்,திருப்பாவை & நாலாயிர திவ்வியப் பிரபந்தம்,Discography ; Lord Vishnu Songs,https://www.youtube.com/watch?v=Q5G2h9GuGQs,PT5M48S,2026-08-28T06:57:41Z
259,QAv04nxeH4c,திருக்குறள்: அதிகாரம் 35 - துறவு (Female) | Thirukkural: Thuravu [Film],திருக்குறள்,திருக்குறள்: அதிகாரம் 35 - துறவு (Female),Thirukkural: Thuravu,Film,71,திருக்குறள் (Thirukkural),Cinematic Film / Video,திருவள்ளுவர் (Thiruvalluvar),திருக்குறள் — அதிகாரம்: துறவு,Discography ; திருக்குறள் | Thirukkural — Master Collection,https://www.youtube.com/watch?v=QAv04nxeH4c,PT4M43S,2026-09-18T00:57:24Z
260,QFCD-U3sT4M,திருவாசகம்: தென்னாடுடைய சிவனே போற்றி | Thiruvasagam: Thennadudaiya Sivaney [Film],திருவாசகம்,திருவாசகம்: தென்னாடுடைய சிவனே போற்றி,Thiruvasagam: Thennadudaiya Sivaney,Film,81,சிவபெருமான் (Lord Shiva),Cinematic Film / Video,சமயக்குரவர் பெருமக்கள் (திருமுறை),பன்னிரு திருமுறைகள் / தேவாரம் & திருவாசகம்,Discography ; Lord Shiva Songs,https://www.youtube.com/watch?v=QFCD-U3sT4M,PT3M54S,2026-03-13T04:33:43Z
261,QH-xL37NmGM,திருப்பாவை: பாசுரம் 1 - மார்கழித் திங்கள் | Thiruppavai: Thiruppavai 1 [Film],திருப்பாவை,திருப்பாவை: பாசுரம் 1 - மார்கழித் திங்கள்,Thiruppavai: Thiruppavai 1,Film,77,விஷ்ணு / கிருஷ்ணர் (Lord Vishnu & Krishna),Cinematic Film / Video,ஸ்ரீ ஆண்டாள் நாச்சியார்,நாலாயிர திவ்வியப் பிரபந்தம் (திருப்பாவை),Discography ; Lord Vishnu Songs,https://www.youtube.com/watch?v=QH-xL37NmGM,PT5M32S,2026-09-26T21:31:30Z
262,QRSRyYEacMs,கந்தர் அநுபூதி: உருவாய் அருவாய் | Kandhar Anuboothi: Skanda Mantram [Film],கந்தர் அநுபூதி,கந்தர் அநுபூதி: உருவாய் அருவாய்,Kandhar Anuboothi: Skanda Mantram,Film,74,முருகப் பெருமான் (Lord Murugar),Cinematic Film / Video,அருணகிரிநாதர் & சைவப் புலவர்கள்,கந்தர் அநுபூதி / திருப்புகழ்,Discography ; Lord Murugar Songs,https://www.youtube.com/watch?v=QRSRyYEacMs,PT4M4S,2026-09-27T13:41:59Z
263,QRdpedglKkU,பக்திப் பாடல்: திருப்படை ஆட்சி (திருவாசகம்) | Devotional: Devotional Hymn [Film],பக்திப் பாடல்,பக்திப் பாடல்: திருப்படை ஆட்சி (திருவாசகம்),Devotional: Devotional Hymn,Film,80,சிவபெருமான் (Lord Shiva),Cinematic Film / Video,சமயக்குரவர் பெருமக்கள் (திருமுறை),பன்னிரு திருமுறைகள் / தேவாரம் & திருவாசகம்,Discography ; Lord Shiva Songs,https://www.youtube.com/watch?v=QRdpedglKkU,PT17M55S,2026-09-29T07:08:54Z
264,QTxWZpg6F98,திருவருட்பா: உலகமெலாந் தனிநிறைந்த | Thiruvarutpa: Ulagamelan Thaniniraindha [Film],திருவருட்பா,திருவருட்பா: உலகமெலாந் தனிநிறைந்த,Thiruvarutpa: Ulagamelan Thaniniraindha,Film,82,மரபு & கலாச்சாரம் (Cultural & Heritage),Cinematic Film / Video,வள்ளலார் இராமலிங்க அடிகளார் / மகாகவி பாரதியார்,திருவருட்பா / தேசிய ஆன்மீகப் பனுவல்,Discography ; Other Songs,https://www.youtube.com/watch?v=QTxWZpg6F98,PT10M9S,2026-09-02T05:17:38Z
265,QXWB2raWKXE,திருக்குறள்: அதிகாரம் 63 - இடுக்கண் அழியாமை (Remix) | Thirukkural: Idukkan Azhiyamai [Remix],திருக்குறள்,திருக்குறள்: அதிகாரம் 63 - இடுக்கண் அழியாமை (Remix),Thirukkural: Idukkan Azhiyamai,Remix,92,திருக்குறள் (Thirukkural),Cinematic Film / Video,திருவள்ளுவர் (Thiruvalluvar),திருக்குறள் — அதிகாரம்: இடுக்கண் அழியாமை,Discography ; திருக்குறள் | Thirukkural — Master Collection,https://www.youtube.com/watch?v=QXWB2raWKXE,PT5M30S,2026-09-28T17:31:24Z
266,QXhT9uoA7_w,திருக்குறள்: அதிகாரம் 1 - கடவுள் வாழ்த்து | Thirukkural: Kadavul Vazhthu [Film],திருக்குறள்,திருக்குறள்: அதிகாரம் 1 - கடவுள் வாழ்த்து,Thirukkural: Kadavul Vazhthu,Film,79,திருக்குறள் (Thirukkural),Cinematic Film / Video,திருவள்ளுவர் (Thiruvalluvar),திருக்குறள் உலகப் பொதுமறை,Discography ; Other Songs ; திருக்குறள் | Thirukkural — Master Collection,https://www.youtube.com/watch?v=QXhT9uoA7_w,PT3M59S,2026-01-13T19:39:13Z
267,QXqjB9UnD7E,திருப்பாவை: திருவெண்பா (Remix) | Thiruppavai: Thiruvenba [Remix],திருப்பாவை,திருப்பாவை: திருவெண்பா (Remix),Thiruppavai: Thiruvenba,Remix,64,சிவபெருமான் (Lord Shiva),Cinematic Film / Video,ஆழ்வார்கள் / நாலாயிர திவ்வியப் பிரபந்தம்,திருப்பாவை & நாலாயிர திவ்வியப் பிரபந்தம்,Lord Shiva Songs ; Lord Vishnu Songs,https://www.youtube.com/watch?v=QXqjB9UnD7E,PT3M14S,2026-09-29T07:30:31Z
268,R-5gWfRNMts,திருக்குறள்: அதிகாரம் 30 - வாய்மை (Remix) | Thirukkural: Vaaymai [Remix],திருக்குறள்,திருக்குறள்: அதிகாரம் 30 - வாய்மை (Remix),Thirukkural: Vaaymai,Remix,72,திருக்குறள் (Thirukkural),Audio Track (Master Composition),திருவள்ளுவர் (Thiruvalluvar),திருக்குறள்,,https://www.youtube.com/watch?v=R-5gWfRNMts,PT3M57S,2026-09-14T18:16:52Z
269,R82hz_s2YGQ,திருக்குறள்: அதிகாரம் 16 - பொறையுடைமை | Thirukkural: Porai Udaimai [Film],திருக்குறள்,திருக்குறள்: அதிகாரம் 16 - பொறையுடைமை,Thirukkural: Porai Udaimai,Film,73,திருக்குறள் (Thirukkural),Cinematic Film / Video,திருவள்ளுவர் (Thiruvalluvar),திருக்குறள்,,https://www.youtube.com/watch?v=R82hz_s2YGQ,PT6M22S,2026-09-26T21:51:15Z
270,R8OyFbqJJEw,திருக்குறள்: அதிகாரம் 125 - நெஞ்சறிவுறுத்தல் (பகுதி 2) | Nenjari Vuruthal Part 2 [Film],திருக்குறள்,திருக்குறள்: அதிகாரம் 125 - நெஞ்சறிவுறுத்தல் (பகுதி 2),Nenjari Vuruthal Part 2,Film,87,திருக்குறள் (Thirukkural),Cinematic Film / Video,திருவள்ளுவர் (Thiruvalluvar),திருக்குறள் — அதிகாரம்: நெஞ்சறிவுறுத்தல்,Discography ; Other Songs ; திருக்குறள் | Thirukkural — Master Collection,https://www.youtube.com/watch?v=R8OyFbqJJEw,PT4M24S,2026-09-27T04:45:30Z
271,RAUafMVpT5k,திருக்குறள்: அதிகாரம் 74 - நாடு (Remix) | Thirukkural: Naadu [Remix],திருக்குறள்,திருக்குறள்: அதிகாரம் 74 - நாடு (Remix),Thirukkural: Naadu,Remix,68,திருக்குறள் (Thirukkural),Audio Track (Master Composition),திருவள்ளுவர் (Thiruvalluvar),திருக்குறள் — அதிகாரம்: நாடு,Discography ; திருக்குறள் | Thirukkural — Master Collection,https://www.youtube.com/watch?v=RAUafMVpT5k,PT3M34S,2026-09-24T09:49:23Z
272,RDcw0Bol-cE,திருப்பாவை: பாசுரம் 1 - மார்கழித் திங்கள் | Thiruppavai: Thiruppavai 1 [Film],திருப்பாவை,திருப்பாவை: பாசுரம் 1 - மார்கழித் திங்கள்,Thiruppavai: Thiruppavai 1,Film,77,விஷ்ணு / கிருஷ்ணர் (Lord Vishnu & Krishna),Cinematic Film / Video,ஸ்ரீ ஆண்டாள் நாச்சியார்,நாலாயிர திவ்வியப் பிரபந்தம் (திருப்பாவை),Discography ; Other Songs,https://www.youtube.com/watch?v=RDcw0Bol-cE,PT5M32S,2026-08-28T05:28:28Z
273,RVMUEr1MOFo,விநாயகர் நான்மணிமாலை: பாலும் தெளிதேனும் | Vinayagar Nanmanimalai: Paalum Thelithenum [Film],விநாயகர் நான்மணிமாலை,விநாயகர் நான்மணிமாலை: பாலும் தெளிதேனும்,Vinayagar Nanmanimalai: Paalum Thelithenum,Film,91,விநாயகர் (Lord Vinayagar),Cinematic Film / Video,ஔவையார்,நல்வழி (விநாயகர் வணக்கம்),Discography ; Lord Vinayagar Songs,https://www.youtube.com/watch?v=RVMUEr1MOFo,PT3M23S,2026-09-06T03:33:01Z
274,RY7nPGorS94,திருக்குறள்: அதிகாரம் 69 - தூது (Remix) | Thirukkural: Thoothu [Remix],திருக்குறள்,திருக்குறள்: அதிகாரம் 69 - தூது (Remix),Thirukkural: Thoothu,Remix,70,திருக்குறள் (Thirukkural),Audio Track (Master Composition),திருவள்ளுவர் (Thiruvalluvar),திருக்குறள் — அதிகாரம்: தூது,Discography ; திருக்குறள் | Thirukkural — Master Collection,https://www.youtube.com/watch?v=RY7nPGorS94,PT4M11S,2026-09-23T10:00:30Z
275,RmggfAhGNXU,பக்திப் பாடல்: திருஏசறவு 2026 (திருவாசகம்) | Devotional: Thiruesaravu [Film],பக்திப் பாடல்,பக்திப் பாடல்: திருஏசறவு 2026 (திருவாசகம்),Devotional: Thiruesaravu,Film,76,சிவபெருமான் (Lord Shiva),Cinematic Film / Video,சமயக்குரவர் பெருமக்கள் (திருமுறை),பன்னிரு திருமுறைகள் / தேவாரம் & திருவாசகம்,Discography ; Lord Shiva Songs,https://www.youtube.com/watch?v=RmggfAhGNXU,PT9M16S,2026-02-09T06:37:55Z
276,RtHz7rTLNHk,திருவருட்பா: அருட்பெருஞ்சோதி அகவல் II | Thiruvarutpa: Arutperunjothi IV [Film],திருவருட்பா,திருவருட்பா: அருட்பெருஞ்சோதி அகவல் II,Thiruvarutpa: Arutperunjothi IV,Film,78,வள்ளலார் / சன்மார்க்கம் (Thiruvarutpa / Sanmargam),Cinematic Film / Video,வள்ளலார் இராமலிங்க அடிகளார்,திருவருட்பா (அருட்பெருஞ்சோதி அகவல்),Discography ; Other Songs,https://www.youtube.com/watch?v=RtHz7rTLNHk,PT5M18S,2026-03-15T12:19:46Z
277,S4ogw4EfpDY,திருப்புகழ்: திருப்புகழ் 566 (இரத்னகிரி I) | Thiruppugazh: Thiruppugazh 566 Rathnagiri I [Film],திருப்புகழ்,திருப்புகழ்: திருப்புகழ் 566 (இரத்னகிரி I),Thiruppugazh: Thiruppugazh 566 Rathnagiri I,Film,95,முருகப் பெருமான் (Lord Murugar),Cinematic Film / Video,அருணகிரிநாத சுவாமிகள்,திருப்புகழ் (விநாயகர் துதி),Discography ; Lord Murugar Songs,https://www.youtube.com/watch?v=S4ogw4EfpDY,PT4M15S,2026-08-20T06:35:32Z
278,S9WQ-O0tZJI,பக்திப் பாடல்: திருப்படை ஆட்சி 2026 (திருவாசகம்) | Devotional: Thiruppadai Aatchi HipHop [Film],பக்திப் பாடல்,பக்திப் பாடல்: திருப்படை ஆட்சி 2026 (திருவாசகம்),Devotional: Thiruppadai Aatchi HipHop,Film,95,சிவபெருமான் (Lord Shiva),Cinematic Film / Video,சமயக்குரவர் பெருமக்கள் (திருமுறை),பன்னிரு திருமுறைகள் / தேவாரம் & திருவாசகம்,Discography ; Lord Shiva Songs,https://www.youtube.com/watch?v=S9WQ-O0tZJI,PT4M39S,2026-02-09T06:37:55Z
279,SDPLWITWGho,திருவருட்பா: நற்றுணை விளக்கம் | Thiruvarutpa: Nattrunai Vilakkam [Film],திருவருட்பா,திருவருட்பா: நற்றுணை விளக்கம்,Thiruvarutpa: Nattrunai Vilakkam,Film,71,சிவபெருமான் (Lord Shiva),Cinematic Film / Video,சமயக்குரவர் பெருமக்கள் (திருமுறை),பன்னிரு திருமுறைகள் / தேவாரம் & திருவாசகம்,Discography ; Lord Shiva Songs,https://www.youtube.com/watch?v=SDPLWITWGho,PT18M30S,2026-07-17T08:49:27Z
280,SI8ItN6nqck,திருக்குறள்: அதிகாரம் 58 - கண்ணோட்டம் (Original) | Thirukkural: Kannottam [Audio],திருக்குறள்,திருக்குறள்: அதிகாரம் 58 - கண்ணோட்டம் (Original),Thirukkural: Kannottam,Audio,81,திருக்குறள் (Thirukkural),Audio Track (Master Composition),திருவள்ளுவர் (Thiruvalluvar),திருக்குறள் — அதிகாரம்: கண்ணோட்டம்,Discography ; திருக்குறள் | Thirukkural — Master Collection,https://www.youtube.com/watch?v=SI8ItN6nqck,PT5M15S,2026-09-21T16:48:45Z
281,SLaW0c4zDuc,திருவருட்பா: அன்பு மாலை - 2026 | Thiruvarutpa: I [Film],திருவருட்பா,திருவருட்பா: அன்பு மாலை - 2026,Thiruvarutpa: I,Film,55,சிவபெருமான் (Lord Shiva),Cinematic Film / Video,சமயக்குரவர் பெருமக்கள் (திருமுறை),பன்னிரு திருமுறைகள் / தேவாரம் & திருவாசகம்,Discography ; Lord Shiva Songs,https://www.youtube.com/watch?v=SLaW0c4zDuc,PT9M22S,2026-08-11T11:07:11Z
282,SN7FIkL-o1k,திருப்புகழ்: முத்தைத் தரு | Thiruppugazh: Muthai Tharu Thiruppugazh [Film],திருப்புகழ்,திருப்புகழ்: முத்தைத் தரு,Thiruppugazh: Muthai Tharu Thiruppugazh,Film,74,முருகப் பெருமான் (Lord Murugar),Cinematic Film / Video,அருணகிரிநாத சுவாமிகள்,திருப்புகழ் (விநாயகர் துதி),Discography ; Lord Murugar Songs,https://www.youtube.com/watch?v=SN7FIkL-o1k,PT3M50S,2026-09-27T09:20:03Z
283,SWAjAbur-TQ,திருக்குறள்: அதிகாரம் 1 - கடவுள் வாழ்த்து | Thirukkural: Kadavul Vazhthu [Film],திருக்குறள்,திருக்குறள்: அதிகாரம் 1 - கடவுள் வாழ்த்து,Thirukkural: Kadavul Vazhthu,Film,79,திருக்குறள் (Thirukkural),Cinematic Film / Video,திருவள்ளுவர் (Thiruvalluvar),திருக்குறள் — அதிகாரம்: கடவுள் வாழ்த்து,Discography ; திருக்குறள் | Thirukkural — Master Collection,https://www.youtube.com/watch?v=SWAjAbur-TQ,PT5M29S,2026-09-27T20:59:27Z
284,S_FoILDLhls,கிருஷ்ண துதி: கிருஷ்ண மந்திரம் I | Krishna Thuthi: Krishna Mantra [Film],கிருஷ்ண துதி,கிருஷ்ண துதி: கிருஷ்ண மந்திரம் I,Krishna Thuthi: Krishna Mantra,Film,72,விஷ்ணு / கிருஷ்ணர் (Lord Vishnu & Krishna),Cinematic Film / Video,வேத பாரம்பரியம்,ஸ்ரீமத் பாகவதம் & மகாபாரதம்,Discography ; Lord Krishnar Songs,https://www.youtube.com/watch?v=S_FoILDLhls,PT3M39S,2026-09-27T18:03:00Z
285,T1KiH3G5WPs,ஆதிசங்கரர்: மகா கணேச பஞ்சரத்னம் | Adi Shankara: Maha Ganesha Pancharatnam [Film],ஆதிசங்கரர்,ஆதிசங்கரர்: மகா கணேச பஞ்சரத்னம்,Adi Shankara: Maha Ganesha Pancharatnam,Film,80,விநாயகர் (Lord Vinayagar),Cinematic Film / Video,ஸ்ரீ ஆதி சங்கர பகவத் பாதாள்,ஸ்ரீ மகா கணேச பஞ்சரத்னம்,Discography ; Lord Vinayagar Songs,https://www.youtube.com/watch?v=T1KiH3G5WPs,PT4M14S,2026-09-07T13:01:16Z
286,TQtjI3EepPQ,திருக்குறள்: அதிகாரம் 59 - ஒற்றாடல் | Thirukkural: Ottraadal [Film],திருக்குறள்,திருக்குறள்: அதிகாரம் 59 - ஒற்றாடல்,Thirukkural: Ottraadal,Film,67,திருக்குறள் (Thirukkural),Cinematic Film / Video,திருவள்ளுவர் (Thiruvalluvar),திருக்குறள் — அதிகாரம்: ஒற்றாடல்,திருக்குறள் | Thirukkural — Master Collection,https://www.youtube.com/watch?v=TQtjI3EepPQ,PT5M21S,2026-09-28T15:44:27Z
287,TcsCIh8hvko,தேவாரம்: கடவுளைக் கடலுள் எழு (திருக்குறுந்தொகை) | Thevaram: Kadavulai Kadalul Ezhu [Film],தேவாரம்,தேவாரம்: கடவுளைக் கடலுள் எழு (திருக்குறுந்தொகை),Thevaram: Kadavulai Kadalul Ezhu,Film,89,சிவபெருமான் (Lord Shiva),Cinematic Film / Video,திருநாவுக்கரசு சுவாமிகள் (அப்பர்),தேவாரம் (திருக்குறுந்தொகை - திருநெல்வாயில் அரத்துறை),Discography ; Lord Shiva Songs,https://www.youtube.com/watch?v=TcsCIh8hvko,PT9M55S,2026-09-27T16:51:48Z
288,TlaBaW3-ckI,திருவருட்பா: கொடைமடப் புகழ்ச்சி | Thiruvarutpa: Kodaimada Pugazhchi [Film],திருவருட்பா,திருவருட்பா: கொடைமடப் புகழ்ச்சி,Thiruvarutpa: Kodaimada Pugazhchi,Film,74,சிவபெருமான் (Lord Shiva),Cinematic Film / Video,சமயக்குரவர் பெருமக்கள் (திருமுறை),பன்னிரு திருமுறைகள் / தேவாரம் & திருவாசகம்,Discography ; Lord Shiva Songs,https://www.youtube.com/watch?v=TlaBaW3-ckI,PT10M23S,2026-09-29T07:38:48Z
289,To2l9uyCjMg,திருப்பாவை: பாசுரம் 3 - ஓங்கி உலகளந்த | Thiruppavai: Thiruppavai 3 [Film],திருப்பாவை,திருப்பாவை: பாசுரம் 3 - ஓங்கி உலகளந்த,Thiruppavai: Thiruppavai 3,Film,73,விஷ்ணு / கிருஷ்ணர் (Lord Vishnu & Krishna),Cinematic Film / Video,ஸ்ரீ ஆண்டாள் நாச்சியார்,நாலாயிர திவ்வியப் பிரபந்தம் (திருப்பாவை),Discography ; Lord Vishnu Songs,https://www.youtube.com/watch?v=To2l9uyCjMg,PT3M47S,2026-03-13T03:23:53Z
290,UIc-dkmHgt4,திருவாசகம்: அன்னைப்பத்து | Thiruvasagam: Annaippathu [Film],திருவாசகம்,திருவாசகம்: அன்னைப்பத்து,Thiruvasagam: Annaippathu,Film,59,சிவபெருமான் (Lord Shiva),Cinematic Film / Video,மாணிக்கவாசகப் பெருமான்,திருவாசகம் (அன்னைப்பத்து),Discography ; Lord Shiva Songs,https://www.youtube.com/watch?v=UIc-dkmHgt4,PT8M54S,2026-09-27T16:32:11Z
291,UPODVJixLyM,திருவருட்பா: ஞானத் திருவடி 2026 | Thiruvarutpa: Gnanath Thiruvadi [Film],திருவருட்பா,திருவருட்பா: ஞானத் திருவடி 2026,Thiruvarutpa: Gnanath Thiruvadi,Film,72,மரபு & கலாச்சாரம் (Cultural & Heritage),Cinematic Film / Video,வள்ளலார் இராமலிங்க அடிகளார் / மகாகவி பாரதியார்,திருவருட்பா / தேசிய ஆன்மீகப் பனுவல்,Discography ; Other Songs,https://www.youtube.com/watch?v=UPODVJixLyM,PT6M,2026-09-27T18:25:17Z
292,UUytjlINYLw,அபிராமி அந்தாதி: தனந்தரும் கல்விதரும் | Abhirami Andhadhi: Abhirami Andhathi Thuthi [Film],அபிராமி அந்தாதி,அபிராமி அந்தாதி: தனந்தரும் கல்விதரும்,Abhirami Andhadhi: Abhirami Andhathi Thuthi,Film,90,விஷ்ணு / கிருஷ்ணர் (Lord Vishnu & Krishna),Cinematic Film / Video,அபிராமி பட்டர்,அபிராமி அந்தாதி,Discography ; Goddess Amman Songs,https://www.youtube.com/watch?v=UUytjlINYLw,PT4M2S,2026-01-30T14:23:33Z
293,UxsU284RHQY,திருவருட்பா: அருட்பெருஞ்சோதி அகவல் | Thiruvarutpa: Arutperunjothi Agaval I [Film],திருவருட்பா,திருவருட்பா: அருட்பெருஞ்சோதி அகவல்,Thiruvarutpa: Arutperunjothi Agaval I,Film,81,வள்ளலார் / சன்மார்க்கம் (Thiruvarutpa / Sanmargam),Cinematic Film / Video,வள்ளலார் இராமலிங்க அடிகளார்,திருவருட்பா (அருட்பெருஞ்சோதி அகவல்),Discography ; Other Songs,https://www.youtube.com/watch?v=UxsU284RHQY,PT4M50S,2026-09-06T21:12:47Z
294,UyCe3KLqY_8,திருக்குறள்: அதிகாரம் 46 - சிற்றினம் சேராமை (Remix) | Thirukkural: Sittrinam Seramai [Remix],திருக்குறள்,திருக்குறள்: அதிகாரம் 46 - சிற்றினம் சேராமை (Remix),Thirukkural: Sittrinam Seramai,Remix,92,திருக்குறள் (Thirukkural),Audio Track (Master Composition),திருவள்ளுவர் (Thiruvalluvar),திருக்குறள் — அதிகாரம்: சிற்றினம் சேராமை,Discography ; திருக்குறள் | Thirukkural — Master Collection,https://www.youtube.com/watch?v=UyCe3KLqY_8,PT5M31S,2026-09-19T22:45:56Z
295,V7dOPmD9aWg,திருவருட்பா: அருட்பெருஞ்சோதி அகவல் | Thiruvarutpa: Arutperunjothi Agaval 1 [Film],திருவருட்பா,திருவருட்பா: அருட்பெருஞ்சோதி அகவல்,Thiruvarutpa: Arutperunjothi Agaval 1,Film,81,வள்ளலார் / சன்மார்க்கம் (Thiruvarutpa / Sanmargam),Cinematic Film / Video,வள்ளலார் இராமலிங்க அடிகளார்,திருவருட்பா (அருட்பெருஞ்சோதி அகவல்),Discography ; Other Songs,https://www.youtube.com/watch?v=V7dOPmD9aWg,PT22M24S,2026-01-26T06:14:40Z
296,VENn3ip3XPA,திருக்குறள்: அதிகாரம் 64 - அமைச்சு | Thirukkural: Amaichu [Film],திருக்குறள்,திருக்குறள்: அதிகாரம் 64 - அமைச்சு,Thirukkural: Amaichu,Film,64,திருக்குறள் (Thirukkural),Cinematic Film / Video,திருவள்ளுவர் (Thiruvalluvar),திருக்குறள் — அதிகாரம்: அமைச்சு,திருக்குறள் | Thirukkural — Master Collection,https://www.youtube.com/watch?v=VENn3ip3XPA,PT5M8S,2026-09-28T09:23:56Z
297,VMn8fiWF-oA,சரஸ்வதி போற்றி: 108 போற்றி | Saraswathi Stotram: Saraswathi 108 Potri [Film],சரஸ்வதி போற்றி,சரஸ்வதி போற்றி: 108 போற்றி,Saraswathi Stotram: Saraswathi 108 Potri,Film,76,அம்மன் / சக்தி (Goddess Amman),Cinematic Film / Video,வேத பாரம்பரியம்,ஸ்ரீ சரஸ்வதி அஷ்டோத்தர சத நாமாவளி,Discography ; Goddess Amman Songs,https://www.youtube.com/watch?v=VMn8fiWF-oA,PT19M50S,2026-09-27T16:00:42Z
298,VMqFjcQtebw,கந்தர் அநுபூதி: உருவாய் அருவாய் | Kandhar Anuboothi: Magaram Alaru Idai [Remix],கந்தர் அநுபூதி,கந்தர் அநுபூதி: உருவாய் அருவாய்,Kandhar Anuboothi: Magaram Alaru Idai,Remix,79,முருகப் பெருமான் (Lord Murugar),Cinematic Film / Video,அருணகிரிநாதர் & சைவப் புலவர்கள்,கந்தர் அநுபூதி / திருப்புகழ்,Discography ; Lord Murugar Songs,https://www.youtube.com/watch?v=VMqFjcQtebw,PT3M50S,2026-09-27T13:39:17Z
299,VVkl8bORJXg,திருக்குறள்: அதிகாரம் 44 - குற்றங்கடிதல் (Remix) | Thirukkural: Kuttrangadithal [Remix],திருக்குறள்,திருக்குறள்: அதிகாரம் 44 - குற்றங்கடிதல் (Remix),Thirukkural: Kuttrangadithal,Remix,87,திருக்குறள் (Thirukkural),Cinematic Film / Video,திருவள்ளுவர் (Thiruvalluvar),திருக்குறள்,,https://www.youtube.com/watch?v=VVkl8bORJXg,PT3M42S,2026-09-28T16:05:53Z
300,Vj6wcfC3rPk,திருக்குறள்: அதிகாரம் 58 - கண்ணோட்டம் (Remix) | Thirukkural: Kannottam [Remix],திருக்குறள்,திருக்குறள்: அதிகாரம் 58 - கண்ணோட்டம் (Remix),Thirukkural: Kannottam,Remix,78,திருக்குறள் (Thirukkural),Audio Track (Master Composition),திருவள்ளுவர் (Thiruvalluvar),திருக்குறள் — அதிகாரம்: கண்ணோட்டம்,Discography ; திருக்குறள் | Thirukkural — Master Collection,https://www.youtube.com/watch?v=Vj6wcfC3rPk,PT5M13S,2026-09-21T16:48:45Z
301,VyUqD3ZO3BU,திருவருட்பா: அறிவரும் பெருமை | Thiruvarutpa: Arivarum Perumai [Audio],திருவருட்பா,திருவருட்பா: அறிவரும் பெருமை,Thiruvarutpa: Arivarum Perumai,Audio,69,வள்ளலார் / சன்மார்க்கம் (Thiruvarutpa / Sanmargam),Audio Track (Master Composition),வள்ளலார் இராமலிங்க அடிகளார் / மகாகவி பாரதியார்,திருவருட்பா / தேசிய ஆன்மீகப் பனுவல்,Discography ; Other Songs,https://www.youtube.com/watch?v=VyUqD3ZO3BU,PT6M51S,2026-07-27T02:05:15Z
302,W2peLbC20sA,திருவருட்பா: சிவ சுப்ரமணியர் திருவிருத்தம் | Siva Subramaniyar Thiruvirutham [Film],திருவருட்பா,திருவருட்பா: சிவ சுப்ரமணியர் திருவிருத்தம்,Siva Subramaniyar Thiruvirutham,Film,83,சிவபெருமான் (Lord Shiva),Cinematic Film / Video,அருணகிரிநாதர் & சைவப் புலவர்கள்,கந்தர் அநுபூதி / திருப்புகழ்,Discography ; Lord Murugar Songs,https://www.youtube.com/watch?v=W2peLbC20sA,PT11M12S,2026-08-28T06:52:59Z
303,W4LQ0TT2cRA,திருக்குறள்: அதிகாரம் 73 - அவையஞ்சாமை | Thirukkural: Avai Anjaamai [Film],திருக்குறள்,திருக்குறள்: அதிகாரம் 73 - அவையஞ்சாமை,Thirukkural: Avai Anjaamai,Film,73,திருக்குறள் (Thirukkural),Cinematic Film / Video,திருவள்ளுவர் (Thiruvalluvar),திருக்குறள் — அதிகாரம்: அவையஞ்சாமை,திருக்குறள் | Thirukkural — Master Collection,https://www.youtube.com/watch?v=W4LQ0TT2cRA,PT3M59S,2026-09-28T09:26:44Z
304,WIDyQVQY2X8,திருப்பாவை: நமோ நாராயணம் | Thiruppavai: Namo Narayanam [Film],திருப்பாவை,திருப்பாவை: நமோ நாராயணம்,Thiruppavai: Namo Narayanam,Film,61,விஷ்ணு / கிருஷ்ணர் (Lord Vishnu & Krishna),Cinematic Film / Video,ஆழ்வார்கள் / நாலாயிர திவ்வியப் பிரபந்தம்,திருப்பாவை & நாலாயிர திவ்வியப் பிரபந்தம்,Discography ; Lord Vishnu Songs,https://www.youtube.com/watch?v=WIDyQVQY2X8,PT7M35S,2026-09-26T22:07:47Z
305,WKCMHUFbf2Q,திருக்குறள்: அதிகாரம் 35 - துறவு (Original) | Thirukkural: Thuravu [Audio],திருக்குறள்,திருக்குறள்: அதிகாரம் 35 - துறவு (Original),Thirukkural: Thuravu,Audio,74,திருக்குறள் (Thirukkural),Audio Track (Master Composition),திருவள்ளுவர் (Thiruvalluvar),திருக்குறள் — அதிகாரம்: துறவு,Discography ; திருக்குறள் | Thirukkural — Master Collection,https://www.youtube.com/watch?v=WKCMHUFbf2Q,PT4M27S,2026-09-18T00:57:24Z
306,WM8EPZ4KK2s,திருக்குறள்: அதிகாரம் 31 - வெகுளாமை | Thirukkural: Vegulaamai [Film],திருக்குறள்,திருக்குறள்: அதிகாரம் 31 - வெகுளாமை,Thirukkural: Vegulaamai,Film,68,திருக்குறள் (Thirukkural),Cinematic Film / Video,திருவள்ளுவர் (Thiruvalluvar),திருக்குறள்,,https://www.youtube.com/watch?v=WM8EPZ4KK2s,PT5M25S,2026-09-15T07:28:21Z
307,WMtIb1EHwGw,திருவருட்பா: திரு சனி பகவான் பதிகம் 2026 | Thiruvarutpa: Sani Bhagavan Pathigam [Film],திருவருட்பா,திருவருட்பா: திரு சனி பகவான் பதிகம் 2026,Thiruvarutpa: Sani Bhagavan Pathigam,Film,86,மரபு & கலாச்சாரம் (Cultural & Heritage),Cinematic Film / Video,வள்ளலார் இராமலிங்க அடிகளார் / மகாகவி பாரதியார்,திருவருட்பா / தேசிய ஆன்மீகப் பனுவல்,Discography ; Other Songs,https://www.youtube.com/watch?v=WMtIb1EHwGw,PT7M34S,2026-07-30T09:40:07Z
308,Wf1Ehxt_A5s,திருவருட்பா: ஆலய நாதம் | Thiruvarutpa: Aalaya Naatham [Film],திருவருட்பா,திருவருட்பா: ஆலய நாதம்,Thiruvarutpa: Aalaya Naatham,Film,60,மரபு & கலாச்சாரம் (Cultural & Heritage),Cinematic Film / Video,வள்ளலார் இராமலிங்க அடிகளார் / மகாகவி பாரதியார்,திருவருட்பா / தேசிய ஆன்மீகப் பனுவல்,Discography ; Other Songs,https://www.youtube.com/watch?v=Wf1Ehxt_A5s,PT2M,2026-08-02T22:02:28Z
309,WhqZ0ttDYYc,திருவருட்பா: அருட்பெருஞ்சோதி அகவல் II | Thiruvarutpa: Arutperunjothi III [Film],திருவருட்பா,திருவருட்பா: அருட்பெருஞ்சோதி அகவல் II,Thiruvarutpa: Arutperunjothi III,Film,79,வள்ளலார் / சன்மார்க்கம் (Thiruvarutpa / Sanmargam),Cinematic Film / Video,வள்ளலார் இராமலிங்க அடிகளார்,திருவருட்பா (அருட்பெருஞ்சோதி அகவல்),Discography ; Other Songs,https://www.youtube.com/watch?v=WhqZ0ttDYYc,PT9M15S,2026-09-27T21:02:45Z
310,X-EB6CFVz1E,திருவருட்பா: அவலத் தழுங்கல் 2026 | Thiruvarutpa: Avalath Thazhungal [Film],திருவருட்பா,திருவருட்பா: அவலத் தழுங்கல் 2026,Thiruvarutpa: Avalath Thazhungal,Film,74,மரபு & கலாச்சாரம் (Cultural & Heritage),Cinematic Film / Video,வள்ளலார் இராமலிங்க அடிகளார் / மகாகவி பாரதியார்,திருவருட்பா / தேசிய ஆன்மீகப் பனுவல்,Discography ; Other Songs,https://www.youtube.com/watch?v=X-EB6CFVz1E,PT8M40S,2026-09-07T21:18:58Z
311,XB7cD-5ye-k,திருவாசகம்: திருப்படை ஆட்சி | Thiruvasagam: Thiruppadai Aatchi [Film],திருவாசகம்,திருவாசகம்: திருப்படை ஆட்சி,Thiruvasagam: Thiruppadai Aatchi,Film,69,சிவபெருமான் (Lord Shiva),Cinematic Film / Video,சமயக்குரவர் பெருமக்கள் (திருமுறை),பன்னிரு திருமுறைகள் / தேவாரம் & திருவாசகம்,Discography ; Lord Shiva Songs,https://www.youtube.com/watch?v=XB7cD-5ye-k,PT17M55S,2026-02-09T06:37:55Z
312,XErAOEtZdAU,கந்தர் அநுபூதி: உருவாய் அருவாய் | Kandhar Anuboothi: Magaram Alaru Idai [Film],கந்தர் அநுபூதி,கந்தர் அநுபூதி: உருவாய் அருவாய்,Kandhar Anuboothi: Magaram Alaru Idai,Film,78,முருகப் பெருமான் (Lord Murugar),Cinematic Film / Video,அருணகிரிநாதர் & சைவப் புலவர்கள்,கந்தர் அநுபூதி / திருப்புகழ்,Discography ; Lord Murugar Songs,https://www.youtube.com/watch?v=XErAOEtZdAU,PT3M55S,2026-09-27T13:40:21Z
313,XN5ENUbmSOE,திருக்குறள்: அதிகாரம் 60 - ஊக்கமுடைமை | Thirukkural: Ookkamudaimai [Film],திருக்குறள்,திருக்குறள்: அதிகாரம் 60 - ஊக்கமுடைமை,Thirukkural: Ookkamudaimai,Film,73,திருக்குறள் (Thirukkural),Cinematic Film / Video,திருவள்ளுவர் (Thiruvalluvar),திருக்குறள் — அதிகாரம்: ஊக்கமுடைமை,திருக்குறள் | Thirukkural — Master Collection,https://www.youtube.com/watch?v=XN5ENUbmSOE,PT5M8S,2026-09-28T13:17:48Z
314,XRizXIUU57g,திருக்குறள்: அதிகாரம் 66 - வினைத்தூய்மை (Remix) | Thirukkural: Vinai Thooymai [Remix],திருக்குறள்,திருக்குறள்: அதிகாரம் 66 - வினைத்தூய்மை (Remix),Thirukkural: Vinai Thooymai,Remix,85,திருக்குறள் (Thirukkural),Audio Track (Master Composition),திருவள்ளுவர் (Thiruvalluvar),திருக்குறள் — அதிகாரம்: வினைத்தூய்மை,Discography ; திருக்குறள் | Thirukkural — Master Collection,https://www.youtube.com/watch?v=XRizXIUU57g,PT4M32S,2026-09-22T21:12:29Z
315,XelTS98bLec,திருவருட்பா: திருப்புகழ் விலாசம் | Thiruvarutpa: Thiruppugazh Vilasam [Audio],திருவருட்பா,திருவருட்பா: திருப்புகழ் விலாசம்,Thiruvarutpa: Thiruppugazh Vilasam,Audio,77,முருகப் பெருமான் (Lord Murugar),Audio Track (Master Composition),அருணகிரிநாதர் & சைவப் புலவர்கள்,கந்தர் அநுபூதி / திருப்புகழ்,Discography ; Other Songs,https://www.youtube.com/watch?v=XelTS98bLec,PT4M2S,2026-08-12T05:46:54Z
316,XlCvnE6y9d0,பக்திப் பாடல்: போற்றி திரு அகவல் 2026 Potri Thiru Agaval | Devotional: Thiruvasagam [Film],பக்திப் பாடல்,பக்திப் பாடல்: போற்றி திரு அகவல் 2026 Potri Thiru Agaval,Devotional: Thiruvasagam,Film,90,சிவபெருமான் (Lord Shiva),Cinematic Film / Video,சமயக்குரவர் பெருமக்கள் (திருமுறை),பன்னிரு திருமுறைகள் / தேவாரம் & திருவாசகம்,Discography ; Lord Shiva Songs,https://www.youtube.com/watch?v=XlCvnE6y9d0,PT20M55S,2026-02-01T20:43:04Z
317,XpdQL93uFtM,பக்திப் பாடல்: புண்ணிய விளக்கம் | Devotional: Devotional Hymn [Film],பக்திப் பாடல்,பக்திப் பாடல்: புண்ணிய விளக்கம்,Devotional: Devotional Hymn,Film,68,சிவபெருமான் (Lord Shiva),Cinematic Film / Video,சமயக்குரவர் பெருமக்கள் (திருமுறை),பன்னிரு திருமுறைகள் / தேவாரம் & திருவாசகம்,Discography ; Lord Shiva Songs,https://www.youtube.com/watch?v=XpdQL93uFtM,PT9M41S,2026-09-27T19:53:05Z
318,XqDL5bZgW9c,கந்தர் அநுபூதி: உருவாய் அருவாய் | Kandhar Anuboothi: Uruvaai Aruvaai [Film],கந்தர் அநுபூதி,கந்தர் அநுபூதி: உருவாய் அருவாய்,Kandhar Anuboothi: Uruvaai Aruvaai,Film,75,முருகப் பெருமான் (Lord Murugar),Cinematic Film / Video,அருணகிரிநாத சுவாமிகள்,கந்தர் அநுபூதி,Discography ; Lord Murugar Songs,https://www.youtube.com/watch?v=XqDL5bZgW9c,PT3M13S,2026-02-11T01:57:51Z
319,XwlGJp3gqCc,திருவாசகம்: தென்னாடுடைய சிவனே போற்றி | Thiruvasagam: Thennadudaiya Sivaney Potri [Film],திருவாசகம்,திருவாசகம்: தென்னாடுடைய சிவனே போற்றி,Thiruvasagam: Thennadudaiya Sivaney Potri,Film,87,சிவபெருமான் (Lord Shiva),Cinematic Film / Video,சமயக்குரவர் பெருமக்கள் (திருமுறை),பன்னிரு திருமுறைகள் / தேவாரம் & திருவாசகம்,Discography ; Lord Shiva Songs,https://www.youtube.com/watch?v=XwlGJp3gqCc,PT3M43S,2026-01-11T19:16:19Z
320,Y0tOS_2Azxs,திருவாசகம்: சிவபுராணம் II | Thiruvasagam: Sivapuranam II [Film],திருவாசகம்,திருவாசகம்: சிவபுராணம் II,Thiruvasagam: Sivapuranam II,Film,63,சிவபெருமான் (Lord Shiva),Cinematic Film / Video,சமயக்குரவர் பெருமக்கள் (திருமுறை),பன்னிரு திருமுறைகள் / தேவாரம் & திருவாசகம்,Discography ; Lord Shiva Songs,https://www.youtube.com/watch?v=Y0tOS_2Azxs,PT11M47S,2026-01-28T06:15:42Z
321,Y3xujLwXuBs,திருக்குறள்: அதிகாரம் 32 - இன்னா செய்யாமை | Thirukkural: Inna Seidharai [Film],திருக்குறள்,திருக்குறள்: அதிகாரம் 32 - இன்னா செய்யாமை,Thirukkural: Inna Seidharai,Film,78,திருக்குறள் (Thirukkural),Cinematic Film / Video,திருவள்ளுவர் (Thiruvalluvar),திருக்குறள் — அதிகாரம்: இன்னா செய்யாமை,Discography ; Other Songs ; திருக்குறள் | Thirukkural — Master Collection,https://www.youtube.com/watch?v=Y3xujLwXuBs,PT8M,2026-07-15T14:19:52Z
322,YBmfJyQNSCY,திருக்குறள்: அதிகாரம் 75 - அரண் (Symphony) | Thirukkural: Aran [Audio],திருக்குறள்,திருக்குறள்: அதிகாரம் 75 - அரண் (Symphony),Thirukkural: Aran,Audio,70,திருக்குறள் (Thirukkural),Audio Track (Master Composition),திருவள்ளுவர் (Thiruvalluvar),திருக்குறள் — அதிகாரம்: அரண்,Discography ; திருக்குறள் | Thirukkural — Master Collection,https://www.youtube.com/watch?v=YBmfJyQNSCY,PT3M46S,2026-09-25T19:37:05Z
323,YL6ocN5OMzI,திருக்குறள்: அதிகாரம் 34 - நிலையாமை | Thirukkural: Nilaiyaamai [Film],திருக்குறள்,திருக்குறள்: அதிகாரம் 34 - நிலையாமை,Thirukkural: Nilaiyaamai,Film,69,திருக்குறள் (Thirukkural),Cinematic Film / Video,திருவள்ளுவர் (Thiruvalluvar),திருக்குறள் — அதிகாரம்: நிலையாமை,Discography ; திருக்குறள் | Thirukkural — Master Collection,https://www.youtube.com/watch?v=YL6ocN5OMzI,PT4M12S,2026-09-17T09:53:58Z
324,YORF54ouPz0,திருவருட்பா: சிவபுண்ணியத் தேற்றம் | Thiruvarutpa: Sivapunniya Thetram [Audio],திருவருட்பா,திருவருட்பா: சிவபுண்ணியத் தேற்றம்,Thiruvarutpa: Sivapunniya Thetram,Audio,77,சிவபெருமான் (Lord Shiva),Audio Track (Master Composition),சமயக்குரவர் பெருமக்கள் (திருமுறை),பன்னிரு திருமுறைகள் / தேவாரம் & திருவாசகம்,Discography ; Lord Shiva Songs,https://www.youtube.com/watch?v=YORF54ouPz0,PT13M39S,2026-07-18T04:32:48Z
325,Yg2b_xJGGEQ,பக்திப் பாடல்: எழுத்தறியும் பெருமான் மாலை | Devotional: Ezhuthariyum Peruman Maalai [Film],பக்திப் பாடல்,பக்திப் பாடல்: எழுத்தறியும் பெருமான் மாலை,Devotional: Ezhuthariyum Peruman Maalai,Film,90,சிவபெருமான் (Lord Shiva),Cinematic Film / Video,சமயக்குரவர் பெருமக்கள் (திருமுறை),பன்னிரு திருமுறைகள் / தேவாரம் & திருவாசகம்,Discography ; Lord Shiva Songs,https://www.youtube.com/watch?v=Yg2b_xJGGEQ,PT20M58S,2026-09-29T07:37:31Z
326,Yg_IgGStRvY,பக்திப் பாடல்: கோளறு பதிகம் 2026 | Devotional: Kolaru Pathigam [Film],பக்திப் பாடல்,பக்திப் பாடல்: கோளறு பதிகம் 2026,Devotional: Kolaru Pathigam,Film,69,சிவபெருமான் (Lord Shiva),Cinematic Film / Video,சமயக்குரவர் பெருமக்கள் (திருமுறை),பன்னிரு திருமுறைகள் / தேவாரம் & திருவாசகம்,Discography ; Lord Shiva Songs,https://www.youtube.com/watch?v=Yg_IgGStRvY,PT15M57S,2026-09-27T17:56:09Z
327,Yk9JZ7WTk-k,பக்திப் பாடல்: நமச்சிவாய ஸங்கீர்த்தனம் | Devotional: Namasivaya Sankeerthanam [Film],பக்திப் பாடல்,பக்திப் பாடல்: நமச்சிவாய ஸங்கீர்த்தனம்,Devotional: Namasivaya Sankeerthanam,Film,84,சிவபெருமான் (Lord Shiva),Cinematic Film / Video,சமயக்குரவர் பெருமக்கள் (திருமுறை),பன்னிரு திருமுறைகள் / தேவாரம் & திருவாசகம்,Discography ; Lord Shiva Songs,https://www.youtube.com/watch?v=Yk9JZ7WTk-k,PT11M7S,2026-09-29T07:38:46Z
328,YlNGYTlCedk,பஜனை: இராம கிருஷ்ண துதி | Bhajan: Rama Krishna Thuthi [Film],பஜனை,பஜனை: இராம கிருஷ்ண துதி,Bhajan: Rama Krishna Thuthi,Film,60,விஷ்ணு / கிருஷ்ணர் (Lord Vishnu & Krishna),Cinematic Film / Video,வேத பாரம்பரியம்,ஸ்ரீமத் பாகவதம் & மகாபாரதம்,Discography ; Lord Krishnar Songs,https://www.youtube.com/watch?v=YlNGYTlCedk,PT8M26S,2026-09-27T18:13:21Z
329,Yu4RBKpAodM,அபிராமி அந்தாதி: தனந்தரும் கல்விதரும் | Abhirami Andhadhi: Dhanam Tharum Kalvi Tharum [Film],அபிராமி அந்தாதி,அபிராமி அந்தாதி: தனந்தரும் கல்விதரும்,Abhirami Andhadhi: Dhanam Tharum Kalvi Tharum,Film,92,அம்மன் / சக்தி (Goddess Amman),Cinematic Film / Video,அபிராமி பட்டர்,அபிராமி அந்தாதி,Discography ; Goddess Amman Songs,https://www.youtube.com/watch?v=Yu4RBKpAodM,PT5M4S,2026-09-08T07:03:26Z
330,Yvlg_8JBHL4,கந்த புராணம்: திகட சக்கர சண்முகத்தோன் (காப்பு) | Kandha Puranam: Thigada Sakkara [Film],கந்த புராணம்,கந்த புராணம்: திகட சக்கர சண்முகத்தோன் (காப்பு),Kandha Puranam: Thigada Sakkara,Film,87,விநாயகர் (Lord Vinayagar),Cinematic Film / Video,பாரம்பரிய விநாயகர் துதி,விநாயகர் நாம சங்கீர்த்தனம்,Discography ; Lord Vinayagar Songs,https://www.youtube.com/watch?v=Yvlg_8JBHL4,PT4M35S,2026-07-16T22:18:44Z
331,YxP_uh3dM18,திருப்புகழ்: திருப்புகழ் 712 - சீர் உலாவிய (திருப்போரூர் I) | Seer Ulaaviya I [Audio],திருப்புகழ்,திருப்புகழ்: திருப்புகழ் 712 - சீர் உலாவிய (திருப்போரூர் I),Seer Ulaaviya I,Audio,85,முருகப் பெருமான் (Lord Murugar),Audio Track (Master Composition),அருணகிரிநாத சுவாமிகள்,திருப்புகழ் (விநாயகர் துதி),Discography ; Lord Murugar Songs,https://www.youtube.com/watch?v=YxP_uh3dM18,PT3M38S,2026-08-20T18:37:37Z
332,YycgNlQl6Go,தேவாரம்: திருவோத்தூர் பதிகம் (பூத்தேர்ந்து ஆயன) | Thevaram: Thiruvothur Pathigam [Audio],தேவாரம்,தேவாரம்: திருவோத்தூர் பதிகம் (பூத்தேர்ந்து ஆயன),Thevaram: Thiruvothur Pathigam,Audio,88,சிவபெருமான் (Lord Shiva),Audio Track (Master Composition),சமயக்குரவர் பெருமக்கள் (திருமுறை),பன்னிரு திருமுறைகள் / தேவாரம் & திருவாசகம்,Discography ; Lord Shiva Songs,https://www.youtube.com/watch?v=YycgNlQl6Go,PT9M7S,2026-08-12T01:12:01Z
333,Z7qFXMBjnak,திருவருட்பா: திருவடிச் சரண்புகல் | Thiruvarutpa: Thiruvadi Saranpugal [Audio],திருவருட்பா,திருவருட்பா: திருவடிச் சரண்புகல்,Thiruvarutpa: Thiruvadi Saranpugal,Audio,77,சிவபெருமான் (Lord Shiva),Audio Track (Master Composition),சமயக்குரவர் பெருமக்கள் (திருமுறை),பன்னிரு திருமுறைகள் / தேவாரம் & திருவாசகம்,Discography ; Lord Shiva Songs,https://www.youtube.com/watch?v=Z7qFXMBjnak,PT6M53S,2026-08-10T18:06:37Z
334,Z9GnvOMjDjU,திருவாசகம்: தென்னாடுடைய சிவனே போற்றி | Thiruvasagam: Thennadudaiya Sivaney Potri [Film],திருவாசகம்,திருவாசகம்: தென்னாடுடைய சிவனே போற்றி,Thiruvasagam: Thennadudaiya Sivaney Potri,Film,87,சிவபெருமான் (Lord Shiva),Cinematic Film / Video,சமயக்குரவர் பெருமக்கள் (திருமுறை),பன்னிரு திருமுறைகள் / தேவாரம் & திருவாசகம்,Discography ; Lord Shiva Songs,https://www.youtube.com/watch?v=Z9GnvOMjDjU,PT3M39S,2026-09-26T22:03:08Z
335,ZAjf5Ewzu_c,தேவாரம்: மாசில் வீணையும் | Thevaram: Maasil Veenaiyum — Alternate Recording Shiva [Film],தேவாரம்,தேவாரம்: மாசில் வீணையும்,Thevaram: Maasil Veenaiyum — Alternate Recording Shiva,Film,88,சிவபெருமான் (Lord Shiva),Cinematic Film / Video,திருநாவுக்கரசு சுவாமிகள் (அப்பர்),தேவாரம் (நமச்சிவாயப் பதிகம்),Lord Shiva Songs,https://www.youtube.com/watch?v=ZAjf5Ewzu_c,PT4M22S,2026-09-29T07:26:02Z
336,ZXdIpt_-Pmo,திருவருட்பா: வாழ்வது தமிழ் ஆகட்டும் | Thiruvarutpa: Vaazvathu Thamiz Aagattum [Film],திருவருட்பா,திருவருட்பா: வாழ்வது தமிழ் ஆகட்டும்,Thiruvarutpa: Vaazvathu Thamiz Aagattum,Film,84,மரபு & கலாச்சாரம் (Cultural & Heritage),Cinematic Film / Video,வள்ளலார் இராமலிங்க அடிகளார் / மகாகவி பாரதியார்,திருவருட்பா / தேசிய ஆன்மீகப் பனுவல்,Discography ; Other Songs,https://www.youtube.com/watch?v=ZXdIpt_-Pmo,PT4M50S,2026-09-27T19:22:02Z
337,ZZKjQ1SD_mQ,கந்தர் அலங்காரம்: நாள் என் செய்யும் | Kandhar Alangaram: Naal En Seyyum [Film],கந்தர் அலங்காரம்,கந்தர் அலங்காரம்: நாள் என் செய்யும்,Kandhar Alangaram: Naal En Seyyum,Film,78,முருகப் பெருமான் (Lord Murugar),Cinematic Film / Video,அருணகிரிநாதர் & சைவப் புலவர்கள்,கந்தர் அநுபூதி / திருப்புகழ்,Discography ; Lord Murugar Songs,https://www.youtube.com/watch?v=ZZKjQ1SD_mQ,PT5M4S,2026-03-13T04:33:43Z
338,ZsxGP1jIZ-s,திருவருட்பா: அருள் நாம விளக்கம் | Thiruvarutpa: Arul Nama Vilakkam [Film],திருவருட்பா,திருவருட்பா: அருள் நாம விளக்கம்,Thiruvarutpa: Arul Nama Vilakkam,Film,73,மரபு & கலாச்சாரம் (Cultural & Heritage),Cinematic Film / Video,வள்ளலார் இராமலிங்க அடிகளார் / மகாகவி பாரதியார்,திருவருட்பா / தேசிய ஆன்மீகப் பனுவல்,Discography ; Other Songs,https://www.youtube.com/watch?v=ZsxGP1jIZ-s,PT8M37S,2026-07-16T01:06:02Z
339,_6amHDAc8EI,ஆதிசங்கரர்: வேதஸார சிவ ஸ்தோத்ரம் | Adi Shankara: Vedasaara Shiva Stotram [Film],ஆதிசங்கரர்,ஆதிசங்கரர்: வேதஸார சிவ ஸ்தோத்ரம்,Adi Shankara: Vedasaara Shiva Stotram,Film,79,சிவபெருமான் (Lord Shiva),Cinematic Film / Video,சமயக்குரவர் பெருமக்கள் (திருமுறை),பன்னிரு திருமுறைகள் / தேவாரம் & திருவாசகம்,Discography ; Lord Shiva Songs,https://www.youtube.com/watch?v=_6amHDAc8EI,PT6M9S,2026-08-01T00:30:47Z
340,_Ceq0AzIQ9c,திருக்குறள்: அதிகாரம் 40 - கல்வி | Thirukkural: Kalvi [Film],திருக்குறள்,திருக்குறள்: அதிகாரம் 40 - கல்வி,Thirukkural: Kalvi,Film,60,திருக்குறள் (Thirukkural),Cinematic Film / Video,திருவள்ளுவர் (Thiruvalluvar),திருக்குறள்,,https://www.youtube.com/watch?v=_Ceq0AzIQ9c,PT6M4S,2026-09-13T23:49:37Z
341,_DHXM8tymn8,திருப்பாவை: ரகுபதி ராகவ ராஜா ராம் | Thiruppavai: Raghupati Raghava [Film],திருப்பாவை,திருப்பாவை: ரகுபதி ராகவ ராஜா ராம்,Thiruppavai: Raghupati Raghava,Film,73,விஷ்ணு / கிருஷ்ணர் (Lord Vishnu & Krishna),Cinematic Film / Video,ஆழ்வார்கள் / நாலாயிர திவ்வியப் பிரபந்தம்,திருப்பாவை & நாலாயிர திவ்வியப் பிரபந்தம்,Discography ; Lord Vishnu Songs,https://www.youtube.com/watch?v=_DHXM8tymn8,PT5M45S,2026-01-11T19:16:19Z
342,_Q2t-TcmDT4,திருக்குறள்: அதிகாரம் 43 - அறிவுடைமை | Thirukkural: Arivudaimai [Film],திருக்குறள்,திருக்குறள்: அதிகாரம் 43 - அறிவுடைமை,Thirukkural: Arivudaimai,Film,70,திருக்குறள் (Thirukkural),Cinematic Film / Video,திருவள்ளுவர் (Thiruvalluvar),திருக்குறள் — அதிகாரம்: அறிவுடைமை,திருக்குறள் | Thirukkural — Master Collection,https://www.youtube.com/watch?v=_Q2t-TcmDT4,PT5M2S,2026-09-28T13:00:23Z
343,aBA50x-gDME,திருக்குறள்: அதிகாரம் 69 - தூது (Original) | Thirukkural: Thoothu [Audio],திருக்குறள்,திருக்குறள்: அதிகாரம் 69 - தூது (Original),Thirukkural: Thoothu,Audio,73,திருக்குறள் (Thirukkural),Audio Track (Master Composition),திருவள்ளுவர் (Thiruvalluvar),திருக்குறள் — அதிகாரம்: தூது,Discography ; திருக்குறள் | Thirukkural — Master Collection,https://www.youtube.com/watch?v=aBA50x-gDME,PT4M3S,2026-09-23T10:00:31Z
344,aSQrSHA4YtU,திருக்குறள்: அதிகாரம் 16 - பொறையுடைமை | Thirukkural: Poraiyudaimai [Film],திருக்குறள்,திருக்குறள்: அதிகாரம் 16 - பொறையுடைமை,Thirukkural: Poraiyudaimai,Film,73,திருக்குறள் (Thirukkural),Cinematic Film / Video,திருவள்ளுவர் (Thiruvalluvar),திருக்குறள்,,https://www.youtube.com/watch?v=aSQrSHA4YtU,PT6M22S,2026-07-15T14:33:13Z
345,aTFvlXMPBSE,திருக்குறள்: அதிகாரம் 45 - பெரியாரைத் துணைக்கோடல் (Original) | Periyarai Thunaikodal [Audio],திருக்குறள்,திருக்குறள்: அதிகாரம் 45 - பெரியாரைத் துணைக்கோடல் (Original),Periyarai Thunaikodal,Audio,92,திருக்குறள் (Thirukkural),Audio Track (Master Composition),திருவள்ளுவர் (Thiruvalluvar),திருக்குறள்,,https://www.youtube.com/watch?v=aTFvlXMPBSE,PT4M34S,2026-09-19T22:42:45Z
346,aV2BV7aQq6k,திருக்குறள்: அதிகாரம் 61 - மடியின்மை | Thirukkural: Madiyinmai [Film],திருக்குறள்,திருக்குறள்: அதிகாரம் 61 - மடியின்மை,Thirukkural: Madiyinmai,Film,69,திருக்குறள் (Thirukkural),Cinematic Film / Video,திருவள்ளுவர் (Thiruvalluvar),திருக்குறள் — அதிகாரம் 61: மடியின்மை,Discography ; திருக்குறள் | Thirukkural — Master Collection,https://www.youtube.com/watch?v=aV2BV7aQq6k,N/A,2026
347,aZ830iKkqBs,திருக்குறள்: அதிகாரம் 45 - பெரியாரைத் துணைக்கோடல் (Remix) | Periyarai Thunaikodal [Remix],திருக்குறள்,திருக்குறள்: அதிகாரம் 45 - பெரியாரைத் துணைக்கோடல் (Remix),Periyarai Thunaikodal,Remix,89,திருக்குறள் (Thirukkural),Audio Track (Master Composition),திருவள்ளுவர் (Thiruvalluvar),திருக்குறள் — அதிகாரம்: பெரியாரைத் துணைக்கோடல்,Discography ; திருக்குறள் | Thirukkural — Master Collection,https://www.youtube.com/watch?v=aZ830iKkqBs,N/A,2026
348,aq0j2OMVNoU,திருவாசகம்: சிவபுராணம் (நமச்சிவாய வாழ்க) | Thiruvasagam: Sivapuranam by Children [Film],திருவாசகம்,திருவாசகம்: சிவபுராணம் (நமச்சிவாய வாழ்க),Thiruvasagam: Sivapuranam by Children,Film,87,சிவபெருமான் (Lord Shiva),Cinematic Film / Video,சமயக்குரவர் பெருமக்கள் (திருமுறை),பன்னிரு திருமுறைகள் / தேவாரம் & திருவாசகம்,Discography ; Lord Shiva Songs,https://www.youtube.com/watch?v=aq0j2OMVNoU,PT13M12S,2026-08-21T20:21:48Z
349,b-FcuF06jHI,பெரியாழ்வார் திருமொழி: கண்ணன் தாலாட்டு | Periyazhvar Thirumozhi: Periyazhvar Lullaby [Film],பெரியாழ்வார் திருமொழி,பெரியாழ்வார் திருமொழி: கண்ணன் தாலாட்டு,Periyazhvar Thirumozhi: Periyazhvar Lullaby,Film,91,விஷ்ணு / கிருஷ்ணர் (Lord Vishnu & Krishna),Cinematic Film / Video,பெரியாழ்வார்,பெரியாழ்வார் திருமொழி (கண்ணன் தாலாட்டு),Discography ; Lord Krishnar Songs,https://www.youtube.com/watch?v=b-FcuF06jHI,PT4M56S,2026-09-27T17:13:50Z
350,bH23l5vVgL8,திருக்குறள்: அதிகாரம் 51 - தெரிந்து தெளிதல் | Thirukkural: Therinthu Thelithal [Film],திருக்குறள்,திருக்குறள்: அதிகாரம் 51 - தெரிந்து தெளிதல்,Thirukkural: Therinthu Thelithal,Film,85,திருக்குறள் (Thirukkural),Cinematic Film / Video,திருவள்ளுவர் (Thiruvalluvar),திருக்குறள் — அதிகாரம்: தெரிந்து தெளிதல்,திருக்குறள் | Thirukkural — Master Collection,https://www.youtube.com/watch?v=bH23l5vVgL8,PT6M38S,2026-09-28T15:13:53Z
351,bJLV48oruHs,பக்திப் பாடல்: சென்னிப்பத்து 2026 | Devotional: Sennippathu [Film],பக்திப் பாடல்,பக்திப் பாடல்: சென்னிப்பத்து 2026,Devotional: Sennippathu,Film,66,சிவபெருமான் (Lord Shiva),Cinematic Film / Video,சமயக்குரவர் பெருமக்கள் (திருமுறை),பன்னிரு திருமுறைகள் / தேவாரம் & திருவாசகம்,Discography ; Lord Shiva Songs,https://www.youtube.com/watch?v=bJLV48oruHs,PT12M45S,2026-09-27T17:49:56Z
352,bOxyDZgsI2c,திருப்புகழ்: திருப்புகழ் 566 (இரத்னகிரி II) | Thiruppugazh 566 Rathnagiri II [Film],திருப்புகழ்,திருப்புகழ்: திருப்புகழ் 566 (இரத்னகிரி II),Thiruppugazh 566 Rathnagiri II,Film,83,முருகப் பெருமான் (Lord Murugar),Cinematic Film / Video,அருணகிரிநாத சுவாமிகள்,திருப்புகழ் (விநாயகர் துதி),Discography ; Lord Murugar Songs,https://www.youtube.com/watch?v=bOxyDZgsI2c,PT4M,2026-08-20T06:35:32Z
353,bUepGv6PJQA,திருக்குறள்: அதிகாரம் 43 - அறிவுடைமை (Pop) | Thirukkural: Arivudaimai [Film],திருக்குறள்,திருக்குறள்: அதிகாரம் 43 - அறிவுடைமை (Pop),Thirukkural: Arivudaimai,Film,76,திருக்குறள் (Thirukkural),Cinematic Film / Video,திருவள்ளுவர் (Thiruvalluvar),திருக்குறள் — அதிகாரம்: அறிவுடைமை,Discography ; திருக்குறள் | Thirukkural — Master Collection,https://www.youtube.com/watch?v=bUepGv6PJQA,PT5M9S,2026-09-19T14:46:10Z
354,bZ03UopgYcc,அபிராமி அந்தாதி: தனந்தரும் கல்விதரும் | Abhirami Andhadhi: Thaaye Karumari [Film],அபிராமி அந்தாதி,அபிராமி அந்தாதி: தனந்தரும் கல்விதரும்,Abhirami Andhadhi: Thaaye Karumari,Film,81,அம்மன் / சக்தி (Goddess Amman),Cinematic Film / Video,அபிராமி பட்டர் / தேவி உபாசகர்கள்,அபிராமி அந்தாதி / லலிதா போற்றி,Discography ; Goddess Amman Songs,https://www.youtube.com/watch?v=bZ03UopgYcc,PT4M1S,2026-09-27T09:28:42Z
355,bZmif21zNtw,திருவருட்பா: சிவநேச வெண்பா (திருவருட்பா) | Thiruvarutpa: Sivanesa Venba [Film],திருவருட்பா,திருவருட்பா: சிவநேச வெண்பா (திருவருட்பா),Thiruvarutpa: Sivanesa Venba,Film,78,சிவபெருமான் (Lord Shiva),Cinematic Film / Video,சமயக்குரவர் பெருமக்கள் (திருமுறை),பன்னிரு திருமுறைகள் / தேவாரம் & திருவாசகம்,Discography ; Lord Shiva Songs,https://www.youtube.com/watch?v=bZmif21zNtw,PT7M5S,2026-05-31T21:32:05Z
356,c5OwVOaYsW0,திருக்குறள்: அதிகாரம் 42 - கேள்வி (Remix) | Thirukkural: Kelvi Selvam [Remix],திருக்குறள்,திருக்குறள்: அதிகாரம் 42 - கேள்வி (Remix),Thirukkural: Kelvi Selvam,Remix,77,திருக்குறள் (Thirukkural),Audio Track (Master Composition),திருவள்ளுவர் (Thiruvalluvar),திருக்குறள் — அதிகாரம்: கேள்வி,Discography ; திருக்குறள் | Thirukkural — Master Collection,https://www.youtube.com/watch?v=c5OwVOaYsW0,N/A,2026
357,cEIEecb51Fc,கந்தர் அநுபூதி: உருவாய் அருவாய் | Kandhar Anuboothi: Remix [Remix],கந்தர் அநுபூதி,கந்தர் அநுபூதி: உருவாய் அருவாய்,Kandhar Anuboothi: Remix,Remix,66,முருகப் பெருமான் (Lord Murugar),Cinematic Film / Video,அருணகிரிநாதர் & சைவப் புலவர்கள்,கந்தர் அநுபூதி / திருப்புகழ்,Discography ; Lord Murugar Songs,https://www.youtube.com/watch?v=cEIEecb51Fc,PT3M50S,2026-09-02T08:49:42Z
358,cKyT1Cv7zEA,தேவாரம்: மாசில் வீணையும் | Thevaram: Maasil Veenaiyum [Film],தேவாரம்,தேவாரம்: மாசில் வீணையும்,Thevaram: Maasil Veenaiyum,Film,60,சிவபெருமான் (Lord Shiva),Cinematic Film / Video,திருநாவுக்கரசு சுவாமிகள் (அப்பர்),தேவாரம் (நமச்சிவாயப் பதிகம்),Discography ; Lord Shiva Songs,https://www.youtube.com/watch?v=cKyT1Cv7zEA,PT4M33S,2026-08-28T06:50:41Z
359,cR_u-JuGJAU,திருக்குறள்: அதிகாரம் 76 - பொருள் செயல்வகை | Thirukkural: Porul Seyalvagai [Film],திருக்குறள்,திருக்குறள்: அதிகாரம் 76 - பொருள் செயல்வகை,Thirukkural: Porul Seyalvagai,Film,81,திருக்குறள் (Thirukkural),Cinematic Film / Video,திருவள்ளுவர் (Thiruvalluvar),திருக்குறள் — அதிகாரம்: பொருள் செயல்வகை,Discography ; திருக்குறள் | Thirukkural — Master Collection,https://www.youtube.com/watch?v=cR_u-JuGJAU,PT5M1S,2026-09-28T17:20:36Z
360,cUt716Zafy0,திருக்குறள்: அதிகாரம் 49 - காலமறிதல் (Remix) | Thirukkural: Kaalamarithal [Remix],திருக்குறள்,திருக்குறள்: அதிகாரம் 49 - காலமறிதல் (Remix),Thirukkural: Kaalamarithal,Remix,81,திருக்குறள் (Thirukkural),Audio Track (Master Composition),திருவள்ளுவர் (Thiruvalluvar),திருக்குறள் — அதிகாரம்: காலமறிதல்,Discography ; திருக்குறள் | Thirukkural — Master Collection,https://www.youtube.com/watch?v=cUt716Zafy0,PT3M57S,2026-09-20T09:50:08Z
361,cVbT38ujUTQ,திருவருட்பா: அருள்விடை வேட்கை | Thiruvarutpa: Arulvidai Vetkai [Audio],திருவருட்பா,திருவருட்பா: அருள்விடை வேட்கை,Thiruvarutpa: Arulvidai Vetkai,Audio,70,வள்ளலார் / சன்மார்க்கம் (Thiruvarutpa / Sanmargam),Audio Track (Master Composition),வள்ளலார் இராமலிங்க அடிகளார் / மகாகவி பாரதியார்,திருவருட்பா / தேசிய ஆன்மீகப் பனுவல்,Discography ; Other Songs,https://www.youtube.com/watch?v=cVbT38ujUTQ,PT8M28S,2026-07-28T13:31:35Z
362,cj6mlDwjJEo,திருக்குறள்: அதிகாரம் 66 - வினைத்தூய்மை (Original) | Thirukkural: Vinai Thooymai [Audio],திருக்குறள்,திருக்குறள்: அதிகாரம் 66 - வினைத்தூய்மை (Original),Thirukkural: Vinai Thooymai,Audio,88,திருக்குறள் (Thirukkural),Audio Track (Master Composition),திருவள்ளுவர் (Thiruvalluvar),திருக்குறள் — அதிகாரம்: வினைத்தூய்மை,Discography ; திருக்குறள் | Thirukkural — Master Collection,https://www.youtube.com/watch?v=cj6mlDwjJEo,PT4M33S,2026-09-22T21:12:29Z
363,cn776n6oKXQ,திருக்குறள்: அதிகாரம் 59 - ஒற்றாடல் (Original) | Thirukkural: Ottraadal [Audio],திருக்குறள்,திருக்குறள்: அதிகாரம் 59 - ஒற்றாடல் (Original),Thirukkural: Ottraadal,Audio,79,திருக்குறள் (Thirukkural),Audio Track (Master Composition),திருவள்ளுவர் (Thiruvalluvar),திருக்குறள் — அதிகாரம்: ஒற்றாடல்,Discography ; திருக்குறள் | Thirukkural — Master Collection,https://www.youtube.com/watch?v=cn776n6oKXQ,PT5M21S,2026-09-21T23:01:58Z
364,coUEhVQH0Uk,திருவருட்பா: ஆலய நாதம் | Thiruvarutpa: Aalaya Naatham Meditation [Film],திருவருட்பா,திருவருட்பா: ஆலய நாதம்,Thiruvarutpa: Aalaya Naatham Meditation,Film,71,மரபு & கலாச்சாரம் (Cultural & Heritage),Cinematic Film / Video,வள்ளலார் இராமலிங்க அடிகளார் / மகாகவி பாரதியார்,திருவருட்பா / தேசிய ஆன்மீகப் பனுவல்,Discography ; Other Songs,https://www.youtube.com/watch?v=coUEhVQH0Uk,PT2M,2026-09-27T04:59:53Z
365,d4-qZaYo-4g,சரஸ்வதி போற்றி: 108 போற்றி | Saraswathi Stotram: Gayathri Mantra [Film],சரஸ்வதி போற்றி,சரஸ்வதி போற்றி: 108 போற்றி,Saraswathi Stotram: Gayathri Mantra,Film,71,அம்மன் / சக்தி (Goddess Amman),Cinematic Film / Video,வேத பாரம்பரியம்,ஸ்ரீ சரஸ்வதி அஷ்டோத்தர சத நாமாவளி,Discography ; Goddess Amman Songs,https://www.youtube.com/watch?v=d4-qZaYo-4g,PT21M8S,2026-04-26T12:38:28Z
366,dBIUA3fKBJ0,திருக்குறள்: அதிகாரம் 71 - குறிப்பறிதல் | Thirukkural: Kuripparithal [Film],திருக்குறள்,திருக்குறள்: அதிகாரம் 71 - குறிப்பறிதல்,Thirukkural: Kuripparithal,Film,75,திருக்குறள் (Thirukkural),Cinematic Film / Video,திருவள்ளுவர் (Thiruvalluvar),திருக்குறள் — அதிகாரம்: குறிப்பறிதல்,திருக்குறள் | Thirukkural — Master Collection,https://www.youtube.com/watch?v=dBIUA3fKBJ0,PT4M35S,2026-09-28T13:44:02Z
367,dD_cXqU_XVQ,திருக்குறள்: அதிகாரம் 38 - ஊழ் | Thirukkural: Oozh Vinai [Film],திருக்குறள்,திருக்குறள்: அதிகாரம் 38 - ஊழ்,Thirukkural: Oozh Vinai,Film,63,திருக்குறள் (Thirukkural),Cinematic Film / Video,திருவள்ளுவர் (Thiruvalluvar),திருக்குறள் — அதிகாரம்: ஊழ்,திருக்குறள் | Thirukkural — Master Collection,https://www.youtube.com/watch?v=dD_cXqU_XVQ,PT3M55S,2026-09-28T14:42:07Z
368,dUYaclHH6Tk,பெரியாழ்வார் திருமொழி: கண்ணன் தாலாட்டு | Periyazhvar Thirumozhi: Periyazhvar Lullaby I [Audio],பெரியாழ்வார் திருமொழி,பெரியாழ்வார் திருமொழி: கண்ணன் தாலாட்டு,Periyazhvar Thirumozhi: Periyazhvar Lullaby I,Audio,94,விஷ்ணு / கிருஷ்ணர் (Lord Vishnu & Krishna),Audio Track (Master Composition),பெரியாழ்வார்,பெரியாழ்வார் திருமொழி (கண்ணன் தாலாட்டு),Discography ; Lord Krishnar Songs,https://www.youtube.com/watch?v=dUYaclHH6Tk,PT4M55S,2026-08-07T04:52:44Z
369,dVYI3ZgpDC8,திருக்குறள்: அதிகாரம் 49 - காலமறிதல் (Remix) | Thirukkural: Kaalamarithal [Remix],திருக்குறள்,திருக்குறள்: அதிகாரம் 49 - காலமறிதல் (Remix),Thirukkural: Kaalamarithal,Remix,81,திருக்குறள் (Thirukkural),Cinematic Film / Video,திருவள்ளுவர் (Thiruvalluvar),திருக்குறள் — அதிகாரம்: காலமறிதல்,Discography ; திருக்குறள் | Thirukkural — Master Collection,https://www.youtube.com/watch?v=dVYI3ZgpDC8,PT3M57S,2026-09-28T16:10:55Z
370,daM5VkysZqg,திருக்குறள்: அதிகாரம் 63 - இடுக்கண் அழியாமை | Thirukkural: Idukkan Azhiyaamai [Film],திருக்குறள்,திருக்குறள்: அதிகாரம் 63 - இடுக்கண் அழியாமை,Thirukkural: Idukkan Azhiyaamai,Film,84,திருக்குறள் (Thirukkural),Cinematic Film / Video,திருவள்ளுவர் (Thiruvalluvar),திருக்குறள் — அதிகாரம்: இடுக்கண் அழியாமை,திருக்குறள் | Thirukkural — Master Collection,https://www.youtube.com/watch?v=daM5VkysZqg,PT4M53S,2026-09-28T13:13:54Z
371,dbdp19C0j3M,திருவருட்பா: திருவருள் வேட்கை | Thiruvarutpa: Thiruvarul Vetkai II [Audio],திருவருட்பா,திருவருட்பா: திருவருள் வேட்கை,Thiruvarutpa: Thiruvarul Vetkai II,Audio,74,சிவபெருமான் (Lord Shiva),Audio Track (Master Composition),சமயக்குரவர் பெருமக்கள் (திருமுறை),பன்னிரு திருமுறைகள் / தேவாரம் & திருவாசகம்,Discography ; Lord Shiva Songs,https://www.youtube.com/watch?v=dbdp19C0j3M,PT4M45S,2026-07-25T06:40:29Z
372,diUv8fkOqv0,திருக்குறள்: அதிகாரம் 49 - காலமறிதல் (Original) | Thirukkural: Kaalamarithal [Audio],திருக்குறள்,திருக்குறள்: அதிகாரம் 49 - காலமறிதல் (Original),Thirukkural: Kaalamarithal,Audio,84,திருக்குறள் (Thirukkural),Audio Track (Master Composition),திருவள்ளுவர் (Thiruvalluvar),திருக்குறள் — அதிகாரம்: காலமறிதல்,Discography ; திருக்குறள் | Thirukkural — Master Collection,https://www.youtube.com/watch?v=diUv8fkOqv0,PT4M22S,2026-09-20T09:50:08Z
373,diblSOvZENA,திருப்பாவை: விஷ்ணும் ஜிஷ்ணும் | Thiruppavai: Vishnum Jishnum [Film],திருப்பாவை,திருப்பாவை: விஷ்ணும் ஜிஷ்ணும்,Thiruppavai: Vishnum Jishnum,Film,67,விஷ்ணு / கிருஷ்ணர் (Lord Vishnu & Krishna),Cinematic Film / Video,ஆழ்வார்கள் / நாலாயிர திவ்வியப் பிரபந்தம்,திருப்பாவை & நாலாயிர திவ்வியப் பிரபந்தம்,Discography ; Lord Vishnu Songs,https://www.youtube.com/watch?v=diblSOvZENA,PT4M32S,2026-09-27T16:54:34Z
374,djYooU1LmGk,திருக்குறள்: அதிகாரம் 30 - வாய்மை (Remix) | Thirukkural: Vaaymai [Remix],திருக்குறள்,திருக்குறள்: அதிகாரம் 30 - வாய்மை (Remix),Thirukkural: Vaaymai,Remix,72,திருக்குறள் (Thirukkural),Cinematic Film / Video,திருவள்ளுவர் (Thiruvalluvar),திருக்குறள்,,https://www.youtube.com/watch?v=djYooU1LmGk,PT3M57S,2026-09-28T16:05:04Z
375,do8z9OuxLNo,பக்திப் பாடல்: திரு உந்தியார் | Devotional: Thiru Undhiyar [Film],பக்திப் பாடல்,பக்திப் பாடல்: திரு உந்தியார்,Devotional: Thiru Undhiyar,Film,65,சிவபெருமான் (Lord Shiva),Cinematic Film / Video,சமயக்குரவர் பெருமக்கள் (திருமுறை),பன்னிரு திருமுறைகள் / தேவாரம் & திருவாசகம்,Discography ; Lord Shiva Songs,https://www.youtube.com/watch?v=do8z9OuxLNo,PT8M,2026-09-27T17:35:41Z
376,dpx7C3wuyio,திருவாசகம்: பூவார் சென்னி மன்னன் (யாத்திரைப் பத்து) | Thiruvasagam: Poovar Senni Mannan [Film],திருவாசகம்,திருவாசகம்: பூவார் சென்னி மன்னன் (யாத்திரைப் பத்து),Thiruvasagam: Poovar Senni Mannan,Film,94,சிவபெருமான் (Lord Shiva),Cinematic Film / Video,ஆழ்வார்கள் / நாலாயிர திவ்வியப் பிரபந்தம்,திருப்பாவை & நாலாயிர திவ்வியப் பிரபந்தம்,Lord Shiva Songs ; Lord Vishnu Songs,https://www.youtube.com/watch?v=dpx7C3wuyio,PT15M6S,2026-09-29T07:05:15Z
377,dthZW-Wo8IU,திருக்குறள்: அதிகாரம் 70 - மன்னரைச் சேர்ந்தொழுதல் (Female) | Mannarai Sernthozhuthal [Film],திருக்குறள்,திருக்குறள்: அதிகாரம் 70 - மன்னரைச் சேர்ந்தொழுதல் (Female),Mannarai Sernthozhuthal,Film,91,திருக்குறள் (Thirukkural),Cinematic Film / Video,திருவள்ளுவர் (Thiruvalluvar),திருக்குறள் — அதிகாரம்: மன்னரைச் சேர்ந்தொழுதல்,Discography ; திருக்குறள் | Thirukkural — Master Collection,https://www.youtube.com/watch?v=dthZW-Wo8IU,PT4M42S,2026-09-28T16:51:33Z
378,dwYw5_W4g4A,திருவருட்பா: உலகமெலாந் தனிநிறைந்த! | Thiruvarutpa: Ulagamelan Thaniniraindha [Film],திருவருட்பா,திருவருட்பா: உலகமெலாந் தனிநிறைந்த!,Thiruvarutpa: Ulagamelan Thaniniraindha,Film,83,மரபு & கலாச்சாரம் (Cultural & Heritage),Cinematic Film / Video,வள்ளலார் இராமலிங்க அடிகளார் / மகாகவி பாரதியார்,திருவருட்பா / தேசிய ஆன்மீகப் பனுவல்,Discography ; Other Songs,https://www.youtube.com/watch?v=dwYw5_W4g4A,PT10M9S,2026-09-27T19:05:07Z
379,e9fTnxiiLnc,திருவாசகம்: திருவார்த்தை | Thiruvasagam: Thiruvaarthai [Film],திருவாசகம்,திருவாசகம்: திருவார்த்தை,Thiruvasagam: Thiruvaarthai,Film,61,சிவபெருமான் (Lord Shiva),Cinematic Film / Video,சமயக்குரவர் பெருமக்கள் (திருமுறை),பன்னிரு திருமுறைகள் / தேவாரம் & திருவாசகம்,Discography ; Lord Shiva Songs,https://www.youtube.com/watch?v=e9fTnxiiLnc,PT14M47S,2026-02-09T06:37:55Z
380,eEYBleNgRGU,கந்தர் அலங்காரம்: நாள் என் செய்யும் | Kandhar Alangaram: Kandhar Alangaram [Film],கந்தர் அலங்காரம்,கந்தர் அலங்காரம்: நாள் என் செய்யும்,Kandhar Alangaram: Kandhar Alangaram,Film,81,முருகப் பெருமான் (Lord Murugar),Cinematic Film / Video,அருணகிரிநாதர் & சைவப் புலவர்கள்,கந்தர் அநுபூதி / திருப்புகழ்,Discography ; Lord Murugar Songs,https://www.youtube.com/watch?v=eEYBleNgRGU,PT5M4S,2026-09-27T12:24:51Z
381,eK--J196v_c,திருவருட்பா: தாயின் மணிக்கொடி பாரீர்! | Thiruvarutpa: Thayin Manikkodi Paareer [Film],திருவருட்பா,திருவருட்பா: தாயின் மணிக்கொடி பாரீர்!,Thiruvarutpa: Thayin Manikkodi Paareer,Film,85,மரபு & கலாச்சாரம் (Cultural & Heritage),Cinematic Film / Video,வள்ளலார் இராமலிங்க அடிகளார் / மகாகவி பாரதியார்,திருவருட்பா / தேசிய ஆன்மீகப் பனுவல்,Discography ; Other Songs,https://www.youtube.com/watch?v=eK--J196v_c,PT7M50S,2026-09-27T19:20:51Z
382,f1jxgAbXcdE,திருக்குறள்: அதிகாரம் 2 - வான் சிறப்பு | Thirukkural: Vaan Sirappu [Film],திருக்குறள்,திருக்குறள்: அதிகாரம் 2 - வான் சிறப்பு,Thirukkural: Vaan Sirappu,Film,73,திருக்குறள் (Thirukkural),Cinematic Film / Video,திருவள்ளுவர் (Thiruvalluvar),திருக்குறள் — அதிகாரம்: வான் சிறப்பு,Discography ; திருக்குறள் | Thirukkural — Master Collection,https://www.youtube.com/watch?v=f1jxgAbXcdE,PT5M13S,2026-09-26T19:26:30Z
383,fANgtszMDvY,பக்திப் பாடல்: திருப்படை ஆட்சி (HipHop) | Devotional: Thiruppadai Aatchi [Film],பக்திப் பாடல்,பக்திப் பாடல்: திருப்படை ஆட்சி (HipHop),Devotional: Thiruppadai Aatchi,Film,79,சிவபெருமான் (Lord Shiva),Cinematic Film / Video,சமயக்குரவர் பெருமக்கள் (திருமுறை),பன்னிரு திருமுறைகள் / தேவாரம் & திருவாசகம்,Discography ; Lord Shiva Songs,https://www.youtube.com/watch?v=fANgtszMDvY,PT4M39S,2026-09-29T07:21:12Z
384,fGUDd1DvDcE,பக்திப் பாடல்: காட்சிப் பெருமிதம் | Devotional: Kaatchi Perumitham [Film],பக்திப் பாடல்,பக்திப் பாடல்: காட்சிப் பெருமிதம்,Devotional: Kaatchi Perumitham,Film,73,சிவபெருமான் (Lord Shiva),Cinematic Film / Video,சமயக்குரவர் பெருமக்கள் (திருமுறை),பன்னிரு திருமுறைகள் / தேவாரம் & திருவாசகம்,Discography ; Lord Shiva Songs,https://www.youtube.com/watch?v=fGUDd1DvDcE,PT7M37S,2026-09-29T07:36:16Z
385,fJIeiPyejxU,திருவருட்பா: ஆறாம் திருமுறை - பரசிவ வணக்கம் | Thiruvarutpa: Devotional Hymn [Film],திருவருட்பா,திருவருட்பா: ஆறாம் திருமுறை - பரசிவ வணக்கம்,Thiruvarutpa: Devotional Hymn,Film,82,சிவபெருமான் (Lord Shiva),Cinematic Film / Video,சமயக்குரவர் பெருமக்கள் (திருமுறை),பன்னிரு திருமுறைகள் / தேவாரம் & திருவாசகம்,Lord Shiva Songs,https://www.youtube.com/watch?v=fJIeiPyejxU,PT3M48S,2026-09-28T15:42:58Z
386,fNaiY4wiadc,தேவாரம்: திருவோத்தூர் பதிகம் (பூத்தேர்ந்து ஆயன) | Thevaram: Thiruvothur Pathigam II [Film],தேவாரம்,தேவாரம்: திருவோத்தூர் பதிகம் (பூத்தேர்ந்து ஆயன),Thevaram: Thiruvothur Pathigam II,Film,90,சிவபெருமான் (Lord Shiva),Cinematic Film / Video,சமயக்குரவர் பெருமக்கள் (திருமுறை),பன்னிரு திருமுறைகள் / தேவாரம் & திருவாசகம்,Discography ; Lord Shiva Songs,https://www.youtube.com/watch?v=fNaiY4wiadc,PT8M,2026-09-28T15:06:40Z
387,fQspUClJyg8,திருக்குறள்: அதிகாரம் 30 - வாய்மை (Remix) | Thirukkural: Vaaymai [Remix],திருக்குறள்,திருக்குறள்: அதிகாரம் 30 - வாய்மை (Remix),Thirukkural: Vaaymai,Remix,72,திருக்குறள் (Thirukkural),Audio Track (Master Composition),திருவள்ளுவர் (Thiruvalluvar),திருக்குறள் — அதிகாரம்: வாய்மை,Discography ; திருக்குறள் | Thirukkural — Master Collection,https://www.youtube.com/watch?v=fQspUClJyg8,N/A,2026
388,fRNAsDZr3QA,திருக்குறள்: அதிகாரம் 32 - இன்னா செய்யாமை | Thirukkural: Kindness Story [Film],திருக்குறள்,திருக்குறள்: அதிகாரம் 32 - இன்னா செய்யாமை,Thirukkural: Kindness Story,Film,78,திருக்குறள் (Thirukkural),Cinematic Film / Video,திருவள்ளுவர் (Thiruvalluvar),திருக்குறள் — அதிகாரம்: இன்னா செய்யாமை,Discography ; திருக்குறள் | Thirukkural — Master Collection,https://www.youtube.com/watch?v=fRNAsDZr3QA,PT8M,2026-09-27T11:06:24Z
389,fRoTy3NdaLo,திருவருட்பா: கொன்றை வேந்தன் | Thiruvarutpa: Konrai Vendhan [Film],திருவருட்பா,திருவருட்பா: கொன்றை வேந்தன்,Thiruvarutpa: Konrai Vendhan,Film,65,மரபு & கலாச்சாரம் (Cultural & Heritage),Cinematic Film / Video,வள்ளலார் இராமலிங்க அடிகளார் / மகாகவி பாரதியார்,திருவருட்பா / தேசிய ஆன்மீகப் பனுவல்,Discography ; Other Songs,https://www.youtube.com/watch?v=fRoTy3NdaLo,PT6M33S,2026-09-27T17:58:58Z
390,fcWB5HrGeMs,திருவாசகம்: திரு உந்தியார் | Thiruvasagam: Thiru Unthiyar [Film],திருவாசகம்,திருவாசகம்: திரு உந்தியார்,Thiruvasagam: Thiru Unthiyar,Film,64,சிவபெருமான் (Lord Shiva),Cinematic Film / Video,சமயக்குரவர் பெருமக்கள் (திருமுறை),பன்னிரு திருமுறைகள் / தேவாரம் & திருவாசகம்,Discography ; Lord Shiva Songs,https://www.youtube.com/watch?v=fcWB5HrGeMs,PT8M,2026-03-14T20:31:29Z
391,fdB9R7QeXo0,திருவாசகம்: குழைத்த பத்து | Thiruvasagam: Kuzhaitha Pathu [Audio],திருவாசகம்,திருவாசகம்: குழைத்த பத்து,Thiruvasagam: Kuzhaitha Pathu,Audio,65,சிவபெருமான் (Lord Shiva),Audio Track (Master Composition),சமயக்குரவர் பெருமக்கள் (திருமுறை),பன்னிரு திருமுறைகள் / தேவாரம் & திருவாசகம்,Discography ; Lord Shiva Songs,https://www.youtube.com/watch?v=fdB9R7QeXo0,PT9M36S,2026-06-02T03:41:08Z
392,fg2YbSBo1Sk,திருவருட்பா: அபராத விண்ணப்பம் II | Thiruvarutpa: Aparadha Vinnappam II [Film],திருவருட்பா,திருவருட்பா: அபராத விண்ணப்பம் II,Thiruvarutpa: Aparadha Vinnappam II,Film,77,வள்ளலார் / சன்மார்க்கம் (Thiruvarutpa / Sanmargam),Cinematic Film / Video,வள்ளலார் இராமலிங்க அடிகளார் / மகாகவி பாரதியார்,திருவருட்பா / தேசிய ஆன்மீகப் பனுவல்,Discography ; Other Songs,https://www.youtube.com/watch?v=fg2YbSBo1Sk,PT5M11S,2026-09-27T19:51:39Z
393,fkgEbW9HdtI,திருப்பாவை: பாசுரம் 1 - மார்கழித் திங்கள் | Thiruppavai: Thiruppavai 1 [Film],திருப்பாவை,திருப்பாவை: பாசுரம் 1 - மார்கழித் திங்கள்,Thiruppavai: Thiruppavai 1,Film,77,விஷ்ணு / கிருஷ்ணர் (Lord Vishnu & Krishna),Cinematic Film / Video,ஸ்ரீ ஆண்டாள் நாச்சியார்,நாலாயிர திவ்வியப் பிரபந்தம் (திருப்பாவை),Discography ; Lord Vishnu Songs,https://www.youtube.com/watch?v=fkgEbW9HdtI,PT5M31S,2026-03-13T03:23:53Z
394,fq0nJxj5aU4,அபிராமி அந்தாதி: தனந்தரும் கல்விதரும் | Abhirami Andhadhi: Dhanam Tharum Kalvi Tharum [Film],அபிராமி அந்தாதி,அபிராமி அந்தாதி: தனந்தரும் கல்விதரும்,Abhirami Andhadhi: Dhanam Tharum Kalvi Tharum,Film,92,மரபு & கலாச்சாரம் (Cultural & Heritage),Cinematic Film / Video,அபிராமி பட்டர்,அபிராமி அந்தாதி,,https://www.youtube.com/watch?v=fq0nJxj5aU4,PT3M57S,2026-09-27T12:47:41Z
395,fzoZWnsJReg,அபிராமி அந்தாதி: தனந்தரும் கல்விதரும் | Abhirami Andhadhi: Thaaye Karumari [Film],அபிராமி அந்தாதி,அபிராமி அந்தாதி: தனந்தரும் கல்விதரும்,Abhirami Andhadhi: Thaaye Karumari,Film,81,அம்மன் / சக்தி (Goddess Amman),Cinematic Film / Video,அபிராமி பட்டர் / தேவி உபாசகர்கள்,அபிராமி அந்தாதி / லலிதா போற்றி,Discography ; Goddess Amman Songs,https://www.youtube.com/watch?v=fzoZWnsJReg,PT4M1S,2026-01-30T14:23:33Z
396,g3tE-_-cZgQ,திருவருட்பா: நெஞ்சொடு நேர்தல் | Thiruvarutpa: Nenjodu Nerthal [Film],திருவருட்பா,திருவருட்பா: நெஞ்சொடு நேர்தல்,Thiruvarutpa: Nenjodu Nerthal,Film,68,வள்ளலார் / சன்மார்க்கம் (Thiruvarutpa / Sanmargam),Cinematic Film / Video,வள்ளலார் இராமலிங்க அடிகளார் / மகாகவி பாரதியார்,திருவருட்பா / தேசிய ஆன்மீகப் பனுவல்,Discography ; Other Songs,https://www.youtube.com/watch?v=g3tE-_-cZgQ,PT7M59S,2026-09-27T20:09:57Z
397,g42Pg2sg_gg,ஆதிசங்கரர்: வேதஸார சிவ ஸ்தோத்ரம் | Adi Shankara: Sacred Landscapes [Film],ஆதிசங்கரர்,ஆதிசங்கரர்: வேதஸார சிவ ஸ்தோத்ரம்,Adi Shankara: Sacred Landscapes,Film,73,சிவபெருமான் (Lord Shiva),Cinematic Film / Video,சமயக்குரவர் பெருமக்கள் (திருமுறை),பன்னிரு திருமுறைகள் / தேவாரம் & திருவாசகம்,Discography ; Lord Shiva Songs,https://www.youtube.com/watch?v=g42Pg2sg_gg,PT6M9S,2026-09-27T10:27:35Z
398,gBRvVKE_so8,திருக்குறள்: அதிகாரம் 68 - வினைசெயல்வகை (Original) | Thirukkural: Vinai Seyalvagai [Audio],திருக்குறள்,திருக்குறள்: அதிகாரம் 68 - வினைசெயல்வகை (Original),Thirukkural: Vinai Seyalvagai,Audio,90,திருக்குறள் (Thirukkural),Audio Track (Master Composition),திருவள்ளுவர் (Thiruvalluvar),திருக்குறள் — அதிகாரம்: வினைசெயல்வகை,Discography ; திருக்குறள் | Thirukkural — Master Collection,https://www.youtube.com/watch?v=gBRvVKE_so8,PT4M40S,2026-09-23T07:52:34Z
399,gjo0AfKBzsU,திருக்குறள்: அதிகாரம் 74 - நாடு (Remix) | Thirukkural: Naadu [Remix],திருக்குறள்,திருக்குறள்: அதிகாரம் 74 - நாடு (Remix),Thirukkural: Naadu,Remix,68,திருக்குறள் (Thirukkural),Cinematic Film / Video,திருவள்ளுவர் (Thiruvalluvar),திருக்குறள் — அதிகாரம்: நாடு,Discography ; திருக்குறள் | Thirukkural — Master Collection,https://www.youtube.com/watch?v=gjo0AfKBzsU,PT3M34S,2026-09-28T16:45:21Z
400,gre-26HFBfA,திருவருட்பா: அருட்பெருஞ்சோதி அகவல் II | Thiruvarutpa: Arutperunjothi VI [Film],திருவருட்பா,திருவருட்பா: அருட்பெருஞ்சோதி அகவல் II,Thiruvarutpa: Arutperunjothi VI,Film,78,வள்ளலார் / சன்மார்க்கம் (Thiruvarutpa / Sanmargam),Cinematic Film / Video,வள்ளலார் இராமலிங்க அடிகளார்,திருவருட்பா (அருட்பெருஞ்சோதி அகவல்),Discography ; Other Songs,https://www.youtube.com/watch?v=gre-26HFBfA,PT22M24S,2026-03-15T12:19:46Z
401,grjVzzo-RWc,அபிராமி அந்தாதி: தனந்தரும் கல்விதரும் | Abhirami Andhadhi: Magamayi Samayapurathaye [Film],அபிராமி அந்தாதி,அபிராமி அந்தாதி: தனந்தரும் கல்விதரும்,Abhirami Andhadhi: Magamayi Samayapurathaye,Film,90,அம்மன் / சக்தி (Goddess Amman),Cinematic Film / Video,அபிராமி பட்டர் / தேவி உபாசகர்கள்,அபிராமி அந்தாதி / லலிதா போற்றி,Discography ; Goddess Amman Songs,https://www.youtube.com/watch?v=grjVzzo-RWc,PT4M33S,2026-09-07T13:05:53Z
402,gwTtvj-h77g,பக்திப் பாடல்: திருமந்திரம் (முதல் தந்திரம்) | Devotional: Thirumanthiram [Film],பக்திப் பாடல்,பக்திப் பாடல்: திருமந்திரம் (முதல் தந்திரம்),Devotional: Thirumanthiram,Film,80,சிவபெருமான் (Lord Shiva),Cinematic Film / Video,சமயக்குரவர் பெருமக்கள் (திருமுறை),பன்னிரு திருமுறைகள் / தேவாரம் & திருவாசகம்,Discography ; Lord Shiva Songs,https://www.youtube.com/watch?v=gwTtvj-h77g,PT8M36S,2026-03-05T02:36:53Z
403,h2q-ADrbBc4,திருக்குறள்: அதிகாரம் 26 - புலால் உண்ணாமை | Thirukkural: Pulaal Unnaamai [Film],திருக்குறள்,திருக்குறள்: அதிகாரம் 26 - புலால் உண்ணாமை,Thirukkural: Pulaal Unnaamai,Film,79,திருக்குறள் (Thirukkural),Cinematic Film / Video,திருவள்ளுவர் (Thiruvalluvar),திருக்குறள்,,https://www.youtube.com/watch?v=h2q-ADrbBc4,PT4M40S,2026-09-14T12:19:28Z
404,h39OlLt4N9A,திருவாசகம்: சிவபுராணம் | Thiruvasagam: Sivapuranam [Film],திருவாசகம்,திருவாசகம்: சிவபுராணம்,Thiruvasagam: Sivapuranam,Film,57,சிவபெருமான் (Lord Shiva),Cinematic Film / Video,மாணிக்கவாசகப் பெருமான்,திருவாசகம் (எட்டாம் திருமுறை),Discography ; Lord Shiva Songs,https://www.youtube.com/watch?v=h39OlLt4N9A,PT6M9S,2026-09-07T13:04:32Z
405,h4Pc0KxvnRo,திருக்குறள்: அதிகாரம் 29 - கள்ளாமை (Original) | Thirukkural: Kallaamai [Audio],திருக்குறள்,திருக்குறள்: அதிகாரம் 29 - கள்ளாமை (Original),Thirukkural: Kallaamai,Audio,78,திருக்குறள் (Thirukkural),Audio Track (Master Composition),திருவள்ளுவர் (Thiruvalluvar),திருக்குறள் — அதிகாரம்: கள்ளாமை,Discography ; திருக்குறள் | Thirukkural — Master Collection,https://www.youtube.com/watch?v=h4Pc0KxvnRo,PT4M1S,2026-09-14T14:09:29Z
406,hCHBPd8BH8A,திருக்குறள்: அதிகாரம் 6 - வாழ்க்கைத் துணைநலம் | Thirukkural: Vaazkkai Thunai [Film],திருக்குறள்,திருக்குறள்: அதிகாரம் 6 - வாழ்க்கைத் துணைநலம்,Thirukkural: Vaazkkai Thunai,Film,83,திருக்குறள் (Thirukkural),Cinematic Film / Video,திருவள்ளுவர் (Thiruvalluvar),திருக்குறள் — அதிகாரம்: வாழ்க்கைத் துணைநலம்,திருக்குறள் | Thirukkural — Master Collection,https://www.youtube.com/watch?v=hCHBPd8BH8A,PT5M3S,2026-09-28T08:22:06Z
407,hDoLscfeg5Q,திருவருட்பா: திருவருள் வழக்க விளக்கம் | Thiruvarutpa: Thiruvarul Vazhakka Vilakkam [Audio],திருவருட்பா,திருவருட்பா: திருவருள் வழக்க விளக்கம்,Thiruvarutpa: Thiruvarul Vazhakka Vilakkam,Audio,90,சிவபெருமான் (Lord Shiva),Audio Track (Master Composition),சமயக்குரவர் பெருமக்கள் (திருமுறை),பன்னிரு திருமுறைகள் / தேவாரம் & திருவாசகம்,Discography ; Lord Shiva Songs,https://www.youtube.com/watch?v=hDoLscfeg5Q,PT14M39S,2026-08-11T12:23:14Z
408,hKkmbQ9TIaU,திருப்புகழ்: கைத்தல நிறைகனி | Thiruppugazh: Kaiththala Niraigani Thiruppugazh [Film],திருப்புகழ்,திருப்புகழ்: கைத்தல நிறைகனி,Thiruppugazh: Kaiththala Niraigani Thiruppugazh,Film,84,முருகப் பெருமான் (Lord Murugar),Cinematic Film / Video,அருணகிரிநாத சுவாமிகள்,திருப்புகழ் (விநாயகர் துதி),Discography ; Lord Murugar Songs,https://www.youtube.com/watch?v=hKkmbQ9TIaU,PT4M54S,2026-09-27T11:22:30Z
409,hXpQuPvEzSk,மகா மந்திரம்: ஹரே கிருஷ்ணா ஹரே ராமா | Maha Mantra: Hare Rama Hare Krishna [Film],மகா மந்திரம்,மகா மந்திரம்: ஹரே கிருஷ்ணா ஹரே ராமா,Maha Mantra: Hare Rama Hare Krishna,Film,80,விஷ்ணு / கிருஷ்ணர் (Lord Vishnu & Krishna),Cinematic Film / Video,வேத பாரம்பரியம்,ஸ்ரீமத் பாகவதம் & மகாபாரதம்,Discography ; Lord Krishnar Songs,https://www.youtube.com/watch?v=hXpQuPvEzSk,PT5M22S,2026-09-27T18:31:18Z
410,hfv9Ys99fZU,திருவருட்பா: இங்கித மாலை 2026 | Thiruvarutpa: Ingitha Maalai [Film],திருவருட்பா,திருவருட்பா: இங்கித மாலை 2026,Thiruvarutpa: Ingitha Maalai,Film,67,வள்ளலார் / சன்மார்க்கம் (Thiruvarutpa / Sanmargam),Cinematic Film / Video,வள்ளலார் இராமலிங்க அடிகளார் / மகாகவி பாரதியார்,திருவருட்பா / தேசிய ஆன்மீகப் பனுவல்,Discography ; Other Songs,https://www.youtube.com/watch?v=hfv9Ys99fZU,PT11M5S,2026-09-27T19:31:14Z
411,hjcH8zbEleE,திருக்குறள்: அதிகாரம் 57 - வெருவந்த செய்யாமை (Original) | Veruvandha Seyyaamai [Audio],திருக்குறள்,திருக்குறள்: அதிகாரம் 57 - வெருவந்த செய்யாமை (Original),Veruvandha Seyyaamai,Audio,86,திருக்குறள் (Thirukkural),Audio Track (Master Composition),திருவள்ளுவர் (Thiruvalluvar),திருக்குறள்,,https://www.youtube.com/watch?v=hjcH8zbEleE,PT5M42S,2026-09-21T08:31:05Z
412,hm7_qUlTUiU,திருப்பாவை: பாசுரம் 2 - வையத்து வாழ்வீர் | Thiruppavai: Thiruppavai 2 [Film],திருப்பாவை,திருப்பாவை: பாசுரம் 2 - வையத்து வாழ்வீர்,Thiruppavai: Thiruppavai 2,Film,76,விஷ்ணு / கிருஷ்ணர் (Lord Vishnu & Krishna),Cinematic Film / Video,ஸ்ரீ ஆண்டாள் நாச்சியார்,நாலாயிர திவ்வியப் பிரபந்தம் (திருப்பாவை),Discography ; Lord Vishnu Songs,https://www.youtube.com/watch?v=hm7_qUlTUiU,PT5M4S,2026-09-10T05:55:13Z
413,hoZZgL3xe9k,திருவாசகம்: எண்ணப் பதிகம் | Thiruvasagam: Ennap Pathigam [Film],திருவாசகம்,திருவாசகம்: எண்ணப் பதிகம்,Thiruvasagam: Ennap Pathigam,Film,63,சிவபெருமான் (Lord Shiva),Cinematic Film / Video,சமயக்குரவர் பெருமக்கள் (திருமுறை),பன்னிரு திருமுறைகள் / தேவாரம் & திருவாசகம்,Discography ; Lord Shiva Songs,https://www.youtube.com/watch?v=hoZZgL3xe9k,PT8M14S,2026-02-09T06:37:55Z
414,hp1ctMubVmo,சரஸ்வதி போற்றி: 108 போற்றி | Saraswathi Stotram: Lakshmi 108 Potri [Film],சரஸ்வதி போற்றி,சரஸ்வதி போற்றி: 108 போற்றி,Saraswathi Stotram: Lakshmi 108 Potri,Film,73,அம்மன் / சக்தி (Goddess Amman),Cinematic Film / Video,வேத பாரம்பரியம்,ஸ்ரீ சரஸ்வதி அஷ்டோத்தர சத நாமாவளி,Discography ; Goddess Amman Songs,https://www.youtube.com/watch?v=hp1ctMubVmo,PT14M57S,2026-04-25T02:17:32Z
415,hrg_nAlW7VQ,திருக்குறள்: அதிகாரம் 51 - தெரிந்து தெளிதல் (Original) | Therinthu Thelithal [Audio],திருக்குறள்,திருக்குறள்: அதிகாரம் 51 - தெரிந்து தெளிதல் (Original),Therinthu Thelithal,Audio,84,திருக்குறள் (Thirukkural),Audio Track (Master Composition),திருவள்ளுவர் (Thiruvalluvar),திருக்குறள் — அதிகாரம்: தெரிந்து தெளிதல்,Discography ; திருக்குறள் | Thirukkural — Master Collection,https://www.youtube.com/watch?v=hrg_nAlW7VQ,PT6M38S,2026-09-20T20:28:23Z
416,huastC0A3-8,திருவருட்பா: கோயிலாகநல் - பழமொழிமேல் 2026 | Thiruvarutpa: Koiyilakanal [Film],திருவருட்பா,திருவருட்பா: கோயிலாகநல் - பழமொழிமேல் 2026,Thiruvarutpa: Koiyilakanal,Film,77,மரபு & கலாச்சாரம் (Cultural & Heritage),Cinematic Film / Video,வள்ளலார் இராமலிங்க அடிகளார் / மகாகவி பாரதியார்,திருவருட்பா / தேசிய ஆன்மீகப் பனுவல்,Discography ; Other Songs,https://www.youtube.com/watch?v=huastC0A3-8,PT12M56S,2026-09-27T19:08:37Z
417,i6XFZE1q9uo,திருவருட்பா: உள்ளம் ஒரு கோவில் 2026 | Thiruvarutpa: Ullam Oru Kovil [Film],திருவருட்பா,திருவருட்பா: உள்ளம் ஒரு கோவில் 2026,Thiruvarutpa: Ullam Oru Kovil,Film,74,மரபு & கலாச்சாரம் (Cultural & Heritage),Cinematic Film / Video,வள்ளலார் இராமலிங்க அடிகளார் / மகாகவி பாரதியார்,திருவருட்பா / தேசிய ஆன்மீகப் பனுவல்,Discography ; Other Songs,https://www.youtube.com/watch?v=i6XFZE1q9uo,PT6M34S,2026-09-27T18:13:37Z
418,i8h-2dDFnhI,திருவருட்பா: தாமரை மலரே! | Thiruvarutpa: Thamarai Malare [Film],திருவருட்பா,திருவருட்பா: தாமரை மலரே!,Thiruvarutpa: Thamarai Malare,Film,63,மரபு & கலாச்சாரம் (Cultural & Heritage),Cinematic Film / Video,வள்ளலார் இராமலிங்க அடிகளார் / மகாகவி பாரதியார்,திருவருட்பா / தேசிய ஆன்மீகப் பனுவல்,Discography ; Other Songs,https://www.youtube.com/watch?v=i8h-2dDFnhI,PT2M47S,2026-09-27T18:14:04Z
419,iJ-3SHR2MKw,கந்தர் அநுபூதி: உருவாய் அருவாய் | Kandhar Anuboothi: Skanda Mantram [Film],கந்தர் அநுபூதி,கந்தர் அநுபூதி: உருவாய் அருவாய்,Kandhar Anuboothi: Skanda Mantram,Film,74,முருகப் பெருமான் (Lord Murugar),Cinematic Film / Video,அருணகிரிநாதர் & சைவப் புலவர்கள்,கந்தர் அநுபூதி / திருப்புகழ்,Discography ; Lord Murugar Songs,https://www.youtube.com/watch?v=iJ-3SHR2MKw,PT5M10S,2026-09-27T13:25:36Z
420,iKIsoxTz5-k,பக்திப் பாடல்: Poovar Senni Mannan (Thiruvasagam) | Devotional: Yaththirai Paththu [Audio],பக்திப் பாடல்,பக்திப் பாடல்: Poovar Senni Mannan (Thiruvasagam),Devotional: Yaththirai Paththu,Audio,90,சிவபெருமான் (Lord Shiva),Audio Track (Master Composition),சமயக்குரவர் பெருமக்கள் (திருமுறை),பன்னிரு திருமுறைகள் / தேவாரம் & திருவாசகம்,Discography ; Lord Shiva Songs,https://www.youtube.com/watch?v=iKIsoxTz5-k,PT15M6S,2026-02-11T13:05:30Z
421,iPFEtwdcIxc,திருப்புகழ்: திருப்புகழ் 712 - சீர் உலாவிய (திருப்போரூர் II) | Seer Ulaaviya II [Audio],திருப்புகழ்,திருப்புகழ்: திருப்புகழ் 712 - சீர் உலாவிய (திருப்போரூர் II),Seer Ulaaviya II,Audio,87,முருகப் பெருமான் (Lord Murugar),Audio Track (Master Composition),அருணகிரிநாத சுவாமிகள்,திருப்புகழ் (விநாயகர் துதி),Discography ; Lord Murugar Songs,https://www.youtube.com/watch?v=iPFEtwdcIxc,PT3M29S,2026-08-20T18:37:37Z
422,iTALOLp7MkQ,பக்திப் பாடல்: பன்னிரு திருமுறை: திருவையாறு சாரம் | Panniru Thirumurai: Thiruvaiyaaru Th [Film],பக்திப் பாடல்,பக்திப் பாடல்: பன்னிரு திருமுறை: திருவையாறு சாரம்,Panniru Thirumurai: Thiruvaiyaaru Th,Film,95,சிவபெருமான் (Lord Shiva),Cinematic Film / Video,சமயக்குரவர் பெருமக்கள் (திருமுறை),பன்னிரு திருமுறைகள் / தேவாரம் & திருவாசகம்,Discography ; Lord Shiva Songs,https://www.youtube.com/watch?v=iTALOLp7MkQ,PT5M47S,2026-09-27T04:31:21Z
423,irx33IVWrPY,திருக்குறள்: அதிகாரம் 75 - அரண் (Symphony) | Thirukkural: Aran Symphony [Film],திருக்குறள்,திருக்குறள்: அதிகாரம் 75 - அரண் (Symphony),Thirukkural: Aran Symphony,Film,78,திருக்குறள் (Thirukkural),Cinematic Film / Video,திருவள்ளுவர் (Thiruvalluvar),திருக்குறள் — அதிகாரம்: அரண்,Discography ; திருக்குறள் | Thirukkural — Master Collection,https://www.youtube.com/watch?v=irx33IVWrPY,PT3M46S,2026-09-28T15:47:00Z
424,isCeNcUwBTw,திருவருட்பா: தமிழ்த்தாய் வாழ்த்து | Thiruvarutpa: Tamil Thai Vazhthu [Film],திருவருட்பா,திருவருட்பா: தமிழ்த்தாய் வாழ்த்து,Thiruvarutpa: Tamil Thai Vazhthu,Film,75,மரபு & கலாச்சாரம் (Cultural & Heritage),Cinematic Film / Video,வள்ளலார் இராமலிங்க அடிகளார் / மகாகவி பாரதியார்,திருவருட்பா / தேசிய ஆன்மீகப் பனுவல்,,https://www.youtube.com/watch?v=isCeNcUwBTw,PT4M12S,2026-09-26T21:47:00Z
425,ixQGKe_IH80,திருவாசகம்: திருவெம்பாவை (ஆதியும் அந்தமும்) | Thiruvasagam: Aadhiyum Anthamum [Film],திருவாசகம்,திருவாசகம்: திருவெம்பாவை (ஆதியும் அந்தமும்),Thiruvasagam: Aadhiyum Anthamum,Film,84,சிவபெருமான் (Lord Shiva),Cinematic Film / Video,சமயக்குரவர் பெருமக்கள் (திருமுறை),பன்னிரு திருமுறைகள் / தேவாரம் & திருவாசகம்,Discography ; Lord Shiva Songs,https://www.youtube.com/watch?v=ixQGKe_IH80,PT4M3S,2026-09-27T13:05:44Z
426,izHLRwITs_Q,கிருஷ்ண துதி: கிருஷ்ண மந்திரம் I | Krishna Thuthi: Krishna Mantra I [Film],கிருஷ்ண துதி,கிருஷ்ண துதி: கிருஷ்ண மந்திரம் I,Krishna Thuthi: Krishna Mantra I,Film,74,விஷ்ணு / கிருஷ்ணர் (Lord Vishnu & Krishna),Cinematic Film / Video,வேத பாரம்பரியம்,ஸ்ரீமத் பாகவதம் & மகாபாரதம்,Discography ; Lord Krishnar Songs,https://www.youtube.com/watch?v=izHLRwITs_Q,PT1M52S,2026-09-05T03:14:49Z
427,j1tzixa2raU,திருவாசகம்: தென்னாடுடைய சிவனே போற்றி | Thiruvasagam: Thennadudaiya Sivaney [Film],திருவாசகம்,திருவாசகம்: தென்னாடுடைய சிவனே போற்றி,Thiruvasagam: Thennadudaiya Sivaney,Film,81,சிவபெருமான் (Lord Shiva),Cinematic Film / Video,சமயக்குரவர் பெருமக்கள் (திருமுறை),பன்னிரு திருமுறைகள் / தேவாரம் & திருவாசகம்,Discography ; Lord Shiva Songs,https://www.youtube.com/watch?v=j1tzixa2raU,PT3M43S,2026-03-13T04:42:23Z
428,jBA9wlyNjAE,திருக்குறள்: அதிகாரம் 64 - அமைச்சு (Original) | Thirukkural: Amaichu [Audio],திருக்குறள்,திருக்குறள்: அதிகாரம் 64 - அமைச்சு (Original),Thirukkural: Amaichu,Audio,76,திருக்குறள் (Thirukkural),Audio Track (Master Composition),திருவள்ளுவர் (Thiruvalluvar),திருக்குறள் — அதிகாரம்: அமைச்சு,Discography ; திருக்குறள் | Thirukkural — Master Collection,https://www.youtube.com/watch?v=jBA9wlyNjAE,PT5M8S,2026-09-22T15:32:20Z
429,jO2i4bcZ2ts,திருக்குறள்: அதிகாரம் 8 - அன்புடைமை | Thirukkural: Anbudaimai [Film],திருக்குறள்,திருக்குறள்: அதிகாரம் 8 - அன்புடைமை,Thirukkural: Anbudaimai,Film,68,திருக்குறள் (Thirukkural),Cinematic Film / Video,திருவள்ளுவர் (Thiruvalluvar),திருக்குறள்,,https://www.youtube.com/watch?v=jO2i4bcZ2ts,PT3M35S,2026-09-20T17:29:57Z
430,jXOalu0JJoA,திருக்குறள்: அதிகாரம் 29 - கள்ளாமை (Symphony) | Thirukkural: Kallaamai [Audio],திருக்குறள்,திருக்குறள்: அதிகாரம் 29 - கள்ளாமை (Symphony),Thirukkural: Kallaamai,Audio,78,திருக்குறள் (Thirukkural),Audio Track (Master Composition),திருவள்ளுவர் (Thiruvalluvar),திருக்குறள் — அதிகாரம்: கள்ளாமை,Discography ; திருக்குறள் | Thirukkural — Master Collection,https://www.youtube.com/watch?v=jXOalu0JJoA,PT4M59S,2026-09-14T14:09:29Z
431,jZFTlpJwn6A,பக்திப் பாடல்: தியாக வண்ணப் பதிகம் | Devotional: Thiyaga Vanna Pathigam [Film],பக்திப் பாடல்,பக்திப் பாடல்: தியாக வண்ணப் பதிகம்,Devotional: Thiyaga Vanna Pathigam,Film,78,சிவபெருமான் (Lord Shiva),Cinematic Film / Video,சமயக்குரவர் பெருமக்கள் (திருமுறை),பன்னிரு திருமுறைகள் / தேவாரம் & திருவாசகம்,Lord Shiva Songs,https://www.youtube.com/watch?v=jZFTlpJwn6A,PT4M37S,2026-09-29T07:28:53Z
432,jZI2pTITtBY,திருவருட்பா: வடிவுடை மாணிக்கமாலை | Thiruvarutpa: Vadivudai Manikkamalai [Film],திருவருட்பா,திருவருட்பா: வடிவுடை மாணிக்கமாலை,Thiruvarutpa: Vadivudai Manikkamalai,Film,78,அம்மன் / சக்தி (Goddess Amman),Cinematic Film / Video,அபிராமி பட்டர் / தேவி உபாசகர்கள்,அபிராமி அந்தாதி / லலிதா போற்றி,Discography ; Goddess Amman Songs,https://www.youtube.com/watch?v=jZI2pTITtBY,PT14M36S,2026-07-14T05:14:57Z
433,jdvz-yoK5eI,திருக்குறள்: அதிகாரம் 79 - நட்பு | Thirukkural: Natpu [Film],திருக்குறள்,திருக்குறள்: அதிகாரம் 79 - நட்பு,Thirukkural: Natpu,Film,60,திருக்குறள் (Thirukkural),Cinematic Film / Video,திருவள்ளுவர் (Thiruvalluvar),திருக்குறள் — அதிகாரம்: நட்பு,Discography ; திருக்குறள் | Thirukkural — Master Collection,https://www.youtube.com/watch?v=jdvz-yoK5eI,PT4M30S,2026-09-28T16:54:02Z
434,jfXxy-Y9zuA,நாம சங்கீர்த்தனம்: இராம ராம ராம ஹரே | Nama Sankeerthanam: Rama Rama Rama Hare Hare [Film],நாம சங்கீர்த்தனம்,நாம சங்கீர்த்தனம்: இராம ராம ராம ஹரே,Nama Sankeerthanam: Rama Rama Rama Hare Hare,Film,89,விஷ்ணு / கிருஷ்ணர் (Lord Vishnu & Krishna),Cinematic Film / Video,வேத பாரம்பரியம்,ஸ்ரீமத் பாகவதம் & மகாபாரதம்,Discography ; Lord Vishnu Songs,https://www.youtube.com/watch?v=jfXxy-Y9zuA,PT2M50S,2026-03-15T18:19:35Z
435,jpCBad1MjgI,திருப்புகழ்: ஆறுமுகம் ஆறுமுகம் | Thiruppugazh: Arumugam Arumugam [Film],திருப்புகழ்,திருப்புகழ்: ஆறுமுகம் ஆறுமுகம்,Thiruppugazh: Arumugam Arumugam,Film,71,முருகப் பெருமான் (Lord Murugar),Cinematic Film / Video,பாரம்பரிய முருகன் திருப்புகழ்,முருகன் பக்திப் பனுவல்,Discography ; Lord Murugar Songs,https://www.youtube.com/watch?v=jpCBad1MjgI,PT3M53S,2026-02-11T01:57:51Z
436,jsFIjA8ZOkw,திருவாசகம்: குழைத்த பத்து | Thiruvasagam: II [Film],திருவாசகம்,திருவாசகம்: குழைத்த பத்து,Thiruvasagam: II,Film,51,சிவபெருமான் (Lord Shiva),Cinematic Film / Video,சமயக்குரவர் பெருமக்கள் (திருமுறை),பன்னிரு திருமுறைகள் / தேவாரம் & திருவாசகம்,Discography ; Lord Shiva Songs,https://www.youtube.com/watch?v=jsFIjA8ZOkw,PT9M19S,2026-06-15T18:00:24Z
437,juGQ6ncADIg,திருக்குறள்: அதிகாரம் 16 - பொறையுடைமை | Thirukkural: Porai Udaimai [Film],திருக்குறள்,திருக்குறள்: அதிகாரம் 16 - பொறையுடைமை,Thirukkural: Porai Udaimai,Film,73,திருக்குறள் (Thirukkural),Cinematic Film / Video,திருவள்ளுவர் (Thiruvalluvar),திருக்குறள் — அதிகாரம்: பொறையுடைமை,Discography ; திருக்குறள் | Thirukkural — Master Collection,https://www.youtube.com/watch?v=juGQ6ncADIg,N/A,2026
438,juuVtFBK3X8,திருவருட்பா: ஆடலமுதப் பத்து | Thiruvarutpa: Aadalamudha Pathu [Audio],திருவருட்பா,திருவருட்பா: ஆடலமுதப் பத்து,Thiruvarutpa: Aadalamudha Pathu,Audio,69,சிவபெருமான் (Lord Shiva),Audio Track (Master Composition),சமயக்குரவர் பெருமக்கள் (திருமுறை),பன்னிரு திருமுறைகள் / தேவாரம் & திருவாசகம்,Discography ; Lord Shiva Songs,https://www.youtube.com/watch?v=juuVtFBK3X8,PT5M45S,2026-08-04T23:43:42Z
439,kA_mQ4bRB2E,திருக்குறள்: அதிகாரம் 1 - கடவுள் வாழ்த்து | Thirukkural: Kadavul Vazhthu [Film],திருக்குறள்,திருக்குறள்: அதிகாரம் 1 - கடவுள் வாழ்த்து,Thirukkural: Kadavul Vazhthu,Film,79,திருக்குறள் (Thirukkural),Cinematic Film / Video,திருவள்ளுவர் (Thiruvalluvar),திருக்குறள் — அதிகாரம்: கடவுள் வாழ்த்து,Discography ; திருக்குறள் | Thirukkural — Master Collection,https://www.youtube.com/watch?v=kA_mQ4bRB2E,PT5M29S,2026-09-12T21:06:16Z
440,kFmUrNPXsso,திருவருட்பா: தமிழ்த்தாய் வாழ்த்து | Thiruvarutpa: Land and People [Film],திருவருட்பா,திருவருட்பா: தமிழ்த்தாய் வாழ்த்து,Thiruvarutpa: Land and People,Film,72,மரபு & கலாச்சாரம் (Cultural & Heritage),Cinematic Film / Video,வள்ளலார் இராமலிங்க அடிகளார் / மகாகவி பாரதியார்,திருவருட்பா / தேசிய ஆன்மீகப் பனுவல்,Discography ; Other Songs,https://www.youtube.com/watch?v=kFmUrNPXsso,PT4M12S,2026-09-27T11:08:09Z
441,kGhg01-hWos,திருவருட்பா: அருட்பெருஞ்சோதி அகவல் II | Thiruvarutpa: Arutperunjothi Agaval II [Film],திருவருட்பா,திருவருட்பா: அருட்பெருஞ்சோதி அகவல் II,Thiruvarutpa: Arutperunjothi Agaval II,Film,85,வள்ளலார் / சன்மார்க்கம் (Thiruvarutpa / Sanmargam),Cinematic Film / Video,வள்ளலார் இராமலிங்க அடிகளார்,திருவருட்பா (அருட்பெருஞ்சோதி அகவல்),Discography ; Other Songs,https://www.youtube.com/watch?v=kGhg01-hWos,PT4M40S,2026-09-27T21:23:09Z
442,kdZSlrXEfvs,திருக்குறள்: அதிகாரம் 73 - அவையஞ்சாமை (Female) | Thirukkural: Avai Anjaamai [Film],திருக்குறள்,திருக்குறள்: அதிகாரம் 73 - அவையஞ்சாமை (Female),Thirukkural: Avai Anjaamai,Film,82,திருக்குறள் (Thirukkural),Cinematic Film / Video,திருவள்ளுவர் (Thiruvalluvar),திருக்குறள் உலகப் பொதுமறை,Discography ; திருக்குறள் | Thirukkural — Master Collection,https://www.youtube.com/watch?v=kdZSlrXEfvs,PT3M48S,2026-09-24T08:20:16Z
443,kkDJM6dKTxs,திருவருட்பா: இங்கித மாலை 2026 | Thiruvarutpa: Ingitha Maalai [Film],திருவருட்பா,திருவருட்பா: இங்கித மாலை 2026,Thiruvarutpa: Ingitha Maalai,Film,67,வள்ளலார் / சன்மார்க்கம் (Thiruvarutpa / Sanmargam),Cinematic Film / Video,வள்ளலார் இராமலிங்க அடிகளார் / மகாகவி பாரதியார்,திருவருட்பா / தேசிய ஆன்மீகப் பனுவல்,Discography ; Other Songs,https://www.youtube.com/watch?v=kkDJM6dKTxs,PT11M5S,2026-07-14T09:16:29Z
444,klSi7r6YhCU,திருப்பாவை: தென் நாடுடைய சிவனே போற்றி! (Female) | Thiruppavai: Devotional Hymn [Film],திருப்பாவை,திருப்பாவை: தென் நாடுடைய சிவனே போற்றி! (Female),Thiruppavai: Devotional Hymn,Film,85,சிவபெருமான் (Lord Shiva),Cinematic Film / Video,ஆழ்வார்கள் / நாலாயிர திவ்வியப் பிரபந்தம்,திருப்பாவை & நாலாயிர திவ்வியப் பிரபந்தம்,Lord Shiva Songs ; Lord Vishnu Songs,https://www.youtube.com/watch?v=klSi7r6YhCU,PT3M25S,2026-09-29T07:19:31Z
445,kshlDPh2IqE,திருவருட்பா: அபராதத்து ஆற்றாமை | Thiruvarutpa: Abaraathathu Aatraamai [Audio],திருவருட்பா,திருவருட்பா: அபராதத்து ஆற்றாமை,Thiruvarutpa: Abaraathathu Aatraamai,Audio,77,சிவபெருமான் (Lord Shiva),Audio Track (Master Composition),சமயக்குரவர் பெருமக்கள் (திருமுறை),பன்னிரு திருமுறைகள் / தேவாரம் & திருவாசகம்,Discography ; Lord Shiva Songs,https://www.youtube.com/watch?v=kshlDPh2IqE,PT4M49S,2026-07-23T04:56:44Z
446,kyiaup-gjMc,திருவருட்பா: எழுத்தறியும் பெருமான் மாலை | Thiruvarutpa: Ezhuthariyum Peruman Maalai [Audio],திருவருட்பா,திருவருட்பா: எழுத்தறியும் பெருமான் மாலை,Thiruvarutpa: Ezhuthariyum Peruman Maalai,Audio,91,சிவபெருமான் (Lord Shiva),Audio Track (Master Composition),சமயக்குரவர் பெருமக்கள் (திருமுறை),பன்னிரு திருமுறைகள் / தேவாரம் & திருவாசகம்,Discography ; Lord Shiva Songs,https://www.youtube.com/watch?v=kyiaup-gjMc,PT20M58S,2026-07-28T12:40:45Z
447,l-JJXW1QKdg,பக்திப் பாடல்: Thillai Vazh Anthanar Tham | Devotional: Thillai Vazh Anthanar Tham [Film],பக்திப் பாடல்,பக்திப் பாடல்: Thillai Vazh Anthanar Tham,Devotional: Thillai Vazh Anthanar Tham,Film,89,சிவபெருமான் (Lord Shiva),Cinematic Film / Video,சமயக்குரவர் பெருமக்கள் (திருமுறை),பன்னிரு திருமுறைகள் / தேவாரம் & திருவாசகம்,Discography ; Lord Shiva Songs,https://www.youtube.com/watch?v=l-JJXW1QKdg,PT15M14S,2026-01-11T19:16:19Z
448,l3E27q5r-nk,திருவருட்பா: திருப்புகழ் விலாசம் | Thiruvarutpa: Thiruppugazh Vilasam [Film],திருவருட்பா,திருவருட்பா: திருப்புகழ் விலாசம்,Thiruvarutpa: Thiruppugazh Vilasam,Film,76,முருகப் பெருமான் (Lord Murugar),Cinematic Film / Video,அருணகிரிநாத சுவாமிகள்,திருப்புகழ் (விநாயகர் துதி),Discography ; Other Songs,https://www.youtube.com/watch?v=l3E27q5r-nk,PT4M2S,2026-09-27T20:23:41Z
449,lAWfE9YSJME,திருவருட்பா: பரசிவ வணக்கம் | Thiruvarutpa: Parasiva Vanakkam [Audio],திருவருட்பா,திருவருட்பா: பரசிவ வணக்கம்,Thiruvarutpa: Parasiva Vanakkam,Audio,68,சிவபெருமான் (Lord Shiva),Audio Track (Master Composition),சமயக்குரவர் பெருமக்கள் (திருமுறை),பன்னிரு திருமுறைகள் / தேவாரம் & திருவாசகம்,Discography ; Lord Shiva Songs,https://www.youtube.com/watch?v=lAWfE9YSJME,PT3M48S,2026-08-12T10:17:20Z
450,lCBVB2Yj_7U,திருக்குறள்: அதிகாரம் 55 - செங்கோன்மை | Thirukkural: Sengonmai [Film],திருக்குறள்,திருக்குறள்: அதிகாரம் 55 - செங்கோன்மை,Thirukkural: Sengonmai,Film,69,திருக்குறள் (Thirukkural),Cinematic Film / Video,திருவள்ளுவர் (Thiruvalluvar),திருக்குறள் — அதிகாரம்: செங்கோன்மை,திருக்குறள் | Thirukkural — Master Collection,https://www.youtube.com/watch?v=lCBVB2Yj_7U,PT4M57S,2026-09-28T14:19:37Z
451,lD6far4EmHY,தேவாரம்: திருவோத்தூர் பதிகம் (பூத்தேர்ந்து ஆயன III) | Thevaram: Thiruvothur Pathigam III [Film],தேவாரம்,தேவாரம்: திருவோத்தூர் பதிகம் (பூத்தேர்ந்து ஆயன III),Thevaram: Thiruvothur Pathigam III,Film,95,சிவபெருமான் (Lord Shiva),Cinematic Film / Video,சமயக்குரவர் பெருமக்கள் (திருமுறை),பன்னிரு திருமுறைகள் / தேவாரம் & திருவாசகம்,Discography ; Lord Shiva Songs,https://www.youtube.com/watch?v=lD6far4EmHY,PT5M18S,2026-09-28T16:06:10Z
452,lEHLSYxnpbU,விநாயகர் துதி: கண நாதா ஓம் | Vinayagar Thuthi: Gana Natha Om [Film],விநாயகர் துதி,விநாயகர் துதி: கண நாதா ஓம்,Vinayagar Thuthi: Gana Natha Om,Film,67,விநாயகர் (Lord Vinayagar),Cinematic Film / Video,பாரம்பரிய விநாயகர் துதி,விநாயகர் நாம சங்கீர்த்தனம்,Discography ; Lord Vinayagar Songs,https://www.youtube.com/watch?v=lEHLSYxnpbU,PT3M48S,2026-09-26T18:57:35Z
453,lG5AT1rN9Us,திருவருட்பா: அருட்பெருஞ்சோதி அகவல் II | Thiruvarutpa: Arutperunjothi IV [Film],திருவருட்பா,திருவருட்பா: அருட்பெருஞ்சோதி அகவல் II,Thiruvarutpa: Arutperunjothi IV,Film,78,வள்ளலார் / சன்மார்க்கம் (Thiruvarutpa / Sanmargam),Cinematic Film / Video,வள்ளலார் இராமலிங்க அடிகளார்,திருவருட்பா (அருட்பெருஞ்சோதி அகவல்),Discography ; Other Songs,https://www.youtube.com/watch?v=lG5AT1rN9Us,PT5M18S,2026-09-27T21:05:01Z
454,ldsJ6l90zLs,பக்திப் பாடல்: ஆனந்த மாலை | Devotional: Anandha Maalai [Film],பக்திப் பாடல்,பக்திப் பாடல்: ஆனந்த மாலை,Devotional: Anandha Maalai,Film,61,சிவபெருமான் (Lord Shiva),Cinematic Film / Video,சமயக்குரவர் பெருமக்கள் (திருமுறை),பன்னிரு திருமுறைகள் / தேவாரம் & திருவாசகம்,Discography ; Lord Shiva Songs,https://www.youtube.com/watch?v=ldsJ6l90zLs,PT5M2S,2026-09-27T13:13:57Z
455,leIJDxweGiM,பஜனை: இராம கிருஷ்ண துதி | Bhajan: Rama Krishna Thuthi [Film],பஜனை,பஜனை: இராம கிருஷ்ண துதி,Bhajan: Rama Krishna Thuthi,Film,60,விஷ்ணு / கிருஷ்ணர் (Lord Vishnu & Krishna),Cinematic Film / Video,வேத பாரம்பரியம்,ஸ்ரீமத் பாகவதம் & மகாபாரதம்,Discography ; Lord Vishnu Songs,https://www.youtube.com/watch?v=leIJDxweGiM,PT8M26S,2026-09-08T06:56:51Z
456,lg5W3VaLQNQ,திருவருட்பா: அறிவரும் பெருமை | Thiruvarutpa: Arivarum Perumai [Film],திருவருட்பா,திருவருட்பா: அறிவரும் பெருமை,Thiruvarutpa: Arivarum Perumai,Film,68,வள்ளலார் / சன்மார்க்கம் (Thiruvarutpa / Sanmargam),Cinematic Film / Video,வள்ளலார் இராமலிங்க அடிகளார் / மகாகவி பாரதியார்,திருவருட்பா / தேசிய ஆன்மீகப் பனுவல்,Discography ; Other Songs,https://www.youtube.com/watch?v=lg5W3VaLQNQ,PT6M51S,2026-09-27T20:12:44Z
457,lneosghJWgs,திருக்குறள்: அதிகாரம் 8 - அன்புடைமை | Thirukkural: Anbudaimai [Film],திருக்குறள்,திருக்குறள்: அதிகாரம் 8 - அன்புடைமை,Thirukkural: Anbudaimai,Film,68,திருக்குறள் (Thirukkural),Cinematic Film / Video,திருவள்ளுவர் (Thiruvalluvar),திருக்குறள்,,https://www.youtube.com/watch?v=lneosghJWgs,PT3M35S,2026-09-08T04:54:46Z
458,lpOcAVJIax0,திருக்குறள்: அதிகாரம் 125 - நெஞ்சறிவுறுத்தல் (பகுதி 2) | Thirukkural: Compassion Journey [Film],திருக்குறள்,திருக்குறள்: அதிகாரம் 125 - நெஞ்சறிவுறுத்தல் (பகுதி 2),Thirukkural: Compassion Journey,Film,95,திருக்குறள் (Thirukkural),Cinematic Film / Video,திருவள்ளுவர் (Thiruvalluvar),திருக்குறள் — அதிகாரம்: நெஞ்சறிவுறுத்தல்,Discography ; Other Songs ; திருக்குறள் | Thirukkural — Master Collection,https://www.youtube.com/watch?v=lpOcAVJIax0,PT4M24S,2026-09-27T06:54:37Z
459,lw2nEZfR7Kc,திருவருட்பா: அன்பே சரணம் அருளே சரணம் | Thiruvarutpa: Anbe Saranam Arule Saranam [Film],திருவருட்பா,திருவருட்பா: அன்பே சரணம் அருளே சரணம்,Thiruvarutpa: Anbe Saranam Arule Saranam,Film,86,மரபு & கலாச்சாரம் (Cultural & Heritage),Cinematic Film / Video,வள்ளலார் இராமலிங்க அடிகளார்,திருவருட்பா (சன்மார்க்கக் கானம்),Discography ; Other Songs,https://www.youtube.com/watch?v=lw2nEZfR7Kc,PT8M9S,2026-05-09T23:49:16Z
460,mCkB-h75-dE,பக்திப் பாடல்: குறி கலந்த இசை | Devotional: Kuri Kalandha Isai [Film],பக்திப் பாடல்,பக்திப் பாடல்: குறி கலந்த இசை,Devotional: Kuri Kalandha Isai,Film,69,சிவபெருமான் (Lord Shiva),Cinematic Film / Video,சமயக்குரவர் பெருமக்கள் (திருமுறை),பன்னிரு திருமுறைகள் / தேவாரம் & திருவாசகம்,Discography ; Lord Shiva Songs,https://www.youtube.com/watch?v=mCkB-h75-dE,PT14M,2026-09-27T16:54:16Z
461,mCwNR1Bytj4,திருக்குறள்: அதிகாரம் 39 - இறைமாட்சி | Thirukkural: Irai Maatchi [Film],திருக்குறள்,திருக்குறள்: அதிகாரம் 39 - இறைமாட்சி,Thirukkural: Irai Maatchi,Film,71,திருக்குறள் (Thirukkural),Cinematic Film / Video,திருவள்ளுவர் (Thiruvalluvar),திருக்குறள்,,https://www.youtube.com/watch?v=mCwNR1Bytj4,PT3M48S,2026-09-28T15:38:24Z
462,mIC0hJwu8F0,திருவருட்பா: திரு சனி பகவான் துதி 2026 | Thiruvarutpa: Sani Bhagavan Thuthi [Film],திருவருட்பா,திருவருட்பா: திரு சனி பகவான் துதி 2026,Thiruvarutpa: Sani Bhagavan Thuthi,Film,82,மரபு & கலாச்சாரம் (Cultural & Heritage),Cinematic Film / Video,வள்ளலார் இராமலிங்க அடிகளார் / மகாகவி பாரதியார்,திருவருட்பா / தேசிய ஆன்மீகப் பனுவல்,Discography ; Other Songs,https://www.youtube.com/watch?v=mIC0hJwu8F0,PT4M20S,2026-09-27T17:20:12Z
463,mPypwIgdo-E,திருவாசகம்: திருப்புலம்பல் | Thiruvasagam: Thiruppulambal [Film],திருவாசகம்,திருவாசகம்: திருப்புலம்பல்,Thiruvasagam: Thiruppulambal,Film,64,சிவபெருமான் (Lord Shiva),Cinematic Film / Video,சமயக்குரவர் பெருமக்கள் (திருமுறை),பன்னிரு திருமுறைகள் / தேவாரம் & திருவாசகம்,Discography ; Lord Shiva Songs,https://www.youtube.com/watch?v=mPypwIgdo-E,PT3M44S,2026-09-27T17:26:15Z
464,mQpQEuXiEZ4,கந்த புராணம்: திகட சக்கர சண்முகத்தோன் (காப்பு) | Kandha Puranam: Thigada Sakkara [Film],கந்த புராணம்,கந்த புராணம்: திகட சக்கர சண்முகத்தோன் (காப்பு),Kandha Puranam: Thigada Sakkara,Film,87,விநாயகர் (Lord Vinayagar),Cinematic Film / Video,பாரம்பரிய விநாயகர் துதி,விநாயகர் நாம சங்கீர்த்தனம்,Discography ; Lord Vinayagar Songs,https://www.youtube.com/watch?v=mQpQEuXiEZ4,PT4M35S,2026-09-27T06:55:27Z
465,mVQJIrLtnCk,திருவருட்பா: விழியிலே மலர்ந்தது (REMIX) 2026 | Thiruvarutpa: Vizhiyile Malarnthathu [Film],திருவருட்பா,திருவருட்பா: விழியிலே மலர்ந்தது (REMIX) 2026,Thiruvarutpa: Vizhiyile Malarnthathu,Film,90,மரபு & கலாச்சாரம் (Cultural & Heritage),Cinematic Film / Video,வள்ளலார் இராமலிங்க அடிகளார் / மகாகவி பாரதியார்,திருவருட்பா / தேசிய ஆன்மீகப் பனுவல்,Discography ; Other Songs,https://www.youtube.com/watch?v=mVQJIrLtnCk,PT3M22S,2026-09-27T18:42:57Z
466,mb-lljpUJ5g,திருவாசகம்: தென்னாடுடைய சிவனே போற்றி | Thiruvasagam: Thennadudaiya Sivaney Potri [Film],திருவாசகம்,திருவாசகம்: தென்னாடுடைய சிவனே போற்றி,Thiruvasagam: Thennadudaiya Sivaney Potri,Film,87,சிவபெருமான் (Lord Shiva),Cinematic Film / Video,சமயக்குரவர் பெருமக்கள் (திருமுறை),பன்னிரு திருமுறைகள் / தேவாரம் & திருவாசகம்,Discography ; Lord Shiva Songs,https://www.youtube.com/watch?v=mb-lljpUJ5g,PT3M39S,2026-07-31T15:05:41Z
467,meXI3QsNHhE,திருப்புகழ்: திருப்புகழ் 566 இரத்னகிரி I | Thiruppugazh: Rathinagiri Thiruppugazh [Film],திருப்புகழ்,திருப்புகழ்: திருப்புகழ் 566 இரத்னகிரி I,Thiruppugazh: Rathinagiri Thiruppugazh,Film,88,முருகப் பெருமான் (Lord Murugar),Cinematic Film / Video,அருணகிரிநாத சுவாமிகள்,திருப்புகழ் (விநாயகர் துதி),Discography ; Lord Murugar Songs,https://www.youtube.com/watch?v=meXI3QsNHhE,PT4M15S,2026-09-27T13:01:58Z
468,mpgnALSm7wk,திருக்குறள்: அதிகாரம் 47 - தெரிந்து செயல்வகை (Female) | Therinthu Seyalvagai [Film],திருக்குறள்,திருக்குறள்: அதிகாரம் 47 - தெரிந்து செயல்வகை (Female),Therinthu Seyalvagai,Film,83,திருக்குறள் (Thirukkural),Cinematic Film / Video,திருவள்ளுவர் (Thiruvalluvar),திருக்குறள் — அதிகாரம்: தெரிந்து செயல்வகை,Discography ; திருக்குறள் | Thirukkural — Master Collection,https://www.youtube.com/watch?v=mpgnALSm7wk,PT3M48S,2026-09-20T20:13:19Z
469,mv7AezrLzoU,திருக்குறள்: அதிகாரம் 58 - கண்ணோட்டம் | Thirukkural: Kannottam [Film],திருக்குறள்,திருக்குறள்: அதிகாரம் 58 - கண்ணோட்டம்,Thirukkural: Kannottam,Film,69,திருக்குறள் (Thirukkural),Cinematic Film / Video,திருவள்ளுவர் (Thiruvalluvar),திருக்குறள் — அதிகாரம்: கண்ணோட்டம்,திருக்குறள் | Thirukkural — Master Collection,https://www.youtube.com/watch?v=mv7AezrLzoU,PT5M15S,2026-09-28T13:34:28Z
470,mvOSVEFhvDc,திருக்குறள்: அதிகாரம் 28 - கூடா ஒழுக்கம் (Original) | Thirukkural: Kooda Ozhukkam [Audio],திருக்குறள்,திருக்குறள்: அதிகாரம் 28 - கூடா ஒழுக்கம் (Original),Thirukkural: Kooda Ozhukkam,Audio,89,திருக்குறள் (Thirukkural),Audio Track (Master Composition),திருவள்ளுவர் (Thiruvalluvar),திருக்குறள் — அதிகாரம்: கூடா ஒழுக்கம்,Discography ; திருக்குறள் | Thirukkural — Master Collection,https://www.youtube.com/watch?v=mvOSVEFhvDc,PT4M23S,2026-09-14T13:02:02Z
471,nGBmGzsD-kM,திருவருட்பா: கொடைமடப் புகழ்ச்சி | Thiruvarutpa: Kodaimada Pugazhchi [Audio],திருவருட்பா,திருவருட்பா: கொடைமடப் புகழ்ச்சி,Thiruvarutpa: Kodaimada Pugazhchi,Audio,75,சிவபெருமான் (Lord Shiva),Audio Track (Master Composition),சமயக்குரவர் பெருமக்கள் (திருமுறை),பன்னிரு திருமுறைகள் / தேவாரம் & திருவாசகம்,Discography ; Lord Shiva Songs,https://www.youtube.com/watch?v=nGBmGzsD-kM,PT10M23S,2026-07-25T05:41:59Z
472,nHj4Q196kU4,திருக்குறள்: அதிகாரம் 60 - ஊக்கமுடைமை (Original) | Thirukkural: Ookkamudaimai [Audio],திருக்குறள்,திருக்குறள்: அதிகாரம் 60 - ஊக்கமுடைமை (Original),Thirukkural: Ookkamudaimai,Audio,85,திருக்குறள் (Thirukkural),Audio Track (Master Composition),திருவள்ளுவர் (Thiruvalluvar),திருக்குறள் — அதிகாரம்: ஊக்கமுடைமை,Discography ; திருக்குறள் | Thirukkural — Master Collection,https://www.youtube.com/watch?v=nHj4Q196kU4,PT5M8S,2026-09-21T23:59:44Z
473,nR7R0TWyZHk,திருக்குறள்: அதிகாரம் 69 - தூது | Thirukkural: Thoothu [Film],திருக்குறள்,திருக்குறள்: அதிகாரம் 69 - தூது,Thirukkural: Thoothu,Film,61,திருக்குறள் (Thirukkural),Cinematic Film / Video,திருவள்ளுவர் (Thiruvalluvar),திருக்குறள் — அதிகாரம்: தூது,திருக்குறள் | Thirukkural — Master Collection,https://www.youtube.com/watch?v=nR7R0TWyZHk,PT4M3S,2026-09-28T15:36:00Z
474,nSQKZ2htJ-o,பக்திப் பாடல்: Maasil Veenaiyum | Devotional: Maasil Veenaiyum [Film],பக்திப் பாடல்,பக்திப் பாடல்: Maasil Veenaiyum,Devotional: Maasil Veenaiyum,Film,69,சிவபெருமான் (Lord Shiva),Cinematic Film / Video,திருநாவுக்கரசு சுவாமிகள் (அப்பர்),தேவாரம் (நமச்சிவாயப் பதிகம்),Discography ; Lord Shiva Songs,https://www.youtube.com/watch?v=nSQKZ2htJ-o,PT4M22S,2026-01-11T19:16:19Z
475,nf8EO1GdKlY,திருக்குறள்: அதிகாரம் 74 - நாடு (Original) | Thirukkural: Naadu [Audio],திருக்குறள்,திருக்குறள்: அதிகாரம் 74 - நாடு (Original),Thirukkural: Naadu,Audio,71,திருக்குறள் (Thirukkural),Audio Track (Master Composition),திருவள்ளுவர் (Thiruvalluvar),திருக்குறள் — அதிகாரம்: நாடு,Discography ; திருக்குறள் | Thirukkural — Master Collection,https://www.youtube.com/watch?v=nf8EO1GdKlY,PT3M39S,2026-09-24T09:49:23Z
476,nnlH4ydFRQw,பக்திப் பாடல்: பிரார்த்தனைப் பத்து 2026 (திருவாசகம்) | Devotional: Devotional Hymn [Film],பக்திப் பாடல்,பக்திப் பாடல்: பிரார்த்தனைப் பத்து 2026 (திருவாசகம்),Devotional: Devotional Hymn,Film,89,சிவபெருமான் (Lord Shiva),Cinematic Film / Video,சமயக்குரவர் பெருமக்கள் (திருமுறை),பன்னிரு திருமுறைகள் / தேவாரம் & திருவாசகம்,Discography ; Lord Shiva Songs,https://www.youtube.com/watch?v=nnlH4ydFRQw,PT10M34S,2026-09-27T19:46:06Z
477,npc-0cJdpt0,திருவருட்பா: அன்பு மாலை - 2026 (II) | Thiruvarutpa: Anbu Maalai II [Film],திருவருட்பா,திருவருட்பா: அன்பு மாலை - 2026 (II),Thiruvarutpa: Anbu Maalai II,Film,73,சிவபெருமான் (Lord Shiva),Cinematic Film / Video,ஆழ்வார்கள் / நாலாயிர திவ்வியப் பிரபந்தம்,திருப்பாவை & நாலாயிர திவ்வியப் பிரபந்தம்,Lord Shiva Songs ; Lord Vishnu Songs,https://www.youtube.com/watch?v=npc-0cJdpt0,PT4M40S,2026-09-29T07:15:22Z
478,nsWHXJGDYA8,திருவாசகம்: அன்னைப்பத்து | Thiruvasagam: Annaippathu [Film],திருவாசகம்,திருவாசகம்: அன்னைப்பத்து,Thiruvasagam: Annaippathu,Film,59,சிவபெருமான் (Lord Shiva),Cinematic Film / Video,மாணிக்கவாசகப் பெருமான்,திருவாசகம் (அன்னைப்பத்து),Discography ; Lord Shiva Songs,https://www.youtube.com/watch?v=nsWHXJGDYA8,PT8M54S,2026-02-09T06:37:55Z
479,nuSx1NgiCuo,திருப்புகழ்: நாத விந்துகள் | Thiruppugazh: Naatha Vindhugal Pazhani Thiruppugazh [Film],திருப்புகழ்,திருப்புகழ்: நாத விந்துகள்,Thiruppugazh: Naatha Vindhugal Pazhani Thiruppugazh,Film,87,முருகப் பெருமான் (Lord Murugar),Cinematic Film / Video,அருணகிரிநாத சுவாமிகள்,திருப்புகழ் (விநாயகர் துதி),Discography ; Lord Murugar Songs,https://www.youtube.com/watch?v=nuSx1NgiCuo,PT5M55S,2026-09-27T11:20:05Z
480,nutm-A24QcM,பக்திப் பாடல்: பிடியதன் உருவுமை | Devotional: Pidiyathan Uruvumai [Film],பக்திப் பாடல்,பக்திப் பாடல்: பிடியதன் உருவுமை,Devotional: Pidiyathan Uruvumai,Film,72,சிவபெருமான் (Lord Shiva),Cinematic Film / Video,சமயக்குரவர் பெருமக்கள் (திருமுறை),பன்னிரு திருமுறைகள் / தேவாரம் & திருவாசகம்,Discography ; Lord Shiva Songs,https://www.youtube.com/watch?v=nutm-A24QcM,PT9M55S,2026-06-19T21:31:16Z
481,o2cv5Oaii4M,திருவாசகம்: தென்னாடுடைய சிவனே போற்றி | Thiruvasagam: Thennadudaiya Sivaney Potri [Film],திருவாசகம்,திருவாசகம்: தென்னாடுடைய சிவனே போற்றி,Thiruvasagam: Thennadudaiya Sivaney Potri,Film,87,சிவபெருமான் (Lord Shiva),Cinematic Film / Video,சமயக்குரவர் பெருமக்கள் (திருமுறை),பன்னிரு திருமுறைகள் / தேவாரம் & திருவாசகம்,Discography ; Lord Shiva Songs,https://www.youtube.com/watch?v=o2cv5Oaii4M,PT3M39S,2026-09-27T06:52:45Z
482,o5PVED0ZcfU,பக்திப் பாடல்: திருவெண்பா 2026 (திருவாசகம்) | Devotional: Thiruvenba HipHop [Film],பக்திப் பாடல்,பக்திப் பாடல்: திருவெண்பா 2026 (திருவாசகம்),Devotional: Thiruvenba HipHop,Film,82,சிவபெருமான் (Lord Shiva),Cinematic Film / Video,சமயக்குரவர் பெருமக்கள் (திருமுறை),பன்னிரு திருமுறைகள் / தேவாரம் & திருவாசகம்,Discography ; Lord Shiva Songs,https://www.youtube.com/watch?v=o5PVED0ZcfU,PT3M14S,2026-02-09T06:37:55Z
483,oEQ3sx6ujQc,திருக்குறள்: அதிகாரம் 50 - இடனறிதல் (Remix) | Thirukkural: Idanarithal [Remix],திருக்குறள்,திருக்குறள்: அதிகாரம் 50 - இடனறிதல் (Remix),Thirukkural: Idanarithal,Remix,78,திருக்குறள் (Thirukkural),Cinematic Film / Video,திருவள்ளுவர் (Thiruvalluvar),திருக்குறள் — அதிகாரம்: இடனறிதல்,Discography ; திருக்குறள் | Thirukkural — Master Collection,https://www.youtube.com/watch?v=oEQ3sx6ujQc,PT4M38S,2026-09-28T15:56:59Z
484,oOGRP4cqGP8,தேவாரம்: திருவோத்தூர் பதிகம் (பூத்தேர்ந்து ஆயன V) | Thevaram: V [Film],தேவாரம்,தேவாரம்: திருவோத்தூர் பதிகம் (பூத்தேர்ந்து ஆயன V),Thevaram: V,Film,70,சிவபெருமான் (Lord Shiva),Cinematic Film / Video,சமயக்குரவர் பெருமக்கள் (திருமுறை),பன்னிரு திருமுறைகள் / தேவாரம் & திருவாசகம்,Discography ; Lord Shiva Songs,https://www.youtube.com/watch?v=oOGRP4cqGP8,PT5M43S,2026-08-18T11:35:46Z
485,orWUAxhBOsg,பக்திப் பாடல்: திருமுல்லைவாயில் | Devotional: Thirumullaivayil [Film],பக்திப் பாடல்,பக்திப் பாடல்: திருமுல்லைவாயில்,Devotional: Thirumullaivayil,Film,69,சிவபெருமான் (Lord Shiva),Cinematic Film / Video,சமயக்குரவர் பெருமக்கள் (திருமுறை),பன்னிரு திருமுறைகள் / தேவாரம் & திருவாசகம்,Discography ; Lord Shiva Songs,https://www.youtube.com/watch?v=orWUAxhBOsg,PT6M39S,2026-09-29T07:37:46Z
486,p1KPCpSX53U,திருவருட்பா: தோடுடையார் | Thiruvarutpa: Thodudaiyaar [Film],திருவருட்பா,திருவருட்பா: தோடுடையார்,Thiruvarutpa: Thodudaiyaar,Film,59,சிவபெருமான் (Lord Shiva),Cinematic Film / Video,திருஞானசம்பந்த மூர்த்தி நாயனார்,தேவாரம் (முதல் திருமுறை),Discography ; Lord Shiva Songs,https://www.youtube.com/watch?v=p1KPCpSX53U,PT13M23S,2026-10-02T16:33:32Z
487,pF7fYFU5fKs,திருவருட்பா: திருவடிப் புகழ்ச்சி | Thiruvarutpa: Thiruvadi Pugazhchi [Film],திருவருட்பா,திருவருட்பா: திருவடிப் புகழ்ச்சி,Thiruvarutpa: Thiruvadi Pugazhchi,Film,75,சிவபெருமான் (Lord Shiva),Cinematic Film / Video,சமயக்குரவர் பெருமக்கள் (திருமுறை),பன்னிரு திருமுறைகள் / தேவாரம் & திருவாசகம்,Discography ; Lord Shiva Songs,https://www.youtube.com/watch?v=pF7fYFU5fKs,PT4M36S,2026-05-31T02:02:11Z
488,pLVPFb8LJEk,சிவ நாமாவளி: ஈஸ்வர நாமவளி சரணம்! (I) | Shiva Namavali: Eeswara Naamavali [Film],சிவ நாமாவளி,சிவ நாமாவளி: ஈஸ்வர நாமவளி சரணம்! (I),Shiva Namavali: Eeswara Naamavali,Film,79,சிவபெருமான் (Lord Shiva),Cinematic Film / Video,சமயக்குரவர் பெருமக்கள் (திருமுறை),பன்னிரு திருமுறைகள் / தேவாரம் & திருவாசகம்,Discography ; Lord Shiva Songs,https://www.youtube.com/watch?v=pLVPFb8LJEk,PT3M7S,2026-09-27T18:56:14Z
489,pTxTsQzF8Xs,திருக்குறள்: அதிகாரம் 53 - சுற்றந்தழால் (Original) | Thirukkural: Suttranthazhaal [Audio],திருக்குறள்,திருக்குறள்: அதிகாரம் 53 - சுற்றந்தழால் (Original),Thirukkural: Suttranthazhaal,Audio,89,திருக்குறள் (Thirukkural),Audio Track (Master Composition),திருவள்ளுவர் (Thiruvalluvar),திருக்குறள் — அதிகாரம்: சுற்றந்தழால்,Discography ; திருக்குறள் | Thirukkural — Master Collection,https://www.youtube.com/watch?v=pTxTsQzF8Xs,PT6M54S,2026-09-20T22:21:14Z
490,pWSY0_0UQwc,தேவாரம்: திருவோத்தூர் பதிகம் (பூத்தேர்ந்து ஆயன) | Thevaram: Thiruvothur Saram [Film],தேவாரம்,தேவாரம்: திருவோத்தூர் பதிகம் (பூத்தேர்ந்து ஆயன),Thevaram: Thiruvothur Saram,Film,84,சிவபெருமான் (Lord Shiva),Cinematic Film / Video,சமயக்குரவர் பெருமக்கள் (திருமுறை),பன்னிரு திருமுறைகள் / தேவாரம் & திருவாசகம்,Discography ; Lord Shiva Songs,https://www.youtube.com/watch?v=pWSY0_0UQwc,PT5M40S,2026-06-19T01:39:58Z
491,pYh67ltckLQ,கந்தர் அலங்காரம்: நாள் என் செய்யும் | Kandhar Alangaram: Naal En Seyyum [Film],கந்தர் அலங்காரம்,கந்தர் அலங்காரம்: நாள் என் செய்யும்,Kandhar Alangaram: Naal En Seyyum,Film,78,முருகப் பெருமான் (Lord Murugar),Cinematic Film / Video,அருளாளர்கள் / சைவத் திருமுறை ஆசிரியர்கள்,குரு குல தேசம் திருமுறை வெளியீடு,Discography ; Lord Murugar Songs,https://www.youtube.com/watch?v=pYh67ltckLQ,PT5M54S,2026-07-15T14:33:15Z
492,pYuwzoJkhTE,ஆதிசங்கரர்: மகா கணேச பஞ்சரத்னம் | Adi Shankara: Maha Ganesha Pancharatnam [Film],ஆதிசங்கரர்,ஆதிசங்கரர்: மகா கணேச பஞ்சரத்னம்,Adi Shankara: Maha Ganesha Pancharatnam,Film,80,விநாயகர் (Lord Vinayagar),Cinematic Film / Video,ஸ்ரீ ஆதி சங்கர பகவத் பாதாள்,ஸ்ரீ மகா கணேச பஞ்சரத்னம்,Discography ; Lord Vinayagar Songs,https://www.youtube.com/watch?v=pYuwzoJkhTE,PT4M38S,2026-09-27T10:36:44Z
493,peEwj9A2blw,பக்திப் பாடல்: திருவசிய மந்திரம் 2026 | Devotional: Thiruvasiyam Mantra [Film],பக்திப் பாடல்,பக்திப் பாடல்: திருவசிய மந்திரம் 2026,Devotional: Thiruvasiyam Mantra,Film,78,சிவபெருமான் (Lord Shiva),Cinematic Film / Video,சமயக்குரவர் பெருமக்கள் (திருமுறை),பன்னிரு திருமுறைகள் / தேவாரம் & திருவாசகம்,Discography ; Lord Shiva Songs ; Other Songs,https://www.youtube.com/watch?v=peEwj9A2blw,PT4M54S,2026-09-27T18:14:37Z
494,phlMcxN_Cfw,திருப்பாவை: பாசுரம் 2 - வையத்து வாழ்வீர் | Thiruppavai: Thiruppavai 2 [Film],திருப்பாவை,திருப்பாவை: பாசுரம் 2 - வையத்து வாழ்வீர்,Thiruppavai: Thiruppavai 2,Film,76,விஷ்ணு / கிருஷ்ணர் (Lord Vishnu & Krishna),Cinematic Film / Video,ஸ்ரீ ஆண்டாள் நாச்சியார்,நாலாயிர திவ்வியப் பிரபந்தம் (திருப்பாவை),Discography ; Lord Vishnu Songs,https://www.youtube.com/watch?v=phlMcxN_Cfw,PT3M48S,2026-03-13T03:23:53Z
495,pkbzO9Clp2w,பக்திப் பாடல்: சிவபுண்ணியத் தேற்றம் | Devotional: Sivapunniya Thetram [Film],பக்திப் பாடல்,பக்திப் பாடல்: சிவபுண்ணியத் தேற்றம்,Devotional: Sivapunniya Thetram,Film,76,சிவபெருமான் (Lord Shiva),Cinematic Film / Video,சமயக்குரவர் பெருமக்கள் (திருமுறை),பன்னிரு திருமுறைகள் / தேவாரம் & திருவாசகம்,Discography ; Lord Shiva Songs,https://www.youtube.com/watch?v=pkbzO9Clp2w,PT13M39S,2026-09-29T07:36:43Z
496,poRjt6i3SrU,பக்திப் பாடல்: திருவாசகம் - நடராஜர் பத்து | Devotional: Natarajar Pathu [Film],பக்திப் பாடல்,பக்திப் பாடல்: திருவாசகம் - நடராஜர் பத்து,Devotional: Natarajar Pathu,Film,78,சிவபெருமான் (Lord Shiva),Cinematic Film / Video,சமயக்குரவர் பெருமக்கள் (திருமுறை),பன்னிரு திருமுறைகள் / தேவாரம் & திருவாசகம்,Discography ; Lord Shiva Songs,https://www.youtube.com/watch?v=poRjt6i3SrU,PT35M5S,2026-09-29T07:21:21Z
497,pzW2LiiPSVo,தேவாரம்: பண்டாய நான்மறை | Thevaram: Pandaaya Naanmarai [Film],தேவாரம்,தேவாரம்: பண்டாய நான்மறை,Thevaram: Pandaaya Naanmarai,Film,61,சிவபெருமான் (Lord Shiva),Cinematic Film / Video,சமயக்குரவர் பெருமக்கள் (திருமுறை),பன்னிரு திருமுறைகள் / தேவாரம் & திருவாசகம்,Discography ; Lord Shiva Songs,https://www.youtube.com/watch?v=pzW2LiiPSVo,PT5M48S,2026-09-27T19:00:41Z
498,q2oGlYiV-qg,திருக்குறள்: அதிகாரம் 65 - சொல்வன்மை (Remix) | Thirukkural: Solvanmai [Remix],திருக்குறள்,திருக்குறள்: அதிகாரம் 65 - சொல்வன்மை (Remix),Thirukkural: Solvanmai,Remix,77,திருக்குறள் (Thirukkural),Audio Track (Master Composition),திருவள்ளுவர் (Thiruvalluvar),திருக்குறள் — அதிகாரம்: சொல்வன்மை,Discography ; திருக்குறள் | Thirukkural — Master Collection,https://www.youtube.com/watch?v=q2oGlYiV-qg,PT5M36S,2026-09-22T19:31:08Z
499,q6Rg5CUbOD0,திருக்குறள்: அதிகாரம் 65 - சொல்வன்மை | Thirukkural: Solvanmai [Film],திருக்குறள்,திருக்குறள்: அதிகாரம் 65 - சொல்வன்மை,Thirukkural: Solvanmai,Film,68,திருக்குறள் (Thirukkural),Cinematic Film / Video,திருவள்ளுவர் (Thiruvalluvar),திருக்குறள் — அதிகாரம்: சொல்வன்மை,திருக்குறள் | Thirukkural — Master Collection,https://www.youtube.com/watch?v=q6Rg5CUbOD0,PT5M39S,2026-09-28T14:23:31Z
500,qQqwD3gjenE,திருவாசகம்: திருப்புலம்பல் | Thiruvasagam: Thiruppulambal [Film],திருவாசகம்,திருவாசகம்: திருப்புலம்பல்,Thiruvasagam: Thiruppulambal,Film,64,சிவபெருமான் (Lord Shiva),Cinematic Film / Video,சமயக்குரவர் பெருமக்கள் (திருமுறை),பன்னிரு திருமுறைகள் / தேவாரம் & திருவாசகம்,Discography ; Lord Shiva Songs,https://www.youtube.com/watch?v=qQqwD3gjenE,PT3M44S,2026-02-09T06:37:55Z
501,qRZuTdyAghw,திருவருட்பா: நற்றுணை விளக்கம் 2026 | Thiruvarutpa: Devotional Hymn [Film],திருவருட்பா,திருவருட்பா: நற்றுணை விளக்கம் 2026,Thiruvarutpa: Devotional Hymn,Film,73,சிவபெருமான் (Lord Shiva),Cinematic Film / Video,சமயக்குரவர் பெருமக்கள் (திருமுறை),பன்னிரு திருமுறைகள் / தேவாரம் & திருவாசகம்,Discography ; Lord Shiva Songs,https://www.youtube.com/watch?v=qRZuTdyAghw,PT18M30S,2026-09-29T07:03:35Z
502,qRqkS1Kf8lA,கந்தர் அநுபூதி: உருவாய் அருவாய் | Kandhar Anuboothi: Original [Film],கந்தர் அநுபூதி,கந்தர் அநுபூதி: உருவாய் அருவாய்,Kandhar Anuboothi: Original,Film,68,முருகப் பெருமான் (Lord Murugar),Cinematic Film / Video,அருணகிரிநாதர் & சைவப் புலவர்கள்,கந்தர் அநுபூதி / திருப்புகழ்,Discography ; Lord Murugar Songs,https://www.youtube.com/watch?v=qRqkS1Kf8lA,PT3M55S,2026-09-02T08:49:42Z
503,qUsv2Gyk3d4,தேவாரம்: திருநீற்றுப் பதிகம் (மந்திரமாவது நீறு) | Thevaram: Thiruneetru Pathigam [Film],தேவாரம்,தேவாரம்: திருநீற்றுப் பதிகம் (மந்திரமாவது நீறு),Thevaram: Thiruneetru Pathigam,Film,87,சிவபெருமான் (Lord Shiva),Cinematic Film / Video,சமயக்குரவர் பெருமக்கள் (திருமுறை),பன்னிரு திருமுறைகள் / தேவாரம் & திருவாசகம்,Discography ; Lord Shiva Songs,https://www.youtube.com/watch?v=qUsv2Gyk3d4,PT4M49S,2026-09-10T05:50:46Z
504,qW6CZgELq1o,நாம சங்கீர்த்தனம்: இராம ராம ராம ஹரே | Nama Sankeerthanam: Rama Rama Rama Hare Hare [Film],நாம சங்கீர்த்தனம்,நாம சங்கீர்த்தனம்: இராம ராம ராம ஹரே,Nama Sankeerthanam: Rama Rama Rama Hare Hare,Film,89,விஷ்ணு / கிருஷ்ணர் (Lord Vishnu & Krishna),Cinematic Film / Video,வேத பாரம்பரியம்,ஸ்ரீமத் பாகவதம் & மகாபாரதம்,Discography ; Lord Vishnu Songs,https://www.youtube.com/watch?v=qW6CZgELq1o,PT2M50S,2026-09-27T10:31:58Z
505,qWSwrdJMbSg,பஜனை: இராம கிருஷ்ண துதி | Bhajan: Rama Krishna Thuthi [Film],பஜனை,பஜனை: இராம கிருஷ்ண துதி,Bhajan: Rama Krishna Thuthi,Film,60,விஷ்ணு / கிருஷ்ணர் (Lord Vishnu & Krishna),Cinematic Film / Video,வேத பாரம்பரியம்,ஸ்ரீமத் பாகவதம் & மகாபாரதம்,Discography ; Lord Krishnar Songs ; Lord Vishnu Songs,https://www.youtube.com/watch?v=qWSwrdJMbSg,PT8M26S,2026-08-28T06:54:29Z
506,qYVo1gCko5Q,திருவருட்பா: அருட்பெருஞ்சோதி அகவல் | Thiruvarutpa: Arutperunjothi Agaval I [Film],திருவருட்பா,திருவருட்பா: அருட்பெருஞ்சோதி அகவல்,Thiruvarutpa: Arutperunjothi Agaval I,Film,81,வள்ளலார் / சன்மார்க்கம் (Thiruvarutpa / Sanmargam),Cinematic Film / Video,வள்ளலார் இராமலிங்க அடிகளார்,திருவருட்பா (அருட்பெருஞ்சோதி அகவல்),Discography ; Other Songs,https://www.youtube.com/watch?v=qYVo1gCko5Q,PT4M50S,2026-09-27T21:21:18Z
507,qdaQ-ffeBso,திருப்பாவை: நமச்சிவாய வாழ்க! (Children) | Thiruppavai: Namasivaya Vaazhga [Film],திருப்பாவை,திருப்பாவை: நமச்சிவாய வாழ்க! (Children),Thiruppavai: Namasivaya Vaazhga,Film,80,சிவபெருமான் (Lord Shiva),Cinematic Film / Video,ஆழ்வார்கள் / நாலாயிர திவ்வியப் பிரபந்தம்,திருப்பாவை & நாலாயிர திவ்வியப் பிரபந்தம்,Lord Shiva Songs ; Lord Vishnu Songs,https://www.youtube.com/watch?v=qdaQ-ffeBso,PT13M12S,2026-09-29T07:22:39Z
508,qjxmrb4fmjA,தேவாரம்: திருவோத்தூர் பதிகம் (பூத்தேர்ந்து ஆயன) | Thevaram: Thiruvothur I [Film],தேவாரம்,தேவாரம்: திருவோத்தூர் பதிகம் (பூத்தேர்ந்து ஆயன),Thevaram: Thiruvothur I,Film,80,சிவபெருமான் (Lord Shiva),Cinematic Film / Video,சமயக்குரவர் பெருமக்கள் (திருமுறை),பன்னிரு திருமுறைகள் / தேவாரம் & திருவாசகம்,Discography ; Lord Shiva Songs,https://www.youtube.com/watch?v=qjxmrb4fmjA,PT7M44S,2026-06-19T01:39:58Z
509,qqpvlkv0mSY,தேவாரம்: திருவோத்தூர் பதிகம் (பூத்தேர்ந்து ஆயன) | Thevaram: Thiruvothur Pathigam [Audio],தேவாரம்,தேவாரம்: திருவோத்தூர் பதிகம் (பூத்தேர்ந்து ஆயன),Thevaram: Thiruvothur Pathigam,Audio,88,சிவபெருமான் (Lord Shiva),Audio Track (Master Composition),சமயக்குரவர் பெருமக்கள் (திருமுறை),பன்னிரு திருமுறைகள் / தேவாரம் & திருவாசகம்,Discography ; Lord Shiva Songs,https://www.youtube.com/watch?v=qqpvlkv0mSY,PT8M52S,2026-08-12T01:12:01Z
510,qr5jAhLRLUE,கந்தர் அநுபூதி: உருவாய் அருவாய் | Kandhar Anuboothi: Uruvaai Aruvaai [Film],கந்தர் அநுபூதி,கந்தர் அநுபூதி: உருவாய் அருவாய்,Kandhar Anuboothi: Uruvaai Aruvaai,Film,75,முருகப் பெருமான் (Lord Murugar),Cinematic Film / Video,அருணகிரிநாதர் & சைவப் புலவர்கள்,கந்தர் அநுபூதி / திருப்புகழ்,Discography ; Lord Murugar Songs,https://www.youtube.com/watch?v=qr5jAhLRLUE,PT6M47S,2026-09-18T11:30:09Z
511,r16aFXrl-Ig,பக்திப் பாடல்: பிடியதன் உருவுமை | Devotional: Pidiyathan Uruvumai [Film],பக்திப் பாடல்,பக்திப் பாடல்: பிடியதன் உருவுமை,Devotional: Pidiyathan Uruvumai,Film,72,சிவபெருமான் (Lord Shiva),Cinematic Film / Video,சமயக்குரவர் பெருமக்கள் (திருமுறை),பன்னிரு திருமுறைகள் / தேவாரம் & திருவாசகம்,Discography ; Lord Shiva Songs,https://www.youtube.com/watch?v=r16aFXrl-Ig,PT9M50S,2026-09-29T07:14:26Z
512,r2ulXHQihY0,திருவருட்பா: நெஞ்சறிவுறுத்தல் - ஒன்றாய்ப் பலவாய் | Thiruvarutpa: Nenjari Vuruthal [Film],திருவருட்பா,திருவருட்பா: நெஞ்சறிவுறுத்தல் - ஒன்றாய்ப் பலவாய்,Thiruvarutpa: Nenjari Vuruthal,Film,88,மரபு & கலாச்சாரம் (Cultural & Heritage),Cinematic Film / Video,வள்ளலார் இராமலிங்க அடிகளார் / மகாகவி பாரதியார்,திருவருட்பா / தேசிய ஆன்மீகப் பனுவல்,Discography ; Other Songs,https://www.youtube.com/watch?v=r2ulXHQihY0,PT18M24S,2026-09-02T05:17:38Z
513,r3APrd3opOs,திருவாசகம்: திருவெம்பாவை (ஆதியும் அந்தமும்) | Thiruvasagam: Thiruvempavai [Film],திருவாசகம்,திருவாசகம்: திருவெம்பாவை (ஆதியும் அந்தமும்),Thiruvasagam: Thiruvempavai,Film,80,சிவபெருமான் (Lord Shiva),Cinematic Film / Video,சமயக்குரவர் பெருமக்கள் (திருமுறை),பன்னிரு திருமுறைகள் / தேவாரம் & திருவாசகம்,Discography ; Lord Shiva Songs,https://www.youtube.com/watch?v=r3APrd3opOs,PT4M3S,2026-03-13T03:23:53Z
514,r55zzDkNtF4,திருவருட்பா: அன்பே சரணம் அருளே சரணம் | Thiruvarutpa: Anbe Saranam Arule Saranam [Film],திருவருட்பா,திருவருட்பா: அன்பே சரணம் அருளே சரணம்,Thiruvarutpa: Anbe Saranam Arule Saranam,Film,86,மரபு & கலாச்சாரம் (Cultural & Heritage),Cinematic Film / Video,வள்ளலார் இராமலிங்க அடிகளார்,திருவருட்பா (சன்மார்க்கக் கானம்),Discography ; Other Songs,https://www.youtube.com/watch?v=r55zzDkNtF4,PT8M9S,2026-09-27T18:00:51Z
515,r75xdfETSbE,திருக்குறள்: அதிகாரம் 42 - கேள்வி (Remix) | Thirukkural: Kelvi Selvam [Remix],திருக்குறள்,திருக்குறள்: அதிகாரம் 42 - கேள்வி (Remix),Thirukkural: Kelvi Selvam,Remix,77,திருக்குறள் (Thirukkural),Audio Track (Master Composition),திருவள்ளுவர் (Thiruvalluvar),திருக்குறள்,,https://www.youtube.com/watch?v=r75xdfETSbE,PT4M13S,2026-09-18T20:13:18Z
516,rBeSH7tNEzA,திருக்குறள்: அதிகாரம் 33 - கொல்லாமை | Thirukkural: Kollaamai [Film],திருக்குறள்,திருக்குறள்: அதிகாரம் 33 - கொல்லாமை,Thirukkural: Kollaamai,Film,67,திருக்குறள் (Thirukkural),Cinematic Film / Video,திருவள்ளுவர் (Thiruvalluvar),திருக்குறள் — அதிகாரம்: கொல்லாமை,Discography ; திருக்குறள் | Thirukkural — Master Collection,https://www.youtube.com/watch?v=rBeSH7tNEzA,PT4M38S,2026-09-15T14:28:47Z
517,rOowxP53oWA,திருக்குறள்: அதிகாரம் 65 - சொல்வன்மை (Remix) | Thirukkural: Solvanmai [Remix],திருக்குறள்,திருக்குறள்: அதிகாரம் 65 - சொல்வன்மை (Remix),Thirukkural: Solvanmai,Remix,77,திருக்குறள் (Thirukkural),Cinematic Film / Video,திருவள்ளுவர் (Thiruvalluvar),திருக்குறள் — அதிகாரம்: சொல்வன்மை,Discography ; திருக்குறள் | Thirukkural — Master Collection,https://www.youtube.com/watch?v=rOowxP53oWA,PT5M36S,2026-09-28T18:06:38Z
518,rRoJfeRQiaM,பக்திப் பாடல்: பன்னிரு திருமுறை: திருவையாறு சாரம் | Panniru Thirumurai: Kaveri Pilgrimag [Film],பக்திப் பாடல்,பக்திப் பாடல்: பன்னிரு திருமுறை: திருவையாறு சாரம்,Panniru Thirumurai: Kaveri Pilgrimag,Film,95,சிவபெருமான் (Lord Shiva),Cinematic Film / Video,சமயக்குரவர் பெருமக்கள் (திருமுறை),பன்னிரு திருமுறைகள் / தேவாரம் & திருவாசகம்,Discography ; Lord Shiva Songs,https://www.youtube.com/watch?v=rRoJfeRQiaM,PT5M47S,2026-09-27T10:18:55Z
519,rYUfISYky0g,சரஸ்வதி போற்றி: 108 போற்றி | Saraswathi Stotram: Gayathri Mantra [Film],சரஸ்வதி போற்றி,சரஸ்வதி போற்றி: 108 போற்றி,Saraswathi Stotram: Gayathri Mantra,Film,71,அம்மன் / சக்தி (Goddess Amman),Cinematic Film / Video,வேத பாரம்பரியம்,ஸ்ரீ சரஸ்வதி அஷ்டோத்தர சத நாமாவளி,Discography ; Goddess Amman Songs,https://www.youtube.com/watch?v=rYUfISYky0g,PT21M8S,2026-09-27T16:31:52Z
520,rZvXZu39OHc,மகா மந்திரம்: ஹரே கிருஷ்ணா ஹரே ராமா | Maha Mantra: Hare Krishna Hare Rama [Film],மகா மந்திரம்,மகா மந்திரம்: ஹரே கிருஷ்ணா ஹரே ராமா,Maha Mantra: Hare Krishna Hare Rama,Film,80,விஷ்ணு / கிருஷ்ணர் (Lord Vishnu & Krishna),Cinematic Film / Video,வேத பாரம்பரியம்,ஸ்ரீமத் பாகவதம் & மகாபாரதம்,Discography ; Lord Krishnar Songs,https://www.youtube.com/watch?v=rZvXZu39OHc,PT4M32S,2026-09-10T05:50:06Z
521,rm7aFPyapA0,திருக்குறள்: அதிகாரம் 25 - அருளுடைமை (Original) | Thirukkural: Aruludaimai [Audio],திருக்குறள்,திருக்குறள்: அதிகாரம் 25 - அருளுடைமை (Original),Thirukkural: Aruludaimai,Audio,82,திருக்குறள் (Thirukkural),Audio Track (Master Composition),திருவள்ளுவர் (Thiruvalluvar),திருக்குறள் — அதிகாரம்: அருளுடைமை,Discography ; திருக்குறள் | Thirukkural — Master Collection,https://www.youtube.com/watch?v=rm7aFPyapA0,N/A,2026
522,rq7PXPBI7SA,திருக்குறள்: அதிகாரம் 35 - துறவு (Symphony) | Thirukkural: Thuravu [Audio],திருக்குறள்,திருக்குறள்: அதிகாரம் 35 - துறவு (Symphony),Thirukkural: Thuravu,Audio,74,திருக்குறள் (Thirukkural),Audio Track (Master Composition),திருவள்ளுவர் (Thiruvalluvar),திருக்குறள் — அதிகாரம்: துறவு,Discography ; திருக்குறள் | Thirukkural — Master Collection,https://www.youtube.com/watch?v=rq7PXPBI7SA,PT4M12S,2026-09-18T00:57:24Z
523,rr1zamJEIdg,தேவாரம்: பண்டாய நான்மறை | Thevaram: Pandaaya Naanmarai [Film],தேவாரம்,தேவாரம்: பண்டாய நான்மறை,Thevaram: Pandaaya Naanmarai,Film,61,சிவபெருமான் (Lord Shiva),Cinematic Film / Video,சமயக்குரவர் பெருமக்கள் (திருமுறை),பன்னிரு திருமுறைகள் / தேவாரம் & திருவாசகம்,Discography ; Lord Shiva Songs,https://www.youtube.com/watch?v=rr1zamJEIdg,PT5M48S,2026-02-11T05:38:11Z
524,s42Po5EpzyI,திருப்பாவை: நமோ நாராயணம் (தசாவதாரம்) | Thiruppavai: Namo Narayanam [Film],திருப்பாவை,திருப்பாவை: நமோ நாராயணம் (தசாவதாரம்),Thiruppavai: Namo Narayanam,Film,73,விஷ்ணு / கிருஷ்ணர் (Lord Vishnu & Krishna),Cinematic Film / Video,ஆழ்வார்கள் / நாலாயிர திவ்வியப் பிரபந்தம்,திருப்பாவை & நாலாயிர திவ்வியப் பிரபந்தம்,Discography ; Lord Vishnu Songs,https://www.youtube.com/watch?v=s42Po5EpzyI,PT7M35S,2026-09-27T06:28:25Z
525,s7idxr-uVfQ,திருவருட்பா: திருவருண் முறையீடு | Thiruvarutpa: Thiruvarun Muraiyidu [Film],திருவருட்பா,திருவருட்பா: திருவருண் முறையீடு,Thiruvarutpa: Thiruvarun Muraiyidu,Film,75,வள்ளலார் / சன்மார்க்கம் (Thiruvarutpa / Sanmargam),Cinematic Film / Video,வள்ளலார் இராமலிங்க அடிகளார் / மகாகவி பாரதியார்,திருவருட்பா / தேசிய ஆன்மீகப் பனுவல்,Discography ; Other Songs,https://www.youtube.com/watch?v=s7idxr-uVfQ,PT9M14S,2026-09-27T19:32:35Z
526,sAgX9WX86Rw,திருக்குறள்: அதிகாரம் 80 - நட்பாராய்தல் | Thirukkural: Natpaaraaythal [Film],திருக்குறள்,திருக்குறள்: அதிகாரம் 80 - நட்பாராய்தல்,Thirukkural: Natpaaraaythal,Film,76,திருக்குறள் (Thirukkural),Cinematic Film / Video,திருவள்ளுவர் (Thiruvalluvar),திருக்குறள் — அதிகாரம்: நட்பாராய்தல்,Discography ; திருக்குறள் | Thirukkural — Master Collection,https://www.youtube.com/watch?v=sAgX9WX86Rw,PT4M48S,2026-09-28T17:17:46Z
527,sHSkPTQRtH8,திருவருட்பா: வான் முகில் வழாது பெய்க | Thiruvarutpa: Vaan Mugil [Film],திருவருட்பா,திருவருட்பா: வான் முகில் வழாது பெய்க,Thiruvarutpa: Vaan Mugil,Film,70,மரபு & கலாச்சாரம் (Cultural & Heritage),Cinematic Film / Video,வள்ளலார் இராமலிங்க அடிகளார் / மகாகவி பாரதியார்,திருவருட்பா / தேசிய ஆன்மீகப் பனுவல்,Discography ; Other Songs,https://www.youtube.com/watch?v=sHSkPTQRtH8,PT1M59S,2026-09-08T07:04:29Z
528,sScywbUNArA,திருக்குறள்: அதிகாரம் 55 - செங்கோன்மை (Original) | Thirukkural: Sengonmai [Audio],திருக்குறள்,திருக்குறள்: அதிகாரம் 55 - செங்கோன்மை (Original),Thirukkural: Sengonmai,Audio,81,திருக்குறள் (Thirukkural),Audio Track (Master Composition),திருவள்ளுவர் (Thiruvalluvar),திருக்குறள் — அதிகாரம்: செங்கோன்மை,Discography ; திருக்குறள் | Thirukkural — Master Collection,https://www.youtube.com/watch?v=sScywbUNArA,PT4M57S,2026-09-21T02:45:06Z
529,sTSKhkPNI64,திருவருட்பா: வாழ்வது தமிழ் ஆகட்டும் | Thiruvarutpa: Vaazvathu Thamiz Aagattum [Film],திருவருட்பா,திருவருட்பா: வாழ்வது தமிழ் ஆகட்டும்,Thiruvarutpa: Vaazvathu Thamiz Aagattum,Film,84,மரபு & கலாச்சாரம் (Cultural & Heritage),Cinematic Film / Video,வள்ளலார் இராமலிங்க அடிகளார் / மகாகவி பாரதியார்,திருவருட்பா / தேசிய ஆன்மீகப் பனுவல்,Discography ; Other Songs,https://www.youtube.com/watch?v=sTSKhkPNI64,PT4M50S,2026-01-13T19:39:13Z
530,sa5f7NcYuRQ,திருக்குறள்: அதிகாரம் 27 - தவம் | Thirukkural: Thavam [Film],திருக்குறள்,திருக்குறள்: அதிகாரம் 27 - தவம்,Thirukkural: Thavam,Film,60,திருக்குறள் (Thirukkural),Cinematic Film / Video,திருவள்ளுவர் (Thiruvalluvar),திருக்குறள் — அதிகாரம் 27: தவம்,Discography ; திருக்குறள் | Thirukkural — Master Collection,https://www.youtube.com/watch?v=sa5f7NcYuRQ,N/A,2026
531,scUcWDtCge8,திருக்குறள்: அதிகாரம் 38 - ஊழ் | Thirukkural: Oozh Vinai [Film],திருக்குறள்,திருக்குறள்: அதிகாரம் 38 - ஊழ்,Thirukkural: Oozh Vinai,Film,63,திருக்குறள் (Thirukkural),Cinematic Film / Video,திருவள்ளுவர் (Thiruvalluvar),திருக்குறள் — அதிகாரம்: ஊழ்,Discography ; திருக்குறள் | Thirukkural — Master Collection,https://www.youtube.com/watch?v=scUcWDtCge8,PT3M55S,2026-09-13T05:17:06Z
532,ssOkftpUcLE,திருவருட்பா: சிவ சுப்ரமணியர் திருவிருத்தம் | Siva Subramaniyar Thiruvirutham [Film],திருவருட்பா,திருவருட்பா: சிவ சுப்ரமணியர் திருவிருத்தம்,Siva Subramaniyar Thiruvirutham,Film,83,சிவபெருமான் (Lord Shiva),Cinematic Film / Video,வேத பாரம்பரியம்,ஸ்ரீமத் பாகவதம் & மகாபாரதம்,Discography ; Lord Murugar Songs,https://www.youtube.com/watch?v=ssOkftpUcLE,PT11M12S,2026-09-10T05:53:47Z
533,t9Ke0-KMTyM,திருக்குறள்: அதிகாரம் 73 - அவையஞ்சாமை (Symphony) | Thirukkural: Avai Anjaamai [Audio],திருக்குறள்,திருக்குறள்: அதிகாரம் 73 - அவையஞ்சாமை (Symphony),Thirukkural: Avai Anjaamai,Audio,85,திருக்குறள் (Thirukkural),Audio Track (Master Composition),திருவள்ளுவர் (Thiruvalluvar),திருக்குறள் உலகப் பொதுமறை,Discography ; திருக்குறள் | Thirukkural — Master Collection,https://www.youtube.com/watch?v=t9Ke0-KMTyM,PT3M42S,2026-09-24T08:20:16Z
534,tAlN-7BPL7k,திருவருட்பா: சொற்பெரு மெய்ஞ்ஞான | Thiruvarutpa: Sorpperu Meygnana [Film],திருவருட்பா,திருவருட்பா: சொற்பெரு மெய்ஞ்ஞான,Thiruvarutpa: Sorpperu Meygnana,Film,72,மரபு & கலாச்சாரம் (Cultural & Heritage),Cinematic Film / Video,வள்ளலார் இராமலிங்க அடிகளார் / மகாகவி பாரதியார்,திருவருட்பா / தேசிய ஆன்மீகப் பனுவல்,Discography ; Other Songs,https://www.youtube.com/watch?v=tAlN-7BPL7k,PT4M42S,2026-07-12T04:54:02Z
535,tCxe5Q1ogPc,கந்த சஷ்டி கவசம்: முழு கவசம் | Kandha Sashti Kavasam: Kandha Sashti Kavasam [Film],கந்த சஷ்டி கவசம்,கந்த சஷ்டி கவசம்: முழு கவசம்,Kandha Sashti Kavasam: Kandha Sashti Kavasam,Film,82,முருகப் பெருமான் (Lord Murugar),Cinematic Film / Video,பாலதேவராய சுவாமிகள்,கந்த சஷ்டி கவசம்,Discography ; Lord Murugar Songs,https://www.youtube.com/watch?v=tCxe5Q1ogPc,PT31M2S,2026-01-16T05:15:06Z
536,tLt9J-X9WOE,திருக்குறள்: அதிகாரம் 51 - தெரிந்து தெளிதல் (Remix) | Thirukkural: Therinthu Thelithal [Remix],திருக்குறள்,திருக்குறள்: அதிகாரம் 51 - தெரிந்து தெளிதல் (Remix),Thirukkural: Therinthu Thelithal,Remix,94,திருக்குறள் (Thirukkural),Audio Track (Master Composition),திருவள்ளுவர் (Thiruvalluvar),திருக்குறள் — அதிகாரம்: தெரிந்து தெளிதல்,Discography ; திருக்குறள் | Thirukkural — Master Collection,https://www.youtube.com/watch?v=tLt9J-X9WOE,PT5M50S,2026-09-20T20:28:23Z
537,tMnJYH0SR9c,திருவருட்பா: இந்திய தேசிய கீதம் 2026 | Thiruvarutpa: Indian National Anthem [Film],திருவருட்பா,திருவருட்பா: இந்திய தேசிய கீதம் 2026,Thiruvarutpa: Indian National Anthem,Film,82,மரபு & கலாச்சாரம் (Cultural & Heritage),Cinematic Film / Video,வள்ளலார் இராமலிங்க அடிகளார் / மகாகவி பாரதியார்,திருவருட்பா / தேசிய ஆன்மீகப் பனுவல்,Discography ; Other Songs,https://www.youtube.com/watch?v=tMnJYH0SR9c,PT3M52S,2026-09-27T19:19:41Z
538,tTQIGe4LJK4,பக்திப் பாடல்: சிவநேச வெண்பா | Devotional: Sivanesa Venba [Film],பக்திப் பாடல்,பக்திப் பாடல்: சிவநேச வெண்பா,Devotional: Sivanesa Venba,Film,64,சிவபெருமான் (Lord Shiva),Cinematic Film / Video,சமயக்குரவர் பெருமக்கள் (திருமுறை),பன்னிரு திருமுறைகள் / தேவாரம் & திருவாசகம்,Discography ; Lord Shiva Songs,https://www.youtube.com/watch?v=tTQIGe4LJK4,PT7M5S,2026-09-27T17:28:50Z
539,tW9-r0H5rx8,பக்திப் பாடல்: திருப்படை ஆட்சி | Devotional: hiphop [Film],பக்திப் பாடல்,பக்திப் பாடல்: திருப்படை ஆட்சி,Devotional: hiphop,Film,58,சிவபெருமான் (Lord Shiva),Cinematic Film / Video,சமயக்குரவர் பெருமக்கள் (திருமுறை),பன்னிரு திருமுறைகள் / தேவாரம் & திருவாசகம்,Discography ; Lord Shiva Songs,https://www.youtube.com/watch?v=tW9-r0H5rx8,PT4M39S,2026-03-14T20:31:29Z
540,tX4JtRSOuxE,திருக்குறள்: அதிகாரம் 2 - வான் சிறப்பு | Thirukkural: Vaan Sirappu [Film],திருக்குறள்,திருக்குறள்: அதிகாரம் 2 - வான் சிறப்பு,Thirukkural: Vaan Sirappu,Film,73,திருக்குறள் (Thirukkural),Cinematic Film / Video,திருவள்ளுவர் (Thiruvalluvar),திருக்குறள் — அதிகாரம்: வான் சிறப்பு,Discography ; Other Songs ; திருக்குறள் | Thirukkural — Master Collection,https://www.youtube.com/watch?v=tX4JtRSOuxE,PT5M13S,2026-01-13T19:39:13Z
541,tj_5hsasdyU,திருக்குறள்: அதிகாரம் 59 - ஒற்றாடல் (Remix) | Thirukkural: Ottraadal [Remix],திருக்குறள்,திருக்குறள்: அதிகாரம் 59 - ஒற்றாடல் (Remix),Thirukkural: Ottraadal,Remix,76,திருக்குறள் (Thirukkural),Audio Track (Master Composition),திருவள்ளுவர் (Thiruvalluvar),திருக்குறள் — அதிகாரம்: ஒற்றாடல்,Discography ; திருக்குறள் | Thirukkural — Master Collection,https://www.youtube.com/watch?v=tj_5hsasdyU,PT5M40S,2026-09-21T23:01:58Z
542,toekDfqrzdI,தேவாரம்: திருநீற்றுப் பதிகம் (மந்திரமாவது நீறு) | Mandhiram Aavadhu Neeru — Alternate Re [Film],தேவாரம்,தேவாரம்: திருநீற்றுப் பதிகம் (மந்திரமாவது நீறு),Mandhiram Aavadhu Neeru — Alternate Re,Film,95,சிவபெருமான் (Lord Shiva),Cinematic Film / Video,திருஞானசம்பந்த மூர்த்தி நாயனார்,தேவாரம் (திருநீற்றுப் பதிகம்),Discography ; Lord Shiva Songs,https://www.youtube.com/watch?v=toekDfqrzdI,PT4M33S,2026-09-29T07:26:52Z
543,tqF2NBWp6_8,திருக்குறள்: அதிகாரம் 56 - கொடுங்கோன்மை (Original) | Thirukkural: Kodungonmai [Audio],திருக்குறள்,திருக்குறள்: அதிகாரம் 56 - கொடுங்கோன்மை (Original),Thirukkural: Kodungonmai,Audio,85,திருக்குறள் (Thirukkural),Audio Track (Master Composition),திருவள்ளுவர் (Thiruvalluvar),திருக்குறள் — அதிகாரம்: கொடுங்கோன்மை,Discography ; திருக்குறள் | Thirukkural — Master Collection,https://www.youtube.com/watch?v=tqF2NBWp6_8,PT4M36S,2026-09-21T10:35:15Z
544,tzAYLpH3TkI,திருக்குறள்: அதிகாரம் 29 - கள்ளாமை (Symphony) | Thirukkural: Kallaamai Symphony [Film],திருக்குறள்,திருக்குறள்: அதிகாரம் 29 - கள்ளாமை (Symphony),Thirukkural: Kallaamai Symphony,Film,86,திருக்குறள் (Thirukkural),Cinematic Film / Video,திருவள்ளுவர் (Thiruvalluvar),திருக்குறள் — அதிகாரம்: கள்ளாமை,Discography ; திருக்குறள் | Thirukkural — Master Collection,https://www.youtube.com/watch?v=tzAYLpH3TkI,PT4M59S,2026-09-28T15:51:11Z
545,u41L3XgIgGc,பக்திப் பாடல்: சிவ புராணம் 2026 | Devotional: Shiva Puranam (Thiruvasagam) [Audio],பக்திப் பாடல்,பக்திப் பாடல்: சிவ புராணம் 2026,Devotional: Shiva Puranam (Thiruvasagam),Audio,82,சிவபெருமான் (Lord Shiva),Audio Track (Master Composition),மாணிக்கவாசகப் பெருமான்,திருவாசகம் (எட்டாம் திருமுறை),Discography ; Lord Shiva Songs,https://www.youtube.com/watch?v=u41L3XgIgGc,PT22M32S,2026-01-25T06:35:33Z
546,u9NeXaCHu-A,திருக்குறள்: அதிகாரம் 70 - மன்னரைச் சேர்ந்தொழுதல் (Original) | Mannarai Sernthozhuthal [Audio],திருக்குறள்,திருக்குறள்: அதிகாரம் 70 - மன்னரைச் சேர்ந்தொழுதல் (Original),Mannarai Sernthozhuthal,Audio,94,திருக்குறள் (Thirukkural),Audio Track (Master Composition),திருவள்ளுவர் (Thiruvalluvar),திருக்குறள் — அதிகாரம்: மன்னரைச் சேர்ந்தொழுதல்,Discography ; திருக்குறள் | Thirukkural — Master Collection,https://www.youtube.com/watch?v=u9NeXaCHu-A,PT4M26S,2026-09-23T18:57:38Z
547,uGdn0wzpH6c,திருவருட்பா: ஆஞ்சநேயர் துதி | Thiruvarutpa: Anjaneyar Thuthi [Film],திருவருட்பா,திருவருட்பா: ஆஞ்சநேயர் துதி,Thiruvarutpa: Anjaneyar Thuthi,Film,67,மரபு & கலாச்சாரம் (Cultural & Heritage),Cinematic Film / Video,வள்ளலார் இராமலிங்க அடிகளார் / மகாகவி பாரதியார்,திருவருட்பா / தேசிய ஆன்மீகப் பனுவல்,Discography ; Other Songs,https://www.youtube.com/watch?v=uGdn0wzpH6c,PT3M10S,2026-09-27T16:57:48Z
548,uMK4LISQFE4,திருவருட்பா: திருமுல்லைவாயில் II | Thiruvarutpa: Thirumullaivayil II [Audio],திருவருட்பா,திருவருட்பா: திருமுல்லைவாயில் II,Thiruvarutpa: Thirumullaivayil II,Audio,76,சிவபெருமான் (Lord Shiva),Audio Track (Master Composition),சமயக்குரவர் பெருமக்கள் (திருமுறை),பன்னிரு திருமுறைகள் / தேவாரம் & திருவாசகம்,Discography ; Lord Shiva Songs,https://www.youtube.com/watch?v=uMK4LISQFE4,PT4M21S,2026-07-23T05:04:46Z
549,uSHc6kdU_mY,திருவாசகம்: போற்றித் திருஅகவல் | Thiruvasagam: Devotional Hymn [Film],திருவாசகம்,திருவாசகம்: போற்றித் திருஅகவல்,Thiruvasagam: Devotional Hymn,Film,69,சிவபெருமான் (Lord Shiva),Cinematic Film / Video,சமயக்குரவர் பெருமக்கள் (திருமுறை),பன்னிரு திருமுறைகள் / தேவாரம் & திருவாசகம்,Discography ; Lord Shiva Songs,https://www.youtube.com/watch?v=uSHc6kdU_mY,PT12M58S,2026-09-27T20:10:13Z
550,uadGicFNeqo,திருக்குறள்: அதிகாரம் 40 - கல்வி (Original) | Thirukkural: Kalvi [Audio],திருக்குறள்,திருக்குறள்: அதிகாரம் 40 - கல்வி (Original),Thirukkural: Kalvi,Audio,72,திருக்குறள் (Thirukkural),Audio Track (Master Composition),திருவள்ளுவர் (Thiruvalluvar),திருக்குறள் — அதிகாரம்: கல்வி,Discography ; திருக்குறள் | Thirukkural — Master Collection,https://www.youtube.com/watch?v=uadGicFNeqo,N/A,2026
551,ulW6fg4lkYA,திருக்குறள்: அதிகாரம் 63 - இடுக்கண் அழியாமை (Remix) | Thirukkural: Idukkan Azhiyaamai [Remix],திருக்குறள்,திருக்குறள்: அதிகாரம் 63 - இடுக்கண் அழியாமை (Remix),Thirukkural: Idukkan Azhiyaamai,Remix,93,திருக்குறள் (Thirukkural),Audio Track (Master Composition),திருவள்ளுவர் (Thiruvalluvar),திருக்குறள் — அதிகாரம்: இடுக்கண் அழியாமை,Discography ; திருக்குறள் | Thirukkural — Master Collection,https://www.youtube.com/watch?v=ulW6fg4lkYA,PT5M30S,2026-09-22T12:28:55Z
552,um09tyT-2p0,திருக்குறள்: அதிகாரம் 62 - ஆள்வினையுடைமை (Original) | Thirukkural: Aalvinaiyudaimai [Audio],திருக்குறள்,திருக்குறள்: அதிகாரம் 62 - ஆள்வினையுடைமை (Original),Thirukkural: Aalvinaiyudaimai,Audio,91,திருக்குறள் (Thirukkural),Audio Track (Master Composition),திருவள்ளுவர் (Thiruvalluvar),திருக்குறள் — அதிகாரம்: ஆள்வினையுடைமை,Discography ; திருக்குறள் | Thirukkural — Master Collection,https://www.youtube.com/watch?v=um09tyT-2p0,PT4M49S,2026-09-22T01:05:36Z
553,umo1jodWzXY,தேவாரம்: திருவோத்தூர் பதிகம் (பூத்தேர்ந்து ஆயன V) | Thevaram: Thiruvothur V [Film],தேவாரம்,தேவாரம்: திருவோத்தூர் பதிகம் (பூத்தேர்ந்து ஆயன V),Thevaram: Thiruvothur V,Film,82,சிவபெருமான் (Lord Shiva),Cinematic Film / Video,சமயக்குரவர் பெருமக்கள் (திருமுறை),பன்னிரு திருமுறைகள் / தேவாரம் & திருவாசகம்,Lord Shiva Songs,https://www.youtube.com/watch?v=umo1jodWzXY,PT5M43S,2026-09-29T07:20:24Z
554,vFbw9hX0wO4,விநாயகர் துதி: கண நாதா ஓம் (Symphony) | Vinayagar Thuthi: Gana Natha Om [Film],விநாயகர் துதி,விநாயகர் துதி: கண நாதா ஓம் (Symphony),Vinayagar Thuthi: Gana Natha Om,Film,78,முருகப் பெருமான் (Lord Murugar),Cinematic Film / Video,பாரம்பரிய விநாயகர் துதி,விநாயகர் நாம சங்கீர்த்தனம்,Discography ; Lord Vinayagar Songs,https://www.youtube.com/watch?v=vFbw9hX0wO4,PT3M48S,2026-09-14T23:11:44Z
555,vZyHNMkm8xU,பக்திப் பாடல்: திருவாசகம் - தென் நாடுடைய சிவனே போற்றி (Female) | Thennadudaiya Sivaney [Audio],பக்திப் பாடல்,பக்திப் பாடல்: திருவாசகம் - தென் நாடுடைய சிவனே போற்றி (Female),Thennadudaiya Sivaney,Audio,94,சிவபெருமான் (Lord Shiva),Audio Track (Master Composition),சமயக்குரவர் பெருமக்கள் (திருமுறை),பன்னிரு திருமுறைகள் / தேவாரம் & திருவாசகம்,Discography ; Lord Shiva Songs,https://www.youtube.com/watch?v=vZyHNMkm8xU,PT3M25S,2026-08-16T00:05:49Z
556,v_Q_vKG_nHo,திருவருட்பா: உள்ளம் ஒரு கோவில் (II) 2026 | Thiruvarutpa: Ullam Oru Kovil II [Film],திருவருட்பா,திருவருட்பா: உள்ளம் ஒரு கோவில் (II) 2026,Thiruvarutpa: Ullam Oru Kovil II,Film,82,மரபு & கலாச்சாரம் (Cultural & Heritage),Cinematic Film / Video,வள்ளலார் இராமலிங்க அடிகளார் / மகாகவி பாரதியார்,திருவருட்பா / தேசிய ஆன்மீகப் பனுவல்,Discography ; Other Songs,https://www.youtube.com/watch?v=v_Q_vKG_nHo,PT5M27S,2026-09-27T18:23:57Z
557,v_dsHTOvKP8,திருக்குறள்: அதிகாரம் 5 - இல்வாழ்க்கை | Thirukkural: Ilvaazhkkai [Film],திருக்குறள்,திருக்குறள்: அதிகாரம் 5 - இல்வாழ்க்கை,Thirukkural: Ilvaazhkkai,Film,71,திருக்குறள் (Thirukkural),Cinematic Film / Video,திருவள்ளுவர் (Thiruvalluvar),திருக்குறள்,,https://www.youtube.com/watch?v=v_dsHTOvKP8,PT4M18S,2026-09-08T10:36:27Z
558,vaXLG5kUGVc,அபிராமி அந்தாதி: தனந்தரும் கல்விதரும் | Abhirami Andhadhi: Annai Renukambal [Film],அபிராமி அந்தாதி,அபிராமி அந்தாதி: தனந்தரும் கல்விதரும்,Abhirami Andhadhi: Annai Renukambal,Film,82,அம்மன் / சக்தி (Goddess Amman),Cinematic Film / Video,அபிராமி பட்டர் / தேவி உபாசகர்கள்,அபிராமி அந்தாதி / லலிதா போற்றி,Discography ; Goddess Amman Songs,https://www.youtube.com/watch?v=vaXLG5kUGVc,PT3M10S,2026-09-27T06:45:56Z
559,vbMywONB5Wc,திருக்குறள்: அதிகாரம் 42 - கேள்வி (Remix) | Thirukkural: Kelvi Selvam [Remix],திருக்குறள்,திருக்குறள்: அதிகாரம் 42 - கேள்வி (Remix),Thirukkural: Kelvi Selvam,Remix,77,திருக்குறள் (Thirukkural),Cinematic Film / Video,திருவள்ளுவர் (Thiruvalluvar),திருக்குறள்,,https://www.youtube.com/watch?v=vbMywONB5Wc,PT4M13S,2026-09-28T16:04:17Z
560,vgB45NTmvK8,திருவாசகம்: திருப்புலம்பல் | Thiruvasagam: Storm to Dawn [Film],திருவாசகம்,திருவாசகம்: திருப்புலம்பல்,Thiruvasagam: Storm to Dawn,Film,63,சிவபெருமான் (Lord Shiva),Cinematic Film / Video,சமயக்குரவர் பெருமக்கள் (திருமுறை),பன்னிரு திருமுறைகள் / தேவாரம் & திருவாசகம்,Discography ; Lord Shiva Songs,https://www.youtube.com/watch?v=vgB45NTmvK8,PT3M44S,2026-09-27T06:53:49Z
561,w0lNqTk3QCU,அபிராமி அந்தாதி: தனந்தரும் கல்விதரும் | Abhirami Andhadhi: Abhirami Andhathi Thuthi [Film],அபிராமி அந்தாதி,அபிராமி அந்தாதி: தனந்தரும் கல்விதரும்,Abhirami Andhadhi: Abhirami Andhathi Thuthi,Film,90,விஷ்ணு / கிருஷ்ணர் (Lord Vishnu & Krishna),Cinematic Film / Video,அபிராமி பட்டர்,அபிராமி அந்தாதி,Discography ; Goddess Amman Songs,https://www.youtube.com/watch?v=w0lNqTk3QCU,PT4M15S,2026-02-14T13:24:56Z
562,wC45ZWg05eo,திருவாசகம்: வேண்டுமே இத்தனையும் (திருவெம்பாவை) | Thiruvasagam: Vendumey Iththanaiyum [Film],திருவாசகம்,திருவாசகம்: வேண்டுமே இத்தனையும் (திருவெம்பாவை),Thiruvasagam: Vendumey Iththanaiyum,Film,91,சிவபெருமான் (Lord Shiva),Cinematic Film / Video,சமயக்குரவர் பெருமக்கள் (திருமுறை),பன்னிரு திருமுறைகள் / தேவாரம் & திருவாசகம்,Discography ; Lord Shiva Songs,https://www.youtube.com/watch?v=wC45ZWg05eo,PT4M16S,2026-03-13T03:23:53Z
563,wCyrA4Be7cE,பெரியாழ்வார் திருமொழி: கண்ணன் தாலாட்டு III | Periyazhvar Thirumozhi: Periyazhvar Lullaby [Film],பெரியாழ்வார் திருமொழி,பெரியாழ்வார் திருமொழி: கண்ணன் தாலாட்டு III,Periyazhvar Thirumozhi: Periyazhvar Lullaby,Film,95,விஷ்ணு / கிருஷ்ணர் (Lord Vishnu & Krishna),Cinematic Film / Video,பெரியாழ்வார்,பெரியாழ்வார் திருமொழி (கண்ணன் தாலாட்டு),Discography ; Lord Krishnar Songs,https://www.youtube.com/watch?v=wCyrA4Be7cE,PT5M27S,2026-09-27T18:08:51Z
564,wGtcobqR01Q,திருவருட்பா: திருவருள் வழக்க விளக்கம் | Thiruvarutpa: Thiruvarul Vazhakka Vilakkam [Film],திருவருட்பா,திருவருட்பா: திருவருள் வழக்க விளக்கம்,Thiruvarutpa: Thiruvarul Vazhakka Vilakkam,Film,89,சிவபெருமான் (Lord Shiva),Cinematic Film / Video,வள்ளலார் இராமலிங்க அடிகளார்,திருவருட்பா (திருவருள் வழக்க விளக்கம்),Discography ; Lord Shiva Songs,https://www.youtube.com/watch?v=wGtcobqR01Q,PT14M39S,2026-09-29T07:30:10Z
565,wPT_1jgn2Ys,திருக்குறள்: அதிகாரம் 28 - கூடா ஒழுக்கம் (Symphony) | Kooda Ozhukkam Symphony [Film],திருக்குறள்,திருக்குறள்: அதிகாரம் 28 - கூடா ஒழுக்கம் (Symphony),Kooda Ozhukkam Symphony,Film,84,திருக்குறள் (Thirukkural),Cinematic Film / Video,திருவள்ளுவர் (Thiruvalluvar),திருக்குறள் — அதிகாரம்: கூடா ஒழுக்கம்,Discography ; திருக்குறள் | Thirukkural — Master Collection,https://www.youtube.com/watch?v=wPT_1jgn2Ys,PT4M43S,2026-09-28T16:08:03Z
566,wXD_lSlfiSQ,திருவாசகம்: சிவபுராணம் (Symphony) | Thiruvasagam: Sivapuranam Symphony [Film],திருவாசகம்,திருவாசகம்: சிவபுராணம் (Symphony),Thiruvasagam: Sivapuranam Symphony,Film,77,சிவபெருமான் (Lord Shiva),Cinematic Film / Video,சமயக்குரவர் பெருமக்கள் (திருமுறை),பன்னிரு திருமுறைகள் / தேவாரம் & திருவாசகம்,Discography ; Lord Shiva Songs,https://www.youtube.com/watch?v=wXD_lSlfiSQ,PT14M54S,2026-08-21T20:21:48Z
567,wehcVz3BMHo,அபிராமி அந்தாதி: தனந்தரும் கல்விதரும் | Abhirami Andhadhi: Magamayi Samayapurathaye [Film],அபிராமி அந்தாதி,அபிராமி அந்தாதி: தனந்தரும் கல்விதரும்,Abhirami Andhadhi: Magamayi Samayapurathaye,Film,90,அம்மன் / சக்தி (Goddess Amman),Cinematic Film / Video,அபிராமி பட்டர் / தேவி உபாசகர்கள்,அபிராமி அந்தாதி / லலிதா போற்றி,Discography ; Goddess Amman Songs,https://www.youtube.com/watch?v=wehcVz3BMHo,PT4M33S,2026-09-07T13:03:11Z
568,wnbjHShXh10,மகா மந்திரம்: ஹரே கிருஷ்ணா ஹரே ராமா | Maha Mantra: Hare Rama Hare Krishna [Film],மகா மந்திரம்,மகா மந்திரம்: ஹரே கிருஷ்ணா ஹரே ராமா,Maha Mantra: Hare Rama Hare Krishna,Film,80,விஷ்ணு / கிருஷ்ணர் (Lord Vishnu & Krishna),Cinematic Film / Video,வேத பாரம்பரியம்,ஸ்ரீமத் பாகவதம் & மகாபாரதம்,Discography ; Lord Krishnar Songs ; Lord Vishnu Songs,https://www.youtube.com/watch?v=wnbjHShXh10,PT4M28S,2026-03-15T18:19:35Z
569,wyDIU74Rs7Y,திருக்குறள்: அதிகாரம் 73 - அவையஞ்சாமை (Female) | Thirukkural: Avai Anjaamai Female [Film],திருக்குறள்,திருக்குறள்: அதிகாரம் 73 - அவையஞ்சாமை (Female),Thirukkural: Avai Anjaamai Female,Film,89,திருக்குறள் (Thirukkural),Cinematic Film / Video,திருவள்ளுவர் (Thiruvalluvar),திருக்குறள் — அதிகாரம்: அவையஞ்சாமை,Discography ; திருக்குறள் | Thirukkural — Master Collection,https://www.youtube.com/watch?v=wyDIU74Rs7Y,PT3M48S,2026-09-28T16:09:04Z
570,wylRNpaJNmY,திருக்குறள்: அதிகாரம் 46 - சிற்றினம் சேராமை (Remix) | Thirukkural: Sittrinam Seramai [Remix],திருக்குறள்,திருக்குறள்: அதிகாரம் 46 - சிற்றினம் சேராமை (Remix),Thirukkural: Sittrinam Seramai,Remix,92,திருக்குறள் (Thirukkural),Cinematic Film / Video,திருவள்ளுவர் (Thiruvalluvar),திருக்குறள்,,https://www.youtube.com/watch?v=wylRNpaJNmY,PT5M31S,2026-09-28T16:06:53Z
571,wzdoeFDq0iQ,திருக்குறள்: அதிகாரம் 56 - கொடுங்கோன்மை | Thirukkural: Kodungonmai [Film],திருக்குறள்,திருக்குறள்: அதிகாரம் 56 - கொடுங்கோன்மை,Thirukkural: Kodungonmai,Film,73,திருக்குறள் (Thirukkural),Cinematic Film / Video,திருவள்ளுவர் (Thiruvalluvar),திருக்குறள் — அதிகாரம்: கொடுங்கோன்மை,திருக்குறள் | Thirukkural — Master Collection,https://www.youtube.com/watch?v=wzdoeFDq0iQ,PT4M36S,2026-09-28T14:04:26Z
572,x355fpndpTI,கந்தர் அநுபூதி: உருவாய் அருவாய் | Kandhar Anuboothi: Uruvaai Aruvaai [Film],கந்தர் அநுபூதி,கந்தர் அநுபூதி: உருவாய் அருவாய்,Kandhar Anuboothi: Uruvaai Aruvaai,Film,75,முருகப் பெருமான் (Lord Murugar),Cinematic Film / Video,அருணகிரிநாதர் & சைவப் புலவர்கள்,கந்தர் அநுபூதி / திருப்புகழ்,Discography ; Lord Murugar Songs,https://www.youtube.com/watch?v=x355fpndpTI,PT3M48S,2026-09-18T15:05:48Z
573,x3CyxNH5bpQ,திருக்குறள்: அதிகாரம் 69 - தூது (Remix) | Thirukkural: Thoothu [Remix],திருக்குறள்,திருக்குறள்: அதிகாரம் 69 - தூது (Remix),Thirukkural: Thoothu,Remix,70,திருக்குறள் (Thirukkural),Cinematic Film / Video,திருவள்ளுவர் (Thiruvalluvar),திருக்குறள் — அதிகாரம்: தூது,Discography ; திருக்குறள் | Thirukkural — Master Collection,https://www.youtube.com/watch?v=x3CyxNH5bpQ,PT4M11S,2026-09-28T17:18:05Z
574,x8x7cnUdTE4,திருவருட்பா: உள்ளம் ஒரு கோவில் (II) 2026 | Thiruvarutpa: Ullam Oru Kovil II [Film],திருவருட்பா,திருவருட்பா: உள்ளம் ஒரு கோவில் (II) 2026,Thiruvarutpa: Ullam Oru Kovil II,Film,82,மரபு & கலாச்சாரம் (Cultural & Heritage),Cinematic Film / Video,வள்ளலார் இராமலிங்க அடிகளார் / மகாகவி பாரதியார்,திருவருட்பா / தேசிய ஆன்மீகப் பனுவல்,Discography ; Other Songs,https://www.youtube.com/watch?v=x8x7cnUdTE4,PT5M27S,2026-05-11T19:29:56Z
575,xAgvuRIIl6o,திருவருட்பா: திருவையாறு திருமுறை (சாரம்) | Thiruvarutpa: Thiruvaiyaaru Thirumurai [Film],திருவருட்பா,திருவருட்பா: திருவையாறு திருமுறை (சாரம்),Thiruvarutpa: Thiruvaiyaaru Thirumurai,Film,88,மரபு & கலாச்சாரம் (Cultural & Heritage),Cinematic Film / Video,வள்ளலார் இராமலிங்க அடிகளார் / மகாகவி பாரதியார்,திருவருட்பா / தேசிய ஆன்மீகப் பனுவல்,Discography ; Other Songs,https://www.youtube.com/watch?v=xAgvuRIIl6o,PT5M47S,2026-08-28T05:26:34Z
576,xGb7ZXDRvVU,தேவாரம்: நமச்சிவாயப் பதிகம் (துஞ்சலும் துஞ்சல்) | Thevaram: Tunjalum Tunjal [Film],தேவாரம்,தேவாரம்: நமச்சிவாயப் பதிகம் (துஞ்சலும் துஞ்சல்),Thevaram: Tunjalum Tunjal,Film,82,சிவபெருமான் (Lord Shiva),Cinematic Film / Video,அருளாளர்கள் / சைவத் திருமுறை ஆசிரியர்கள்,குரு குல தேசம் திருமுறை வெளியீடு,Discography ; Lord Shiva Songs,https://www.youtube.com/watch?v=xGb7ZXDRvVU,PT7M56S,2026-07-15T14:19:50Z
577,xVyPWHTMXHw,திருக்குறள்: அதிகாரம் 43 - அறிவுடைமை (Remix) | Thirukkural: Arivudaimai [Remix],திருக்குறள்,திருக்குறள்: அதிகாரம் 43 - அறிவுடைமை (Remix),Thirukkural: Arivudaimai,Remix,79,திருக்குறள் (Thirukkural),Cinematic Film / Video,திருவள்ளுவர் (Thiruvalluvar),திருக்குறள் — அதிகாரம்: அறிவுடைமை,Discography ; திருக்குறள் | Thirukkural — Master Collection,https://www.youtube.com/watch?v=xVyPWHTMXHw,PT5M2S,2026-09-28T16:01:28Z
578,xXOHhRpIUn4,பெரியபுராணம்: உலகெலாம் உணர்ந்து ஓதற்கு அரியவன் | Periyapuranam: Ulagelaam Unarndhu [Film],பெரியபுராணம்,பெரியபுராணம்: உலகெலாம் உணர்ந்து ஓதற்கு அரியவன்,Periyapuranam: Ulagelaam Unarndhu,Film,89,சிவபெருமான் (Lord Shiva),Cinematic Film / Video,சமயக்குரவர் பெருமக்கள் (திருமுறை),பன்னிரு திருமுறைகள் / தேவாரம் & திருவாசகம்,Discography ; Lord Shiva Songs,https://www.youtube.com/watch?v=xXOHhRpIUn4,PT3M59S,2026-09-27T13:07:41Z
579,xc1iNs05Bkw,பக்திப் பாடல்: திருவெண்பா | Devotional: hiphop [Film],பக்திப் பாடல்,பக்திப் பாடல்: திருவெண்பா,Devotional: hiphop,Film,53,சிவபெருமான் (Lord Shiva),Cinematic Film / Video,சமயக்குரவர் பெருமக்கள் (திருமுறை),பன்னிரு திருமுறைகள் / தேவாரம் & திருவாசகம்,Discography ; Lord Shiva Songs,https://www.youtube.com/watch?v=xc1iNs05Bkw,PT3M14S,2026-03-14T20:31:29Z
580,xcUlgFsrepU,திருக்குறள்: அதிகாரம் 31 - வெகுளாமை | Thirukkural: Vegulaamai [Film],திருக்குறள்,திருக்குறள்: அதிகாரம் 31 - வெகுளாமை,Thirukkural: Vegulaamai,Film,68,திருக்குறள் (Thirukkural),Cinematic Film / Video,திருவள்ளுவர் (Thiruvalluvar),திருக்குறள்,,https://www.youtube.com/watch?v=xcUlgFsrepU,PT5M25S,2026-09-28T15:02:21Z
581,xjem5fTKx90,கிருஷ்ண துதி: கிருஷ்ண மந்திரம் I | Krishna Thuthi: Krishna Mantram [Film],கிருஷ்ண துதி,கிருஷ்ண துதி: கிருஷ்ண மந்திரம் I,Krishna Thuthi: Krishna Mantram,Film,73,விஷ்ணு / கிருஷ்ணர் (Lord Vishnu & Krishna),Cinematic Film / Video,வேத பாரம்பரியம்,ஸ்ரீமத் பாகவதம் & மகாபாரதம்,Discography ; Lord Krishnar Songs,https://www.youtube.com/watch?v=xjem5fTKx90,PT1M53S,2026-09-27T16:55:49Z
582,xqM-FFGFDC4,பெரியபுராணம்: தில்லை வாழ் அந்தணர் சருக்கம் | Periyapuranam: Thillai Vazh Anthanar [Film],பெரியபுராணம்,பெரியபுராணம்: தில்லை வாழ் அந்தணர் சருக்கம்,Periyapuranam: Thillai Vazh Anthanar,Film,88,சிவபெருமான் (Lord Shiva),Cinematic Film / Video,சமயக்குரவர் பெருமக்கள் (திருமுறை),பன்னிரு திருமுறைகள் / தேவாரம் & திருவாசகம்,Discography ; Lord Shiva Songs,https://www.youtube.com/watch?v=xqM-FFGFDC4,PT9M8S,2026-03-13T04:33:43Z
583,xq_sktu9GyU,திருவருட்பா: அருளியல் வினாவல் 2026 | Thiruvarutpa: Devotional Hymn [Film],திருவருட்பா,திருவருட்பா: அருளியல் வினாவல் 2026,Thiruvarutpa: Devotional Hymn,Film,73,சிவபெருமான் (Lord Shiva),Cinematic Film / Video,ஆழ்வார்கள் / நாலாயிர திவ்வியப் பிரபந்தம்,திருப்பாவை & நாலாயிர திவ்வியப் பிரபந்தம்,Lord Shiva Songs ; Lord Vishnu Songs,https://www.youtube.com/watch?v=xq_sktu9GyU,PT13M30S,2026-09-29T07:09:56Z
584,xvkMEdaF7w4,திருக்குறள்: அதிகாரம் 31 - வெகுளாமை | Thirukkural: Vegulaamai [Film],திருக்குறள்,திருக்குறள்: அதிகாரம் 31 - வெகுளாமை,Thirukkural: Vegulaamai,Film,68,திருக்குறள் (Thirukkural),Cinematic Film / Video,திருவள்ளுவர் (Thiruvalluvar),திருக்குறள் — அதிகாரம்: வெகுளாமை,Discography ; திருக்குறள் | Thirukkural — Master Collection,https://www.youtube.com/watch?v=xvkMEdaF7w4,N/A,2026
585,y7TMSgzWf8o,தேவாரம்: தில்லைத் திருப்பதிகம் (அன்னம் பாலிக்கும்) | Thevaram: Annam Paalikkum Thillai [Film],தேவாரம்,தேவாரம்: தில்லைத் திருப்பதிகம் (அன்னம் பாலிக்கும்),Thevaram: Annam Paalikkum Thillai,Film,93,சிவபெருமான் (Lord Shiva),Cinematic Film / Video,திருநாவுக்கரசு சுவாமிகள் (அப்பர்),தேவாரம் (தில்லைத் திருப்பதிகம்),Discography ; Lord Shiva Songs,https://www.youtube.com/watch?v=y7TMSgzWf8o,PT6M24S,2026-06-21T08:41:26Z
586,yEZFeX0no9o,தேவாரம்: திருவோத்தூர் பதிகம் (பூத்தேர்ந்து ஆயன) | Thevaram: Thiruvothur I [Film],தேவாரம்,தேவாரம்: திருவோத்தூர் பதிகம் (பூத்தேர்ந்து ஆயன),Thevaram: Thiruvothur I,Film,80,சிவபெருமான் (Lord Shiva),Cinematic Film / Video,ஆழ்வார்கள் / நாலாயிர திவ்வியப் பிரபந்தம்,திருப்பாவை & நாலாயிர திவ்வியப் பிரபந்தம்,Lord Shiva Songs ; Lord Vishnu Songs,https://www.youtube.com/watch?v=yEZFeX0no9o,PT7M44S,2026-09-29T07:27:54Z
587,yMrpyhLlDc8,திருவருட்பா: தாமரை மலரே | Thiruvarutpa: Thamarai Malare [Film],திருவருட்பா,திருவருட்பா: தாமரை மலரே,Thiruvarutpa: Thamarai Malare,Film,62,மரபு & கலாச்சாரம் (Cultural & Heritage),Cinematic Film / Video,வள்ளலார் இராமலிங்க அடிகளார் / மகாகவி பாரதியார்,திருவருட்பா / தேசிய ஆன்மீகப் பனுவல்,Discography ; Other Songs,https://www.youtube.com/watch?v=yMrpyhLlDc8,PT2M46S,2026-07-16T22:18:44Z
588,yPfkP_EjTyc,கந்தர் அநுபூதி: உருவாய் அருவாய் | Kandhar Anuboothi: Koumaram Stuthi [Film],கந்தர் அநுபூதி,கந்தர் அநுபூதி: உருவாய் அருவாய்,Kandhar Anuboothi: Koumaram Stuthi,Film,75,முருகப் பெருமான் (Lord Murugar),Cinematic Film / Video,அருணகிரிநாதர் & சைவப் புலவர்கள்,கந்தர் அநுபூதி / திருப்புகழ்,Discography ; Lord Murugar Songs,https://www.youtube.com/watch?v=yPfkP_EjTyc,PT3M48S,2026-09-27T07:17:56Z
589,yrmF7nfwnsQ,தேவாரம்: கோளறு திருப்பதிகம் | Thevaram: Kolaru Pathigam [Film],தேவாரம்,தேவாரம்: கோளறு திருப்பதிகம்,Thevaram: Kolaru Pathigam,Film,62,சிவபெருமான் (Lord Shiva),Cinematic Film / Video,சமயக்குரவர் பெருமக்கள் (திருமுறை),பன்னிரு திருமுறைகள் / தேவாரம் & திருவாசகம்,Discography ; Lord Shiva Songs,https://www.youtube.com/watch?v=yrmF7nfwnsQ,PT15M57S,2026-07-16T22:18:44Z
590,yy8f939JP4M,திருவாசகம்: எண்ணப் பதிகம் | Thiruvasagam: Enna Pathigam [Film],திருவாசகம்,திருவாசகம்: எண்ணப் பதிகம்,Thiruvasagam: Enna Pathigam,Film,62,சிவபெருமான் (Lord Shiva),Cinematic Film / Video,சமயக்குரவர் பெருமக்கள் (திருமுறை),பன்னிரு திருமுறைகள் / தேவாரம் & திருவாசகம்,Discography ; Lord Shiva Songs,https://www.youtube.com/watch?v=yy8f939JP4M,PT8M14S,2026-09-27T16:36:06Z
591,zFb2PGEPrr4,தேவாரம்: திருவோத்தூர் பதிகம் (பூத்தேர்ந்து ஆயன) | Thevaram: Original [Film],தேவாரம்,தேவாரம்: திருவோத்தூர் பதிகம் (பூத்தேர்ந்து ஆயன),Thevaram: Original,Film,75,சிவபெருமான் (Lord Shiva),Cinematic Film / Video,சமயக்குரவர் பெருமக்கள் (திருமுறை),பன்னிரு திருமுறைகள் / தேவாரம் & திருவாசகம்,Discography ; Lord Shiva Songs,https://www.youtube.com/watch?v=zFb2PGEPrr4,PT9M6S,2026-08-18T11:35:46Z
592,zPQOik79O68,திருவருட்பா: அருட்பெருஞ்சோதி அகவல் II | Thiruvarutpa: Arutperunjothi [Film],திருவருட்பா,திருவருட்பா: அருட்பெருஞ்சோதி அகவல் II,Thiruvarutpa: Arutperunjothi,Film,75,வள்ளலார் / சன்மார்க்கம் (Thiruvarutpa / Sanmargam),Cinematic Film / Video,வள்ளலார் இராமலிங்க அடிகளார்,திருவருட்பா (அருட்பெருஞ்சோதி அகவல்),Discography ; Other Songs,https://www.youtube.com/watch?v=zPQOik79O68,PT5M47S,2026-09-27T10:35:17Z
593,zTHsoP6OIAc,சிவ நாமாவளி: ஈஸ்வர நாமவளி சரணம்! | Shiva Namavali: II [Film],சிவ நாமாவளி,சிவ நாமாவளி: ஈஸ்வர நாமவளி சரணம்!,Shiva Namavali: II,Film,60,சிவபெருமான் (Lord Shiva),Cinematic Film / Video,சமயக்குரவர் பெருமக்கள் (திருமுறை),பன்னிரு திருமுறைகள் / தேவாரம் & திருவாசகம்,Discography ; Lord Shiva Songs,https://www.youtube.com/watch?v=zTHsoP6OIAc,PT4M43S,2026-08-16T01:29:22Z
594,zj4_pEqa_cs,திருக்குறள்: அதிகாரம் 62 - ஆள்வினையுடைமை | Thirukkural: Aalvinaiyudaimai [Film],திருக்குறள்,திருக்குறள்: அதிகாரம் 62 - ஆள்வினையுடைமை,Thirukkural: Aalvinaiyudaimai,Film,79,திருக்குறள் (Thirukkural),Cinematic Film / Video,திருவள்ளுவர் (Thiruvalluvar),திருக்குறள் — அதிகாரம்: ஆள்வினையுடைமை,திருக்குறள் | Thirukkural — Master Collection,https://www.youtube.com/watch?v=zj4_pEqa_cs,PT4M49S,2026-09-28T09:46:10Z
595,zq1dxg5R-rY,திருக்குறள்: அதிகாரம் 70 - மன்னரைச் சேர்ந்தொழுதல் (Female) | Mannarai Sernthozhuthal [Film],திருக்குறள்,திருக்குறள்: அதிகாரம் 70 - மன்னரைச் சேர்ந்தொழுதல் (Female),Mannarai Sernthozhuthal,Film,91,திருக்குறள் (Thirukkural),Cinematic Film / Video,திருவள்ளுவர் (Thiruvalluvar),திருக்குறள் — அதிகாரம்: மன்னரைச் சேர்ந்தொழுதல்,Discography ; திருக்குறள் | Thirukkural — Master Collection,https://www.youtube.com/watch?v=zq1dxg5R-rY,PT4M42S,2026-09-23T18:57:38Z
596,zqStqzcFgbM,ஆதிசங்கரர்: மகா கணேச பஞ்சரத்னம் | Adi Shankara: Maha Ganesha Pancharatnam [Film],ஆதிசங்கரர்,ஆதிசங்கரர்: மகா கணேச பஞ்சரத்னம்,Adi Shankara: Maha Ganesha Pancharatnam,Film,80,விநாயகர் (Lord Vinayagar),Cinematic Film / Video,ஸ்ரீ ஆதி சங்கர பகவத் பாதாள்,ஸ்ரீ மகா கணேச பஞ்சரத்னம்,Discography ; Lord Vinayagar Songs,https://www.youtube.com/watch?v=zqStqzcFgbM,PT4M38S,2026-08-13T14:22:57Z
597,zuDJOeLjtcQ,திருவருட்பா: உள்ளம் ஒரு கோவில் 2026 | Thiruvarutpa: Ullam Oru Kovil [Film],திருவருட்பா,திருவருட்பா: உள்ளம் ஒரு கோவில் 2026,Thiruvarutpa: Ullam Oru Kovil,Film,74,மரபு & கலாச்சாரம் (Cultural & Heritage),Cinematic Film / Video,வள்ளலார் இராமலிங்க அடிகளார் / மகாகவி பாரதியார்,திருவருட்பா / தேசிய ஆன்மீகப் பனுவல்,Discography ; Other Songs,https://www.youtube.com/watch?v=zuDJOeLjtcQ,PT6M34S,2026-05-11T19:29:56Z
598,zzJZkyX1GL4,திருக்குறள்: அதிகாரம் 44 - குற்றங்கடிதல் (Remix) | Thirukkural: Kuttrangadithal [Remix],திருக்குறள்,திருக்குறள்: அதிகாரம் 44 - குற்றங்கடிதல் (Remix),Thirukkural: Kuttrangadithal,Remix,87,திருக்குறள் (Thirukkural),Audio Track (Master Composition),திருவள்ளுவர் (Thiruvalluvar),திருக்குறள் — அதிகாரம்: குற்றங்கடிதல்,Discography ; திருக்குறள் | Thirukkural — Master Collection,https://www.youtube.com/watch?v=zzJZkyX1GL4,N/A,2026
