S.No,Video ID,Canonical Title,Tamil Title,English Title,Descriptor,Length (Chars),Genre,Track Type,Author,Source,Playlists,YouTube URL,Duration,Published Date
1,--4jzoezBW8,அதிகாரம் 67 - வினைத்திட்பம் (Original) | Vinai Thitpam [Original Audio],அதிகாரம் 67 - வினைத்திட்பம் (Original),Vinai Thitpam,Original Audio,71,திருக்குறள் (Thirukkural),Audio Track (Master Composition),திருவள்ளுவர் (Thiruvalluvar),திருக்குறள் — அதிகாரம்: வினைத்திட்பம்,Discography ; திருக்குறள் | Thirukkural — Master Collection,https://www.youtube.com/watch?v=--4jzoezBW8,PT5M56S,2026-09-22T23:30:24Z
2,-7ppYdnUdVk,திருவருட்பா - ஆறாம் திருமுறை | Aaram Thirumurai | Full Song Film,திருவருட்பா - ஆறாம் திருமுறை,Aaram Thirumurai,,64,வள்ளலார் / சன்மார்க்கம் (Thiruvarutpa / Sanmargam),Cinematic Film / Video,வள்ளலார் இராமலிங்க அடிகளார் / மகாகவி பாரதியார்,திருவருட்பா / தேசிய ஆன்மீகப் பனுவல்,Discography ; Other Songs,https://www.youtube.com/watch?v=-7ppYdnUdVk,PT6M50S,2026-09-27T19:34:21Z
3,-9bZmHzYO2g,திருவருட்பா - அபராத விண்ணப்பம் II | Aparadha Vinnappam II [Full Song],திருவருட்பா - அபராத விண்ணப்பம் II,Aparadha Vinnappam II,Full Song,69,வள்ளலார் / சன்மார்க்கம் (Thiruvarutpa / Sanmargam),Audio Track (Master Composition),வள்ளலார் இராமலிங்க அடிகளார் / மகாகவி பாரதியார்,திருவருட்பா / தேசிய ஆன்மீகப் பனுவல்,Discography ; Other Songs,https://www.youtube.com/watch?v=-9bZmHzYO2g,PT5M11S,2026-07-26T16:45:49Z
4,-CsF4lE2UfA,அருட்பெருஞ்சோதி அகவல் 2026 V | Arutperunjothi V | Full Song Film,அருட்பெருஞ்சோதி அகவல் 2026 V,Arutperunjothi V,,64,வள்ளலார் / சன்மார்க்கம் (Thiruvarutpa / Sanmargam),Cinematic Film / Video,வள்ளலார் இராமலிங்க அடிகளார்,திருவருட்பா (அருட்பெருஞ்சோதி அகவல்),Discography ; Other Songs,https://www.youtube.com/watch?v=-CsF4lE2UfA,PT3M33S,2026-09-27T21:07:05Z
5,-Gd2dy_L98c,ஏகமாய் அந்தமாய் (மதுவின் மடல்) | Ekamaai Anthamaai [Cinematic Devotional Film],ஏகமாய் அந்தமாய் (மதுவின் மடல்),Ekamaai Anthamaai,Cinematic Devotional Film,78,மரபு & கலாச்சாரம் (Cultural & Heritage),Cinematic Film / Video,வள்ளலார் இராமலிங்க அடிகளார் / மகாகவி பாரதியார்,திருவருட்பா / தேசிய ஆன்மீகப் பனுவல்,Discography ; Other Songs,https://www.youtube.com/watch?v=-Gd2dy_L98c,PT3M,2026-05-11T19:29:56Z
6,-L3VXkM2MTY,முருகர் வார வழிபாடு 2026 | Murugar Vaara Vazhipadu Cinematic Film,முருகர் வார வழிபாடு 2026,Murugar Vaara Vazhipadu Cinematic Film,,65,முருகப் பெருமான் (Lord Murugar),Cinematic Film / Video,அருணகிரிநாதர் & சைவப் புலவர்கள்,கந்தர் அநுபூதி / திருப்புகழ்,Discography ; Lord Murugar Songs,https://www.youtube.com/watch?v=-L3VXkM2MTY,PT6M47S,2026-09-27T13:27:13Z
7,-ZkM45zylxs,அருட்பெருஞ்சோதி 2026 V | Arutperunjothi V [Cinematic Devotional Film],அருட்பெருஞ்சோதி 2026 V,Arutperunjothi V,Cinematic Devotional Film,69,வள்ளலார் / சன்மார்க்கம் (Thiruvarutpa / Sanmargam),Cinematic Film / Video,வள்ளலார் இராமலிங்க அடிகளார்,திருவருட்பா (அருட்பெருஞ்சோதி அகவல்),Discography ; Other Songs,https://www.youtube.com/watch?v=-ZkM45zylxs,PT3M33S,2026-03-15T12:19:46Z
8,-bqKXZW8vFk,திருவருட்பா - அருளியல் வினாவல் | Aruliyal Vinaval [Full Song],திருவருட்பா - அருளியல் வினாவல்,Aruliyal Vinaval,Full Song,61,சிவபெருமான் (Lord Shiva),Audio Track (Master Composition),சமயக்குரவர் பெருமக்கள் (திருமுறை),பன்னிரு திருமுறைகள் / தேவாரம் & திருவாசகம்,Discography ; Lord Shiva Songs,https://www.youtube.com/watch?v=-bqKXZW8vFk,PT13M30S,2026-07-22T14:58:48Z
9,-cmB2_XZqs0,திருவருட்பா - அபராத விண்ணப்பம் I | Aparadha Vinnappam I | Full Song Film,திருவருட்பா - அபராத விண்ணப்பம் I,Aparadha Vinnappam I,,72,வள்ளலார் / சன்மார்க்கம் (Thiruvarutpa / Sanmargam),Cinematic Film / Video,வள்ளலார் இராமலிங்க அடிகளார் / மகாகவி பாரதியார்,திருவருட்பா / தேசிய ஆன்மீகப் பனுவல்,Discography ; Other Songs,https://www.youtube.com/watch?v=-cmB2_XZqs0,PT6M19S,2026-09-27T19:49:16Z
10,-tod_ZpZMnQ,கடவுளைக் கடலுள் எழு | அப்பர் தேவாரம் (திருக்குறுந்தொகை),கடவுளைக் கடலுள் எழு,அப்பர் தேவாரம் (திருக்குறுந்தொகை),,55,சிவபெருமான் (Lord Shiva),Cinematic Film / Video,திருநாவுக்கரசு சுவாமிகள் (அப்பர்),தேவாரம் (திருக்குறுந்தொகை - திருநெல்வாயில் அரத்துறை),,https://www.youtube.com/watch?v=-tod_ZpZMnQ,PT9M56S,2026-10-02T19:26:27Z
11,-unILRjNLHQ,ஸ்ரீ சுப்ரமண்யர் திருவிருத்தம் | Sree Subramanyar Thiruviruththam [Film],ஸ்ரீ சுப்ரமண்யர் திருவிருத்தம்,Sree Subramanyar Thiruviruththam,Film,72,முருகப் பெருமான் (Lord Murugar),Cinematic Film / Video,வேத பாரம்பரியம்,ஸ்ரீமத் பாகவதம் & மகாபாரதம்,Discography ; Lord Murugar Songs,https://www.youtube.com/watch?v=-unILRjNLHQ,PT3M46S,2026-02-11T01:57:51Z
12,-yEq62Bu_d8,வேண்டுமே இத்தனையும் (திருவெம்பாவை) | Vendumey Iththanaiyum Cinematic Shiva Film,வேண்டுமே இத்தனையும் (திருவெம்பாவை),Vendumey Iththanaiyum Cinematic Shiva Film,,79,சிவபெருமான் (Lord Shiva),Cinematic Film / Video,சமயக்குரவர் பெருமக்கள் (திருமுறை),பன்னிரு திருமுறைகள் / தேவாரம் & திருவாசகம்,Lord Shiva Songs,https://www.youtube.com/watch?v=-yEq62Bu_d8,PT4M16S,2026-09-29T07:13:45Z
13,-yxeA6nvNZk,ஈஸ்வர நாமவளி சரணம்! | I [Cinematic Devotional Film],ஈஸ்வர நாமவளி சரணம்!,I,Cinematic Devotional Film,51,சிவபெருமான் (Lord Shiva),Cinematic Film / Video,சமயக்குரவர் பெருமக்கள் (திருமுறை),பன்னிரு திருமுறைகள் / தேவாரம் & திருவாசகம்,Discography ; Lord Shiva Songs,https://www.youtube.com/watch?v=-yxeA6nvNZk,PT3M7S,2026-08-16T01:29:22Z
14,-zVzQ1XnY8Q,தில்லை வாழ் அந்தணர்! | Cinematic Lord Shiva Devotional Film,தில்லை வாழ் அந்தணர்!,Cinematic Lord Shiva Devotional Film,,59,சிவபெருமான் (Lord Shiva),Cinematic Film / Video,சமயக்குரவர் பெருமக்கள் (திருமுறை),பன்னிரு திருமுறைகள் / தேவாரம் & திருவாசகம்,Lord Shiva Songs,https://www.youtube.com/watch?v=-zVzQ1XnY8Q,PT9M8S,2026-09-29T07:07:08Z
15,00BGSFBWdlA,அருட்பெருஞ்சோதி 2026 II | Arutperunjothi II [Cinematic Devotional Film],அருட்பெருஞ்சோதி 2026 II,Arutperunjothi II,Cinematic Devotional Film,71,வள்ளலார் / சன்மார்க்கம் (Thiruvarutpa / Sanmargam),Cinematic Film / Video,வள்ளலார் இராமலிங்க அடிகளார்,திருவருட்பா (அருட்பெருஞ்சோதி அகவல்),Discography ; Other Songs,https://www.youtube.com/watch?v=00BGSFBWdlA,PT17M6S,2026-03-15T12:19:46Z
16,01g0sJdaL2I,அதிகாரம் 56 - கொடுங்கோன்மை (Remix) | Kodungonmai [Remix Audio],அதிகாரம் 56 - கொடுங்கோன்மை (Remix),Kodungonmai,Remix Audio,62,திருக்குறள் (Thirukkural),Audio Track (Master Composition),திருவள்ளுவர் (Thiruvalluvar),திருக்குறள் — அதிகாரம்: கொடுங்கோன்மை,Discography ; திருக்குறள் | Thirukkural — Master Collection,https://www.youtube.com/watch?v=01g0sJdaL2I,PT5M5S,2026-09-21T10:35:15Z
17,02C8glMmetw,அதிகாரம் 1 - கடவுள் வாழ்த்து (அகர முதல) | Agara Muthala | Full Song Film,அதிகாரம் 1 - கடவுள் வாழ்த்து (அகர முதல),Agara Muthala,,72,திருக்குறள் (Thirukkural),Cinematic Film / Video,திருவள்ளுவர் (Thiruvalluvar),திருக்குறள் — அதிகாரம்: கடவுள் வாழ்த்து,திருக்குறள் | Thirukkural — Master Collection,https://www.youtube.com/watch?v=02C8glMmetw,PT3M59S,2026-09-28T07:46:42Z
18,06ZOKy7SSvw,திருவருட்பா - திருச்சாதனத் தெய்வத் திறம் | Thiruvasathanath Theiva Thiram,திருவருட்பா - திருச்சாதனத் தெய்வத் திறம்,Thiruvasathanath Theiva Thiram,,73,சிவபெருமான் (Lord Shiva),Audio Track (Master Composition),சமயக்குரவர் பெருமக்கள் (திருமுறை),பன்னிரு திருமுறைகள் / தேவாரம் & திருவாசகம்,Discography ; Lord Shiva Songs,https://www.youtube.com/watch?v=06ZOKy7SSvw,PT10M36S,2026-08-03T16:49:21Z
19,0DoegY9d0ZM,அதிகாரம் 50 - இடனறிதல் (Remix) | Idanarithal [Remix Audio],அதிகாரம் 50 - இடனறிதல் (Remix),Idanarithal,Remix Audio,58,திருக்குறள் (Thirukkural),Audio Track (Master Composition),திருவள்ளுவர் (Thiruvalluvar),திருக்குறள் — அதிகாரம்: இடனறிதல்,Discography ; திருக்குறள் | Thirukkural — Master Collection,https://www.youtube.com/watch?v=0DoegY9d0ZM,PT4M38S,2026-09-20T11:32:15Z
20,0PvXn4gqlFM,கந்த சஷ்டி கவசம் | Kandha Sashti Kavasam Full Cinematic Film,கந்த சஷ்டி கவசம்,Kandha Sashti Kavasam Full Cinematic Film,,60,முருகப் பெருமான் (Lord Murugar),Cinematic Film / Video,பாலதேவராய சுவாமிகள்,கந்த சஷ்டி கவசம்,Discography ; Lord Murugar Songs,https://www.youtube.com/watch?v=0PvXn4gqlFM,PT31M2S,2026-09-27T14:10:56Z
21,0SUn5igNEE0,துஞ்சலும் துஞ்சல் | Tunjalum Tunjal Cinematic Devotional Film,துஞ்சலும் துஞ்சல்,Tunjalum Tunjal Cinematic Devotional Film,,61,சிவபெருமான் (Lord Shiva),Cinematic Film / Video,சமயக்குரவர் பெருமக்கள் (திருமுறை),பன்னிரு திருமுறைகள் / தேவாரம் & திருவாசகம்,Discography ; Lord Shiva Songs,https://www.youtube.com/watch?v=0SUn5igNEE0,PT7M56S,2026-09-27T05:10:47Z
22,0TB3drCSvNc,திருவருட்பா - திருவருள் வேட்கை I | Thiruvarul Vetkai I [Full Song],திருவருட்பா - திருவருள் வேட்கை I,Thiruvarul Vetkai I,Full Song,66,சிவபெருமான் (Lord Shiva),Audio Track (Master Composition),சமயக்குரவர் பெருமக்கள் (திருமுறை),பன்னிரு திருமுறைகள் / தேவாரம் & திருவாசகம்,Discography ; Lord Shiva Songs,https://www.youtube.com/watch?v=0TB3drCSvNc,PT4M13S,2026-07-25T06:40:29Z
23,0W1FqHOYwDc,பெரியாழ்வார் திருமொழி தாலாட்டு 2026 (III) | Periyazhvar Lullaby III,பெரியாழ்வார் திருமொழி தாலாட்டு 2026 (III),Periyazhvar Lullaby III,,67,விஷ்ணு / கிருஷ்ணர் (Lord Vishnu & Krishna),Audio Track (Master Composition),பெரியாழ்வார்,பெரியாழ்வார் திருமொழி (கண்ணன் தாலாட்டு),Discography ; Lord Krishnar Songs,https://www.youtube.com/watch?v=0W1FqHOYwDc,PT5M27S,2026-08-07T04:52:44Z
24,0WurYH-hkNM,அதிகாரம் 67 - வினைத்திட்பம் (Remix) | Vinai Thitpam Remix Cinematic Thirukkural Film,அதிகாரம் 67 - வினைத்திட்பம் (Remix),Vinai Thitpam Remix Cinematic Thirukkural Film,,84,திருக்குறள் (Thirukkural),Cinematic Film / Video,திருவள்ளுவர் (Thiruvalluvar),திருக்குறள் — அதிகாரம்: வினைத்திட்பம்,Discography ; திருக்குறள் | Thirukkural — Master Collection,https://www.youtube.com/watch?v=0WurYH-hkNM,PT5M,2026-09-28T18:13:14Z
25,0bz1myKXoJQ,அதிகாரம் 43 - அறிவுடைமை (Remix) | Arivudaimai [Remix Audio],அதிகாரம் 43 - அறிவுடைமை (Remix),Arivudaimai,Remix Audio,59,திருக்குறள் (Thirukkural),Audio Track (Master Composition),திருவள்ளுவர் (Thiruvalluvar),திருக்குறள் — அதிகாரம்: அறிவுடைமை,Discography ; திருக்குறள் | Thirukkural — Master Collection,https://www.youtube.com/watch?v=0bz1myKXoJQ,PT5M2S,2026-09-19T14:46:11Z
26,0fD-z3s_g2A,அதிகாரம் 25 - அருளுடைமை | Aruludaimai Cinematic Thirukkural Film,அதிகாரம் 25 - அருளுடைமை,Aruludaimai Cinematic Thirukkural Film,,64,திருக்குறள் (Thirukkural),Cinematic Film / Video,திருவள்ளுவர் (Thiruvalluvar),திருக்குறள்,,https://www.youtube.com/watch?v=0fD-z3s_g2A,PT3M52S,2026-09-27T21:01:36Z
27,0gK0asNO-RM,குரு பகவான் துதி 2026 | Guru Bhagavan Thuthi [Cinematic Devotional Film],குரு பகவான் துதி 2026,Guru Bhagavan Thuthi,Cinematic Devotional Film,72,மரபு & கலாச்சாரம் (Cultural & Heritage),Cinematic Film / Video,வள்ளலார் இராமலிங்க அடிகளார் / மகாகவி பாரதியார்,திருவருட்பா / தேசிய ஆன்மீகப் பனுவல்,Discography ; Other Songs,https://www.youtube.com/watch?v=0gK0asNO-RM,PT6M22S,2026-06-22T18:57:41Z
28,0k9CZLNA2TY,தனந்தரும் கல்விதரும் | Dhanam Tharum Kalvi Tharum [Cinematic Amman Film],தனந்தரும் கல்விதரும்,Dhanam Tharum Kalvi Tharum,Cinematic Amman Film,72,அம்மன் / சக்தி (Goddess Amman),Cinematic Film / Video,அபிராமி பட்டர்,அபிராமி அந்தாதி,Discography ; Goddess Amman Songs,https://www.youtube.com/watch?v=0k9CZLNA2TY,PT5M4S,2026-08-28T06:55:10Z
29,0tXyQEAHVNQ,அன்னம் பாலிக்கும் தில்லை | Annam Paalikkum Thillai Cinematic Devotional Film,அன்னம் பாலிக்கும் தில்லை,Annam Paalikkum Thillai Cinematic Devotional Film,,76,சிவபெருமான் (Lord Shiva),Cinematic Film / Video,திருநாவுக்கரசு சுவாமிகள் (அப்பர்),தேவாரம் (தில்லைத் திருப்பதிகம்),Discography ; Lord Shiva Songs,https://www.youtube.com/watch?v=0tXyQEAHVNQ,PT6M24S,2026-09-27T11:23:53Z
30,1W9SHSo-2Vk,அருட்பெருஞ்சோதி அகவல் II | Arutperunjothi Agaval II [Cinematic Devotional Film],அருட்பெருஞ்சோதி அகவல் II,Arutperunjothi Agaval II,Cinematic Devotional Film,79,வள்ளலார் / சன்மார்க்கம் (Thiruvarutpa / Sanmargam),Cinematic Film / Video,வள்ளலார் இராமலிங்க அடிகளார்,திருவருட்பா (அருட்பெருஞ்சோதி அகவல்),Discography ; Other Songs,https://www.youtube.com/watch?v=1W9SHSo-2Vk,PT4M40S,2026-09-06T21:12:47Z
31,1hoVaPwWMes,கந்த சஷ்டி கவசம் துதி 2026 | Kandha Shashti Thuthi Cinematic Film,கந்த சஷ்டி கவசம் துதி 2026,Kandha Shashti Thuthi Cinematic Film,,65,முருகப் பெருமான் (Lord Murugar),Cinematic Film / Video,பாலதேவராய சுவாமிகள்,கந்த சஷ்டி கவசம்,Discography ; Lord Murugar Songs,https://www.youtube.com/watch?v=1hoVaPwWMes,PT24M53S,2026-09-27T14:04:13Z
32,1wD_X2LHCmw,திருவசிய மந்திரம் 2026 | Thiruvasiyam Mantra [Cinematic Devotional Film],திருவசிய மந்திரம் 2026,Thiruvasiyam Mantra,Cinematic Devotional Film,72,மரபு & கலாச்சாரம் (Cultural & Heritage),Cinematic Film / Video,வள்ளலார் இராமலிங்க அடிகளார் / மகாகவி பாரதியார்,திருவருட்பா / தேசிய ஆன்மீகப் பனுவல்,Discography ; Other Songs,https://www.youtube.com/watch?v=1wD_X2LHCmw,PT4M54S,2026-07-26T01:07:10Z
33,255aVCj3t0w,திருவருட்பா - இரண்டாம் திருமுறை - திருச்சாதனத் தெய்வத் திறம் | Full Song Film,திருவருட்பா - இரண்டாம் திருமுறை - திருச்சாதனத் தெய்வத் திறம்,Full Song Film,,77,சிவபெருமான் (Lord Shiva),Cinematic Film / Video,சமயக்குரவர் பெருமக்கள் (திருமுறை),பன்னிரு திருமுறைகள் / தேவாரம் & திருவாசகம்,Lord Shiva Songs,https://www.youtube.com/watch?v=255aVCj3t0w,PT10M36S,2026-09-28T15:40:49Z
34,28Xnfhctf0I,சம்சாரம் என்பது வீணை (REMIX) 2026 | Samsaram Enbathu Veenai [Remix Film],சம்சாரம் என்பது வீணை (REMIX) 2026,Samsaram Enbathu Veenai,Remix Film,72,மரபு & கலாச்சாரம் (Cultural & Heritage),Cinematic Film / Video,வள்ளலார் இராமலிங்க அடிகளார் / மகாகவி பாரதியார்,திருவருட்பா / தேசிய ஆன்மீகப் பனுவல்,Discography ; Other Songs,https://www.youtube.com/watch?v=28Xnfhctf0I,PT5M4S,2026-05-11T19:29:56Z
35,2Gbhx6SwH-M,திருவோத்தூர் பதிகம் - பூத்தேர்ந்து ஆயன | Thiruvothur Pathigam [Cinematic Shiva Film],திருவோத்தூர் பதிகம் - பூத்தேர்ந்து ஆயன,Thiruvothur Pathigam,Cinematic Shiva Film,84,சிவபெருமான் (Lord Shiva),Cinematic Film / Video,சமயக்குரவர் பெருமக்கள் (திருமுறை),பன்னிரு திருமுறைகள் / தேவாரம் & திருவாசகம்,Lord Shiva Songs,https://www.youtube.com/watch?v=2Gbhx6SwH-M,PT8M52S,2026-09-29T07:16:36Z
36,2Pun6K7h984,அதிகாரம் 45 - பெரியாரைத் துணைக்கோடல் (Remix) | Periyarai Thunaikodal [Remix Audio],அதிகாரம் 45 - பெரியாரைத் துணைக்கோடல் (Remix),Periyarai Thunaikodal,Remix Audio,82,திருக்குறள் (Thirukkural),Audio Track (Master Composition),திருவள்ளுவர் (Thiruvalluvar),திருக்குறள்,,https://www.youtube.com/watch?v=2Pun6K7h984,PT4M23S,2026-09-19T22:42:45Z
37,2QOF2ycA4RQ,ஆதி யோகீஸ்வரர் நாம ஒளி சரணம் | Aadhi Yogeeswarar [Cinematic Shiva Film],ஆதி யோகீஸ்வரர் நாம ஒளி சரணம்,Aadhi Yogeeswarar,Cinematic Shiva Film,71,சிவபெருமான் (Lord Shiva),Cinematic Film / Video,சமயக்குரவர் பெருமக்கள் (திருமுறை),பன்னிரு திருமுறைகள் / தேவாரம் & திருவாசகம்,Discography ; Lord Shiva Songs,https://www.youtube.com/watch?v=2QOF2ycA4RQ,PT5M17S,2026-02-14T13:24:56Z
38,2Qs07DTJvvM,அதிகாரம் 71 - குறிப்பறிதல் (Remix) | Kuripparithal Remix Cinematic Thirukkural Film,அதிகாரம் 71 - குறிப்பறிதல் (Remix),Kuripparithal Remix Cinematic Thirukkural Film,,83,திருக்குறள் (Thirukkural),Cinematic Film / Video,திருவள்ளுவர் (Thiruvalluvar),திருக்குறள் — அதிகாரம்: குறிப்பறிதல்,Discography ; திருக்குறள் | Thirukkural — Master Collection,https://www.youtube.com/watch?v=2Qs07DTJvvM,PT4M48S,2026-09-28T16:54:29Z
39,2U45AXlx7DA,அதிகாரம் 46 - சிற்றினம் சேராமை | Sitrinam Seraamai | Full Song Film,அதிகாரம் 46 - சிற்றினம் சேராமை,Sitrinam Seraamai,,67,திருக்குறள் (Thirukkural),Cinematic Film / Video,திருவள்ளுவர் (Thiruvalluvar),திருக்குறள்,,https://www.youtube.com/watch?v=2U45AXlx7DA,PT5M54S,2026-09-28T14:09:38Z
40,2YzLM0yoBlg,கிருஷ்ண மந்திரம் | Female [Cinematic Devotional Film],கிருஷ்ண மந்திரம்,Female,Cinematic Devotional Film,53,விஷ்ணு / கிருஷ்ணர் (Lord Vishnu & Krishna),Cinematic Film / Video,வேத பாரம்பரியம்,ஸ்ரீமத் பாகவதம் & மகாபாரதம்,Discography ; Lord Krishnar Songs,https://www.youtube.com/watch?v=2YzLM0yoBlg,PT58S,2026-09-05T03:14:49Z
41,2_TfLljo1qg,அதிகாரம் 44 - குற்றங்கடிதல் (Original) | Kuttrangadithal [Original Audio],அதிகாரம் 44 - குற்றங்கடிதல் (Original),Kuttrangadithal,Original Audio,73,திருக்குறள் (Thirukkural),Audio Track (Master Composition),திருவள்ளுவர் (Thiruvalluvar),திருக்குறள்,,https://www.youtube.com/watch?v=2_TfLljo1qg,PT3M54S,2026-09-19T22:05:03Z
42,2_rwWlC09I0,ஸ்மரணாத³ருணாசலம் | ஸ்மரணாத³ருணாசலம் [Cinematic Shiva Film],ஸ்மரணாத³ருணாசலம்,ஸ்மரணாத³ருணாசலம்,Cinematic Shiva Film,58,சிவபெருமான் (Lord Shiva),Cinematic Film / Video,சமயக்குரவர் பெருமக்கள் (திருமுறை),பன்னிரு திருமுறைகள் / தேவாரம் & திருவாசகம்,Discography ; Lord Shiva Songs,https://www.youtube.com/watch?v=2_rwWlC09I0,PT9M47S,2026-07-16T22:18:44Z
43,2c3bdbcn4BI,அதிகாரம் 54 - பொச்சாவாமை | Pochchaavaamai Cinematic Thirukkural Film,அதிகாரம் 54 - பொச்சாவாமை,Pochchaavaamai Cinematic Thirukkural Film,,68,திருக்குறள் (Thirukkural),Cinematic Film / Video,திருவள்ளுவர் (Thiruvalluvar),திருக்குறள் — அதிகாரம் 54: பொச்சாவாமை,Discography ; திருக்குறள் | Thirukkural — Master Collection,https://www.youtube.com/watch?v=2c3bdbcn4BI,N/A,2026
44,2mdEV1acg-U,திருவாசகம் | குழைத்த பத்து | 2026 | Cinematic Devotional Film,திருவாசகம்,குழைத்த பத்து,,61,சிவபெருமான் (Lord Shiva),Cinematic Film / Video,சமயக்குரவர் பெருமக்கள் (திருமுறை),பன்னிரு திருமுறைகள் / தேவாரம் & திருவாசகம்,Discography ; Lord Shiva Songs,https://www.youtube.com/watch?v=2mdEV1acg-U,PT9M36S,2026-09-29T07:11:28Z
45,2tL-bKjkL18,அபிராமி அந்தாதி துதி | Abhirami Andhathi Thuthi Cinematic Devotional Film,அபிராமி அந்தாதி துதி,Abhirami Andhathi Thuthi Cinematic Devotional Film,,73,விஷ்ணு / கிருஷ்ணர் (Lord Vishnu & Krishna),Cinematic Film / Video,அபிராமி பட்டர்,அபிராமி அந்தாதி,Discography ; Goddess Amman Songs,https://www.youtube.com/watch?v=2tL-bKjkL18,PT4M2S,2026-09-27T11:19:12Z
46,2vQYuvePk9U,திருவையாறு திருமுறை | திருவையாறு திருமுறை [Cinematic Shiva Film],திருவையாறு திருமுறை,திருவையாறு திருமுறை,Cinematic Shiva Film,64,சிவபெருமான் (Lord Shiva),Cinematic Film / Video,சமயக்குரவர் பெருமக்கள் (திருமுறை),பன்னிரு திருமுறைகள் / தேவாரம் & திருவாசகம்,Discography ; Lord Shiva Songs,https://www.youtube.com/watch?v=2vQYuvePk9U,PT8M24S,2026-03-13T04:33:43Z
47,2vuuHMEhs20,போற்றித் திருஅகவல் (திருவாசகம்) | போற்றித் திருஅகவல் (திருவாசகம்) [Cinematic Shiva Film],போற்றித் திருஅகவல் (திருவாசகம்),போற்றித் திருஅகவல் (திருவாசகம்),Cinematic Shiva Film,88,சிவபெருமான் (Lord Shiva),Cinematic Film / Video,சமயக்குரவர் பெருமக்கள் (திருமுறை),பன்னிரு திருமுறைகள் / தேவாரம் & திருவாசகம்,Discography ; Lord Shiva Songs,https://www.youtube.com/watch?v=2vuuHMEhs20,PT12M58S,2026-02-02T07:13:31Z
48,31xVgvxoiUA,ஓங்கி உலகளந்த | Ongi Ulagalandha Cinematic Devotional Film,ஓங்கி உலகளந்த,Ongi Ulagalandha Cinematic Devotional Film,,58,விஷ்ணு / கிருஷ்ணர் (Lord Vishnu & Krishna),Cinematic Film / Video,ஆழ்வார்கள் / நாலாயிர திவ்வியப் பிரபந்தம்,திருப்பாவை & நாலாயிர திவ்வியப் பிரபந்தம்,Discography ; Lord Vishnu Songs,https://www.youtube.com/watch?v=31xVgvxoiUA,PT3M47S,2026-09-27T10:02:37Z
49,34D_HpbRxfo,திருவோத்தூர் பதிகம் III | Thiruvothur III [Cinematic Shiva Film],திருவோத்தூர் பதிகம் III,Thiruvothur III,Cinematic Shiva Film,64,சிவபெருமான் (Lord Shiva),Cinematic Film / Video,சமயக்குரவர் பெருமக்கள் (திருமுறை),பன்னிரு திருமுறைகள் / தேவாரம் & திருவாசகம்,Discography ; Lord Shiva Songs,https://www.youtube.com/watch?v=34D_HpbRxfo,PT5M18S,2026-06-19T01:39:58Z
50,37qaN4sG53k,அதிகாரம் 62 - ஆள்வினையுடைமை (Remix) | Aalvinaiyudaimai [Remix Audio],அதிகாரம் 62 - ஆள்வினையுடைமை (Remix),Aalvinaiyudaimai,Remix Audio,68,திருக்குறள் (Thirukkural),Audio Track (Master Composition),திருவள்ளுவர் (Thiruvalluvar),திருக்குறள் — அதிகாரம்: ஆள்வினையுடைமை,Discography ; திருக்குறள் | Thirukkural — Master Collection,https://www.youtube.com/watch?v=37qaN4sG53k,PT5M3S,2026-09-22T01:05:36Z
51,3CICxCn-4A0,அதிகாரம் 42 - கேள்வி (Original) | Kelvi Selvam [Original Audio],அதிகாரம் 42 - கேள்வி (Original),Kelvi Selvam,Original Audio,63,திருக்குறள் (Thirukkural),Audio Track (Master Composition),திருவள்ளுவர் (Thiruvalluvar),திருக்குறள்,,https://www.youtube.com/watch?v=3CICxCn-4A0,PT4M9S,2026-09-18T20:13:18Z
52,3MOpXVMpA9s,அதிகாரம் 57 - வெருவந்த செய்யாமை | Veruvantha Seyyaamai Cinematic Thirukkural Film,அதிகாரம் 57 - வெருவந்த செய்யாமை,Veruvantha Seyyaamai Cinematic Thirukkural Film,,81,திருக்குறள் (Thirukkural),Cinematic Film / Video,திருவள்ளுவர் (Thiruvalluvar),திருக்குறள் — அதிகாரம் 57: வெருவந்த செய்யாமை,Discography ; திருக்குறள் | Thirukkural — Master Collection,https://www.youtube.com/watch?v=3MOpXVMpA9s,N/A,2026
53,3oJ2OPG-WCs,முத்தைத் தரு 2026 (திருப்புகழ்) | Muthai Tharu [Cinematic Thiruppugazh Film],முத்தைத் தரு 2026 (திருப்புகழ்),Muthai Tharu,Cinematic Thiruppugazh Film,76,முருகப் பெருமான் (Lord Murugar),Cinematic Film / Video,அருணகிரிநாத சுவாமிகள்,திருப்புகழ் (விநாயகர் துதி),Discography ; Lord Murugar Songs,https://www.youtube.com/watch?v=3oJ2OPG-WCs,PT3M26S,2026-02-14T13:24:56Z
54,3t5U9ABVeOc,மாசில் வீணையும் | River Music Cinematic Film,மாசில் வீணையும்,River Music Cinematic Film,,44,சிவபெருமான் (Lord Shiva),Cinematic Film / Video,திருநாவுக்கரசு சுவாமிகள் (அப்பர்),தேவாரம் (நமச்சிவாயப் பதிகம்),Discography ; Lord Shiva Songs,https://www.youtube.com/watch?v=3t5U9ABVeOc,PT4M33S,2026-09-27T10:00:54Z
55,3yB_oTqh6Jk,அதிகாரம் 68 - வினைசெயல்வகை (Female) | Vinai Seyalvagai Female Cinematic Thirukkural Film,அதிகாரம் 68 - வினைசெயல்வகை (Female),Vinai Seyalvagai Female Cinematic Thirukkural Film,,88,திருக்குறள் (Thirukkural),Cinematic Film / Video,திருவள்ளுவர் (Thiruvalluvar),திருக்குறள் — அதிகாரம்: வினைசெயல்வகை,Discography ; திருக்குறள் | Thirukkural — Master Collection,https://www.youtube.com/watch?v=3yB_oTqh6Jk,PT5M23S,2026-09-28T17:32:20Z
56,3youy-33GtY,அருட்பெருஞ்சோதி 2026 III | Arutperunjothi III [Cinematic Devotional Film],அருட்பெருஞ்சோதி 2026 III,Arutperunjothi III,Cinematic Devotional Film,73,வள்ளலார் / சன்மார்க்கம் (Thiruvarutpa / Sanmargam),Cinematic Film / Video,வள்ளலார் இராமலிங்க அடிகளார்,திருவருட்பா (அருட்பெருஞ்சோதி அகவல்),Discography ; Other Songs,https://www.youtube.com/watch?v=3youy-33GtY,PT9M14S,2026-03-15T12:19:46Z
57,4-FJ8eh7Als,குரு பகவான் துதி 2026 | Guru Bhagavan Thuthi Cinematic Devotional Film,குரு பகவான் துதி 2026,Guru Bhagavan Thuthi Cinematic Devotional Film,,70,மரபு & கலாச்சாரம் (Cultural & Heritage),Cinematic Film / Video,வள்ளலார் இராமலிங்க அடிகளார் / மகாகவி பாரதியார்,திருவருட்பா / தேசிய ஆன்மீகப் பனுவல்,Discography ; Other Songs,https://www.youtube.com/watch?v=4-FJ8eh7Als,PT6M22S,2026-09-27T17:18:37Z
58,40ML9b--tg4,சிவ புராணம் 2026 (II) | Sivapuranam II Cinematic Shiva Film,சிவ புராணம் 2026 (II),Sivapuranam II Cinematic Shiva Film,,59,சிவபெருமான் (Lord Shiva),Cinematic Film / Video,மாணிக்கவாசகப் பெருமான்,திருவாசகம் (எட்டாம் திருமுறை),Lord Shiva Songs ; Lord Vishnu Songs,https://www.youtube.com/watch?v=40ML9b--tg4,PT11M47S,2026-09-29T07:25:31Z
59,468ErjVLRCs,விஷ்ணும் ஜிஷ்ணும் | Vishnum Jishnum [Cinematic Devotional Film],விஷ்ணும் ஜிஷ்ணும்,Vishnum Jishnum,Cinematic Devotional Film,63,விஷ்ணு / கிருஷ்ணர் (Lord Vishnu & Krishna),Cinematic Film / Video,ஆழ்வார்கள் / நாலாயிர திவ்வியப் பிரபந்தம்,திருப்பாவை & நாலாயிர திவ்வியப் பிரபந்தம்,Discography ; Lord Vishnu Songs,https://www.youtube.com/watch?v=468ErjVLRCs,PT4M32S,2026-03-15T18:19:35Z
60,4QpJHz2SAbU,கள்ளப் பிழையும் | Kalla Pizhaiyum Cinematic Devotional Film,கள்ளப் பிழையும்,Kalla Pizhaiyum Cinematic Devotional Film,,59,சிவபெருமான் (Lord Shiva),Cinematic Film / Video,சமயக்குரவர் பெருமக்கள் (திருமுறை),பன்னிரு திருமுறைகள் / தேவாரம் & திருவாசகம்,Discography ; Lord Shiva Songs,https://www.youtube.com/watch?v=4QpJHz2SAbU,PT6M22S,2026-09-27T19:05:33Z
61,4RUk7FPJ3TU,குழைத்த பத்து (II) | Kuzhaitha Pathu II Cinematic Shiva Film,குழைத்த பத்து (II),Kuzhaitha Pathu II Cinematic Shiva Film,,60,சிவபெருமான் (Lord Shiva),Cinematic Film / Video,சமயக்குரவர் பெருமக்கள் (திருமுறை),பன்னிரு திருமுறைகள் / தேவாரம் & திருவாசகம்,Lord Shiva Songs,https://www.youtube.com/watch?v=4RUk7FPJ3TU,PT9M19S,2026-09-29T07:23:33Z
62,4UGFfmEpphI,திருவருட்பா - அபராத விண்ணப்பம் I | Aparadha Vinnappam I [Full Song],திருவருட்பா - அபராத விண்ணப்பம் I,Aparadha Vinnappam I,Full Song,67,வள்ளலார் / சன்மார்க்கம் (Thiruvarutpa / Sanmargam),Audio Track (Master Composition),வள்ளலார் இராமலிங்க அடிகளார் / மகாகவி பாரதியார்,திருவருட்பா / தேசிய ஆன்மீகப் பனுவல்,Discography ; Other Songs,https://www.youtube.com/watch?v=4UGFfmEpphI,PT6M19S,2026-07-26T16:45:49Z
63,4qnq1zW63hI,திருவருட்பா - பதி விளக்கம் | Pathi Vilakkam [Full Song],திருவருட்பா - பதி விளக்கம்,Pathi Vilakkam,Full Song,55,வள்ளலார் / சன்மார்க்கம் (Thiruvarutpa / Sanmargam),Audio Track (Master Composition),வள்ளலார் இராமலிங்க அடிகளார் / மகாகவி பாரதியார்,திருவருட்பா / தேசிய ஆன்மீகப் பனுவல்,Discography ; Other Songs,https://www.youtube.com/watch?v=4qnq1zW63hI,PT6M50S,2026-08-18T00:29:35Z
64,4sJwwtZHUvI,திருப்புலம்பல் | Thirupulambal Cinematic Devotional Film,திருப்புலம்பல்,Thirupulambal Cinematic Devotional Film,,56,சிவபெருமான் (Lord Shiva),Cinematic Film / Video,சமயக்குரவர் பெருமக்கள் (திருமுறை),பன்னிரு திருமுறைகள் / தேவாரம் & திருவாசகம்,Discography ; Lord Shiva Songs,https://www.youtube.com/watch?v=4sJwwtZHUvI,PT3M44S,2026-09-27T04:35:43Z
65,4vZEVROZIx8,நமோ நாராயணம் (தசாவதாரம்) | Namo Narayanam [Cinematic Devotional Film],நமோ நாராயணம் (தசாவதாரம்),Namo Narayanam,Cinematic Devotional Film,69,விஷ்ணு / கிருஷ்ணர் (Lord Vishnu & Krishna),Cinematic Film / Video,ஆழ்வார்கள் / நாலாயிர திவ்வியப் பிரபந்தம்,திருப்பாவை & நாலாயிர திவ்வியப் பிரபந்தம்,Discography ; Lord Vishnu Songs,https://www.youtube.com/watch?v=4vZEVROZIx8,PT7M35S,2026-08-28T05:22:56Z
66,4zG1CdYiVxs,திருவருட்பா - அன்பு மாலை - 2026 | II [Cinematic Devotional Film],திருவருட்பா - அன்பு மாலை - 2026,II,Cinematic Devotional Film,64,சிவபெருமான் (Lord Shiva),Cinematic Film / Video,சமயக்குரவர் பெருமக்கள் (திருமுறை),பன்னிரு திருமுறைகள் / தேவாரம் & திருவாசகம்,Discography ; Lord Shiva Songs,https://www.youtube.com/watch?v=4zG1CdYiVxs,PT4M40S,2026-08-11T11:07:11Z
67,4zff_qi_G1E,அதிகாரம் 82 - தீ நட்பு | Thee Natpu | Full Song Film,அதிகாரம் 82 - தீ நட்பு,Thee Natpu,,52,திருக்குறள் (Thirukkural),Cinematic Film / Video,திருவள்ளுவர் (Thiruvalluvar),திருக்குறள் — அதிகாரம்: தீ நட்பு,Discography ; திருக்குறள் | Thirukkural — Master Collection,https://www.youtube.com/watch?v=4zff_qi_G1E,PT4M43S,2026-09-28T17:04:26Z
68,5-z9v-1INWg,அதிகாரம் 46 - சிற்றினம் சேராமை (Original) | Sittrinam Seramai [Original Audio],அதிகாரம் 46 - சிற்றினம் சேராமை (Original),Sittrinam Seramai,Original Audio,78,திருக்குறள் (Thirukkural),Audio Track (Master Composition),திருவள்ளுவர் (Thiruvalluvar),திருக்குறள் — அதிகாரம்: சிற்றினம் சேராமை,Discography ; திருக்குறள் | Thirukkural — Master Collection,https://www.youtube.com/watch?v=5-z9v-1INWg,PT5M54S,2026-09-19T22:45:56Z
69,53AcrjC3imY,அதிகாரம் 46 - சிற்றினம் சேராமை | Sitrinam Seraamai | Full Song Film,அதிகாரம் 46 - சிற்றினம் சேராமை,Sitrinam Seraamai,,67,திருக்குறள் (Thirukkural),Cinematic Film / Video,திருவள்ளுவர் (Thiruvalluvar),திருக்குறள் — அதிகாரம்: சிற்றினம் சேராமை,திருக்குறள் | Thirukkural — Master Collection,https://www.youtube.com/watch?v=53AcrjC3imY,N/A,2026
70,57X8XwJaB0U,உலகெலாம் உணர்ந்து | உலகெலாம் உணர்ந்து [Cinematic Shiva Film],உலகெலாம் உணர்ந்து,உலகெலாம் உணர்ந்து,Cinematic Shiva Film,60,சிவபெருமான் (Lord Shiva),Cinematic Film / Video,சமயக்குரவர் பெருமக்கள் (திருமுறை),பன்னிரு திருமுறைகள் / தேவாரம் & திருவாசகம்,Discography ; Lord Shiva Songs,https://www.youtube.com/watch?v=57X8XwJaB0U,PT3M59S,2026-03-13T04:33:43Z
71,5GHCLSRXtn4,கரைந்து கைதொழுவாரையும் | Karaindhu Kai Thozhuvaaraiyum Cinematic Devotional Film,கரைந்து கைதொழுவாரையும்,Karaindhu Kai Thozhuvaaraiyum Cinematic Devotional Film,,80,சிவபெருமான் (Lord Shiva),Cinematic Film / Video,சமயக்குரவர் பெருமக்கள் (திருமுறை),பன்னிரு திருமுறைகள் / தேவாரம் & திருவாசகம்,Discography ; Lord Shiva Songs,https://www.youtube.com/watch?v=5GHCLSRXtn4,PT9M32S,2026-09-27T16:45:43Z
72,5RTBMEIozEg,நாள் என் செய்யும் | Naal En Seyyum Cinematic Devotional Film,நாள் என் செய்யும்,Naal En Seyyum Cinematic Devotional Film,,60,சிவபெருமான் (Lord Shiva),Cinematic Film / Video,சமயக்குரவர் பெருமக்கள் (திருமுறை),பன்னிரு திருமுறைகள் / தேவாரம் & திருவாசகம்,Discography ; Lord Shiva Songs,https://www.youtube.com/watch?v=5RTBMEIozEg,PT5M54S,2026-09-27T04:39:20Z
73,5coBrJy6a5M,அதிகாரம் 55 - செங்கோன்மை (Remix) | Sengonmai [Remix Audio],அதிகாரம் 55 - செங்கோன்மை (Remix),Sengonmai,Remix Audio,58,திருக்குறள் (Thirukkural),Audio Track (Master Composition),திருவள்ளுவர் (Thiruvalluvar),திருக்குறள் — அதிகாரம்: செங்கோன்மை,Discography ; திருக்குறள் | Thirukkural — Master Collection,https://www.youtube.com/watch?v=5coBrJy6a5M,PT4M49S,2026-09-21T02:45:07Z
74,5gO0xpY_Y3E,Hans Zimmer - Interstellar | Sacred Ambient Instrumental [Guru Kula Desam],Hans Zimmer - Interstellar,Sacred Ambient Instrumental,Guru Kula Desam,74,மரபு & கலாச்சாரம் (Cultural & Heritage),Devotional Music Video,வள்ளலார் இராமலிங்க அடிகளார் / மகாகவி பாரதியார்,திருவருட்பா / தேசிய ஆன்மீகப் பனுவல்,Discography,https://www.youtube.com/watch?v=5gO0xpY_Y3E,PT2H1M38S,2023-05-30T13:00:03Z
75,5gzJXgmt7AY,திருவருட்பா - திருவருண் முறையீடு | Thiruvarun Muraiyidu [Full Song],திருவருட்பா - திருவருண் முறையீடு,Thiruvarun Muraiyidu,Full Song,67,வள்ளலார் / சன்மார்க்கம் (Thiruvarutpa / Sanmargam),Audio Track (Master Composition),வள்ளலார் இராமலிங்க அடிகளார் / மகாகவி பாரதியார்,திருவருட்பா / தேசிய ஆன்மீகப் பனுவல்,Discography ; Other Songs,https://www.youtube.com/watch?v=5gzJXgmt7AY,PT9M14S,2026-07-14T09:29:52Z
76,5uRYFxhT32k,அதிகாரம் 52 - தெரிந்து வினையாடல் (Original) | Therinthu Vinaiyaadal [Original Audio],அதிகாரம் 52 - தெரிந்து வினையாடல் (Original),Therinthu Vinaiyaadal,Original Audio,84,திருக்குறள் (Thirukkural),Audio Track (Master Composition),திருவள்ளுவர் (Thiruvalluvar),திருக்குறள்,,https://www.youtube.com/watch?v=5uRYFxhT32k,PT6M23S,2026-09-20T20:53:27Z
77,5vieI9fE5Y8,புண்ணிய விளக்கம் | புண்ணிய விளக்கம் [Cinematic Shiva Film],புண்ணிய விளக்கம்,புண்ணிய விளக்கம்,Cinematic Shiva Film,58,சிவபெருமான் (Lord Shiva),Cinematic Film / Video,சமயக்குரவர் பெருமக்கள் (திருமுறை),பன்னிரு திருமுறைகள் / தேவாரம் & திருவாசகம்,Discography ; Lord Shiva Songs,https://www.youtube.com/watch?v=5vieI9fE5Y8,PT9M41S,2026-07-16T01:06:02Z
78,60rrBjJfAS4,தனந்தரும் அபிராமி | Dhanam Tharum Abhirami Cinematic Devotional Film,தனந்தரும் அபிராமி,Dhanam Tharum Abhirami Cinematic Devotional Film,,68,விஷ்ணு / கிருஷ்ணர் (Lord Vishnu & Krishna),Cinematic Film / Video,அபிராமி பட்டர்,அபிராமி அந்தாதி,Discography ; Goddess Amman Songs,https://www.youtube.com/watch?v=60rrBjJfAS4,PT3M57S,2026-09-27T13:14:31Z
79,6MaQYObW8OQ,அதிகாரம் 35 - துறவு (Female) | Thuravu Female Cinematic Thirukkural Film,அதிகாரம் 35 - துறவு (Female),Thuravu Female Cinematic Thirukkural Film,,72,திருக்குறள் (Thirukkural),Cinematic Film / Video,திருவள்ளுவர் (Thiruvalluvar),திருக்குறள் — அதிகாரம்: துறவு,Discography ; திருக்குறள் | Thirukkural — Master Collection,https://www.youtube.com/watch?v=6MaQYObW8OQ,PT4M43S,2026-09-28T16:10:00Z
80,6OUebTuktZI,அதிகாரம் 8 - அன்புடைமை | Anbudaimai [Original Audio],அதிகாரம் 8 - அன்புடைமை,Anbudaimai,Original Audio,52,திருக்குறள் (Thirukkural),Audio Track (Master Composition),திருவள்ளுவர் (Thiruvalluvar),திருக்குறள் — அதிகாரம்: அன்புடைமை,Discography ; திருக்குறள் | Thirukkural — Master Collection,https://www.youtube.com/watch?v=6OUebTuktZI,N/A,2026
81,6_qh4-WoWNM,அபராதத்து ஆற்றாமை | Abaraathathu Aatraamai Cinematic Shiva Film,அபராதத்து ஆற்றாமை,Abaraathathu Aatraamai Cinematic Shiva Film,,63,சிவபெருமான் (Lord Shiva),Cinematic Film / Video,சமயக்குரவர் பெருமக்கள் (திருமுறை),பன்னிரு திருமுறைகள் / தேவாரம் & திருவாசகம்,Discography ; Lord Shiva Songs,https://www.youtube.com/watch?v=6_qh4-WoWNM,PT4M49S,2026-09-29T07:34:26Z
82,6cE4xUOmSzU,நமச்சிவாய வாழ்க! (சிவ புராணம்) | நமச்சிவாய வாழ்க! (சிவ புராணம்) [Cinematic Shiva Film],நமச்சிவாய வாழ்க! (சிவ புராணம்),நமச்சிவாய வாழ்க! (சிவ புராணம்),Cinematic Shiva Film,86,சிவபெருமான் (Lord Shiva),Cinematic Film / Video,மாணிக்கவாசகப் பெருமான்,திருவாசகம் (எட்டாம் திருமுறை),Discography ; Lord Shiva Songs,https://www.youtube.com/watch?v=6cE4xUOmSzU,PT16M55S,2026-08-20T05:34:04Z
83,6hfla_PRW40,அதிகாரம் 71 - குறிப்பறிதல் (Original) | Kuripparithal [Original Audio],அதிகாரம் 71 - குறிப்பறிதல் (Original),Kuripparithal,Original Audio,70,திருக்குறள் (Thirukkural),Audio Track (Master Composition),திருவள்ளுவர் (Thiruvalluvar),திருக்குறள் — அதிகாரம்: குறிப்பறிதல்,Discography ; திருக்குறள் | Thirukkural — Master Collection,https://www.youtube.com/watch?v=6hfla_PRW40,PT4M35S,2026-09-23T23:18:55Z
84,6ofQ9hrD1RQ,அதிகாரம் 6 - வாழ்க்கைத் துணைநலம் | Vaazkkai Thunai [Full Song Film],அதிகாரம் 6 - வாழ்க்கைத் துணைநலம்,Vaazkkai Thunai,Full Song Film,67,திருக்குறள் (Thirukkural),Cinematic Film / Video,திருவள்ளுவர் (Thiruvalluvar),திருக்குறள் உலகப் பொதுமறை,Discography ; Other Songs ; திருக்குறள் | Thirukkural — Master Collection,https://www.youtube.com/watch?v=6ofQ9hrD1RQ,PT5M3S,2026-01-13T19:39:13Z
85,6p5A87HdAAI,ஞானத் திருவடி 2026 | Gnanath Thiruvadi [Cinematic Devotional Film],ஞானத் திருவடி 2026,Gnanath Thiruvadi,Cinematic Devotional Film,66,மரபு & கலாச்சாரம் (Cultural & Heritage),Cinematic Film / Video,வள்ளலார் இராமலிங்க அடிகளார் / மகாகவி பாரதியார்,திருவருட்பா / தேசிய ஆன்மீகப் பனுவல்,Discography ; Other Songs,https://www.youtube.com/watch?v=6p5A87HdAAI,PT6M,2026-05-21T08:32:34Z
86,6r6TpY-sgbw,அதிகாரம் 75 - அரண் | Aran | Full Song Film,அதிகாரம் 75 - அரண்,Aran,,42,திருக்குறள் (Thirukkural),Cinematic Film / Video,திருவள்ளுவர் (Thiruvalluvar),திருக்குறள் — அதிகாரம்: அரண்,திருக்குறள் | Thirukkural — Master Collection,https://www.youtube.com/watch?v=6r6TpY-sgbw,PT4M34S,2026-09-28T09:26:00Z
87,73GrCFM_v6Q,திருவருட்பா - திருமுல்லைவாயில் I | Thirumullaivayil I [Full Song],திருவருட்பா - திருமுல்லைவாயில் I,Thirumullaivayil I,Full Song,65,சிவபெருமான் (Lord Shiva),Audio Track (Master Composition),சமயக்குரவர் பெருமக்கள் (திருமுறை),பன்னிரு திருமுறைகள் / தேவாரம் & திருவாசகம்,Discography ; Lord Shiva Songs,https://www.youtube.com/watch?v=73GrCFM_v6Q,PT6M39S,2026-07-23T05:04:46Z
88,75W77Q-_Oe8,சென்னிப்பத்து 2026 (திருவாசகம்) | சென்னிப்பத்து 2026 (திருவாசகம்) [Cinematic Shiva Film],சென்னிப்பத்து 2026 (திருவாசகம்),சென்னிப்பத்து 2026 (திருவாசகம்),Cinematic Shiva Film,88,சிவபெருமான் (Lord Shiva),Cinematic Film / Video,சமயக்குரவர் பெருமக்கள் (திருமுறை),பன்னிரு திருமுறைகள் / தேவாரம் & திருவாசகம்,Discography ; Lord Shiva Songs,https://www.youtube.com/watch?v=75W77Q-_Oe8,PT12M45S,2026-02-09T06:37:55Z
89,778r-nAUX9Q,அதிகாரம் 81 - பழைமை | Pazhaimai | Full Song Film,அதிகாரம் 81 - பழைமை,Pazhaimai,,48,திருக்குறள் (Thirukkural),Cinematic Film / Video,திருவள்ளுவர் (Thiruvalluvar),திருக்குறள் — அதிகாரம்: பழைமை,Discography ; திருக்குறள் | Thirukkural — Master Collection,https://www.youtube.com/watch?v=778r-nAUX9Q,PT5M9S,2026-09-28T17:00:04Z
90,79u01V3wbZc,அதிகாரம் 78 - படைச்செருக்கு | Padaicherukku | Full Song Film,அதிகாரம் 78 - படைச்செருக்கு,Padaicherukku,,60,திருக்குறள் (Thirukkural),Cinematic Film / Video,திருவள்ளுவர் (Thiruvalluvar),திருக்குறள் — அதிகாரம்: படைச்செருக்கு,Discography ; திருக்குறள் | Thirukkural — Master Collection,https://www.youtube.com/watch?v=79u01V3wbZc,PT3M49S,2026-09-28T17:28:30Z
91,7NECOtuTZ_Y,ஆஞ்சநேயர் துதி | Anjaneyar Thuthi [Cinematic Devotional Film],ஆஞ்சநேயர் துதி,Anjaneyar Thuthi,Cinematic Devotional Film,61,மரபு & கலாச்சாரம் (Cultural & Heritage),Cinematic Film / Video,வள்ளலார் இராமலிங்க அடிகளார் / மகாகவி பாரதியார்,திருவருட்பா / தேசிய ஆன்மீகப் பனுவல்,Discography ; Other Songs,https://www.youtube.com/watch?v=7NECOtuTZ_Y,PT3M10S,2026-02-11T01:57:51Z
92,7TlWCD9pa_0,திருவருட்பா - முத்தி உபாயம் | Muthi Upayam [Full Song],திருவருட்பா - முத்தி உபாயம்,Muthi Upayam,Full Song,54,வள்ளலார் / சன்மார்க்கம் (Thiruvarutpa / Sanmargam),Audio Track (Master Composition),வள்ளலார் இராமலிங்க அடிகளார் / மகாகவி பாரதியார்,திருவருட்பா / தேசிய ஆன்மீகப் பனுவல்,Discography ; Other Songs,https://www.youtube.com/watch?v=7TlWCD9pa_0,PT4M45S,2026-07-19T01:55:34Z
93,7WnikKPxo-k,ஆனந்த மாலை | Anandha Maalai [Cinematic Devotional Film],ஆனந்த மாலை,Anandha Maalai,Cinematic Devotional Film,55,சிவபெருமான் (Lord Shiva),Cinematic Film / Video,சமயக்குரவர் பெருமக்கள் (திருமுறை),பன்னிரு திருமுறைகள் / தேவாரம் & திருவாசகம்,Discography ; Lord Shiva Songs,https://www.youtube.com/watch?v=7WnikKPxo-k,PT5M2S,2026-02-11T05:38:11Z
94,7iWQUBmq3aU,வடிவுடை மாணிக்கமாலை | Vadivudai Manikkamalai Cinematic Devotional Film,வடிவுடை மாணிக்கமாலை,Vadivudai Manikkamalai Cinematic Devotional Film,,70,அம்மன் / சக்தி (Goddess Amman),Cinematic Film / Video,அபிராமி பட்டர் / தேவி உபாசகர்கள்,அபிராமி அந்தாதி / லலிதா போற்றி,Discography ; Goddess Amman Songs,https://www.youtube.com/watch?v=7iWQUBmq3aU,PT14M36S,2026-09-27T15:56:35Z
95,7npbkuQwjEE,அதிகாரம் 32 - இன்னா செய்யாமை (இன்னா செய்தாரை) | Inna Seidharai Cinematic Thirukkural Film,அதிகாரம் 32 - இன்னா செய்யாமை (இன்னா செய்தாரை),Inna Seidharai Cinematic Thirukkural Film,,89,திருக்குறள் (Thirukkural),Cinematic Film / Video,திருவள்ளுவர் (Thiruvalluvar),திருக்குறள் — அதிகாரம்: இன்னா செய்யாமை,Discography ; திருக்குறள் | Thirukkural — Master Collection,https://www.youtube.com/watch?v=7npbkuQwjEE,PT8M,2026-09-27T04:43:49Z
96,7wJJCQrYo04,அதிகாரம் 125 - நெஞ்சறிவுறுத்தல் (பகுதி 2) | Nenjari Vuruthal II [Full Song Film],அதிகாரம் 125 - நெஞ்சறிவுறுத்தல் (பகுதி 2),Nenjari Vuruthal II,Full Song Film,80,திருக்குறள் (Thirukkural),Cinematic Film / Video,திருவள்ளுவர் (Thiruvalluvar),திருக்குறள் — அதிகாரம்: நெஞ்சறிவுறுத்தல்,Discography ; Other Songs ; திருக்குறள் | Thirukkural — Master Collection,https://www.youtube.com/watch?v=7wJJCQrYo04,PT4M24S,2026-07-15T14:24:00Z
97,817Wxel4F5s,அதிகாரம் 50 - இடனறிதல் | Idanarithal | Full Song Film,அதிகாரம் 50 - இடனறிதல்,Idanarithal,,53,திருக்குறள் (Thirukkural),Cinematic Film / Video,திருவள்ளுவர் (Thiruvalluvar),திருக்குறள் — அதிகாரம்: இடனறிதல்,திருக்குறள் | Thirukkural — Master Collection,https://www.youtube.com/watch?v=817Wxel4F5s,PT4M31S,2026-09-28T13:11:41Z
98,89Q2g8AllcE,திருவாசகம் - நடராஜர் பத்து | திருவாசகம் - நடராஜர் பத்து [Cinematic Shiva Film],திருவாசகம் - நடராஜர் பத்து,திருவாசகம் - நடராஜர் பத்து,Cinematic Shiva Film,78,சிவபெருமான் (Lord Shiva),Cinematic Film / Video,சமயக்குரவர் பெருமக்கள் (திருமுறை),பன்னிரு திருமுறைகள் / தேவாரம் & திருவாசகம்,Discography ; Lord Shiva Songs,https://www.youtube.com/watch?v=89Q2g8AllcE,PT35M5S,2026-08-27T20:24:19Z
99,8AEEcskF-Jo,அதிகாரம் 35 - துறவு | Thuravu | Full Song Film,அதிகாரம் 35 - துறவு,Thuravu,,46,திருக்குறள் (Thirukkural),Cinematic Film / Video,திருவள்ளுவர் (Thiruvalluvar),திருக்குறள் — அதிகாரம்: துறவு,திருக்குறள் | Thirukkural — Master Collection,https://www.youtube.com/watch?v=8AEEcskF-Jo,PT4M27S,2026-09-28T15:37:19Z
100,8BPlAB-ZHHk,கடவுளைக் கடலுள் எழு | Kadavulai Kadalul Ezhu [Cinematic Shiva Film],கடவுளைக் கடலுள் எழு,Kadavulai Kadalul Ezhu,Cinematic Shiva Film,67,சிவபெருமான் (Lord Shiva),Cinematic Film / Video,சமயக்குரவர் பெருமக்கள் (திருமுறை),பன்னிரு திருமுறைகள் / தேவாரம் & திருவாசகம்,Discography ; Lord Shiva Songs,https://www.youtube.com/watch?v=8BPlAB-ZHHk,PT9M55S,2026-06-21T13:38:49Z
101,8HUmRJKyxTc,அவிநாசி பத்து | அவிநாசி பத்து [Cinematic Shiva Film],அவிநாசி பத்து,அவிநாசி பத்து,Cinematic Shiva Film,52,சிவபெருமான் (Lord Shiva),Cinematic Film / Video,சமயக்குரவர் பெருமக்கள் (திருமுறை),பன்னிரு திருமுறைகள் / தேவாரம் & திருவாசகம்,Discography ; Lord Shiva Songs,https://www.youtube.com/watch?v=8HUmRJKyxTc,PT3M50S,2026-03-13T04:33:43Z
102,8IAiHMylZJc,ஆடலமுதப் பத்து | Aadalamudha Pathu Cinematic Shiva Film,ஆடலமுதப் பத்து,Aadalamudha Pathu Cinematic Shiva Film,,55,சிவபெருமான் (Lord Shiva),Cinematic Film / Video,சமயக்குரவர் பெருமக்கள் (திருமுறை),பன்னிரு திருமுறைகள் / தேவாரம் & திருவாசகம்,Discography ; Lord Shiva Songs,https://www.youtube.com/watch?v=8IAiHMylZJc,PT5M45S,2026-09-29T07:33:26Z
103,8KQc368hCmg,திருவருட்பா - நெஞ்சொடு நேர்தல் | Nenjodu Nerthal [Full Song],திருவருட்பா - நெஞ்சொடு நேர்தல்,Nenjodu Nerthal,Full Song,60,வள்ளலார் / சன்மார்க்கம் (Thiruvarutpa / Sanmargam),Audio Track (Master Composition),வள்ளலார் இராமலிங்க அடிகளார் / மகாகவி பாரதியார்,திருவருட்பா / தேசிய ஆன்மீகப் பனுவல்,Discography ; Other Songs,https://www.youtube.com/watch?v=8KQc368hCmg,PT7M59S,2026-07-29T09:38:17Z
104,8YLA_CoDfP8,போற்றி திரு அகவல் 2026 | Potri Thiru Agaval 2026 Cinematic Shiva Film,போற்றி திரு அகவல் 2026,Potri Thiru Agaval 2026 Cinematic Shiva Film,,69,சிவபெருமான் (Lord Shiva),Cinematic Film / Video,சமயக்குரவர் பெருமக்கள் (திருமுறை),பன்னிரு திருமுறைகள் / தேவாரம் & திருவாசகம்,Discography ; Lord Shiva Songs,https://www.youtube.com/watch?v=8YLA_CoDfP8,PT20M55S,2026-09-28T16:07:12Z
105,8b2B047SSTo,திருவோத்தூர் பதிகம் II | Thiruvothur II [Cinematic Shiva Film],திருவோத்தூர் பதிகம் II,Thiruvothur II,Cinematic Shiva Film,62,சிவபெருமான் (Lord Shiva),Cinematic Film / Video,சமயக்குரவர் பெருமக்கள் (திருமுறை),பன்னிரு திருமுறைகள் / தேவாரம் & திருவாசகம்,Discography ; Lord Shiva Songs,https://www.youtube.com/watch?v=8b2B047SSTo,PT8M,2026-06-19T01:39:58Z
106,8jLZHiozGxw,ஸ்கந்த மந்திரம் | Original [Cinematic Devotional Film],ஸ்கந்த மந்திரம்,Original,Cinematic Devotional Film,54,முருகப் பெருமான் (Lord Murugar),Cinematic Film / Video,அருணகிரிநாதர் & சைவப் புலவர்கள்,கந்தர் அநுபூதி / திருப்புகழ்,Discography ; Lord Murugar Songs,https://www.youtube.com/watch?v=8jLZHiozGxw,PT5M10S,2026-09-18T14:42:21Z
107,8mzfe5h9JoY,கந்த சஷ்டி கவசம் II | Kandha Sashti Kavasam II [Cinematic Murugan Film],கந்த சஷ்டி கவசம் II,Kandha Sashti Kavasam II,Cinematic Murugan Film,71,முருகப் பெருமான் (Lord Murugar),Cinematic Film / Video,பாலதேவராய சுவாமிகள்,கந்த சஷ்டி கவசம்,Discography ; Lord Murugar Songs,https://www.youtube.com/watch?v=8mzfe5h9JoY,PT39M16S,2026-01-25T00:45:39Z
108,8uX2yl_EnMI,அதிகாரம் 83 - கூடா நட்பு | Kooda Natpu | Full Song Film,அதிகாரம் 83 - கூடா நட்பு,Kooda Natpu,,55,திருக்குறள் (Thirukkural),Cinematic Film / Video,திருவள்ளுவர் (Thiruvalluvar),திருக்குறள் — அதிகாரம்: கூடா நட்பு,Discography ; திருக்குறள் | Thirukkural — Master Collection,https://www.youtube.com/watch?v=8uX2yl_EnMI,PT4M21S,2026-09-28T17:09:28Z
109,8wZGK0nGTEo,அதிகாரம் 66 - வினைத்தூய்மை (Slow) | Vinai Thooymai [Full Song Film],அதிகாரம் 66 - வினைத்தூய்மை (Slow),Vinai Thooymai,Full Song Film,67,திருக்குறள் (Thirukkural),Cinematic Film / Video,திருவள்ளுவர் (Thiruvalluvar),திருக்குறள் — அதிகாரம்: வினைத்தூய்மை,Discography ; திருக்குறள் | Thirukkural — Master Collection,https://www.youtube.com/watch?v=8wZGK0nGTEo,PT5M8S,2026-09-22T21:12:29Z
110,9-SvikTz2FU,அதிகாரம் 53 - சுற்றந்தழால் (Remix) | Suttranthazhaal [Remix Audio],அதிகாரம் 53 - சுற்றந்தழால் (Remix),Suttranthazhaal,Remix Audio,66,திருக்குறள் (Thirukkural),Audio Track (Master Composition),திருவள்ளுவர் (Thiruvalluvar),திருக்குறள் — அதிகாரம்: சுற்றந்தழால்,Discography ; திருக்குறள் | Thirukkural — Master Collection,https://www.youtube.com/watch?v=9-SvikTz2FU,PT6M34S,2026-09-20T22:21:14Z
111,91RgQ8AygF4,அதிகாரம் 84 - பேதைமை | Pethaimai | Full Song Film,அதிகாரம் 84 - பேதைமை,Pethaimai,,49,திருக்குறள் (Thirukkural),Cinematic Film / Video,திருவள்ளுவர் (Thiruvalluvar),திருக்குறள் — அதிகாரம்: பேதைமை,Discography ; திருக்குறள் | Thirukkural — Master Collection,https://www.youtube.com/watch?v=91RgQ8AygF4,PT5M33S,2026-09-29T06:14:49Z
112,94drEh5bkH0,108 சரஸ்வதி போற்றி | 108 Saraswathi Potri [Cinematic Amman Film],108 சரஸ்வதி போற்றி,108 Saraswathi Potri,Cinematic Amman Film,64,அம்மன் / சக்தி (Goddess Amman),Cinematic Film / Video,வேத பாரம்பரியம்,ஸ்ரீ சரஸ்வதி அஷ்டோத்தர சத நாமாவளி,Discography ; Goddess Amman Songs,https://www.youtube.com/watch?v=94drEh5bkH0,PT19M50S,2026-04-25T00:04:01Z
113,9EAskIS2xuc,அதிகாரம் 29 - கள்ளாமை | Kallaamai | Full Song Film,அதிகாரம் 29 - கள்ளாமை,Kallaamai,,50,திருக்குறள் (Thirukkural),Cinematic Film / Video,திருவள்ளுவர் (Thiruvalluvar),திருக்குறள் — அதிகாரம்: கள்ளாமை,திருக்குறள் | Thirukkural — Master Collection,https://www.youtube.com/watch?v=9EAskIS2xuc,PT4M1S,2026-09-28T13:34:16Z
114,9NIv50lV4-M,அதிகாரம் 36 - மெய்யுணர்தல் | Meyyunarithal | Full Song Film,அதிகாரம் 36 - மெய்யுணர்தல்,Meyyunarithal,,59,திருக்குறள் (Thirukkural),Cinematic Film / Video,திருவள்ளுவர் (Thiruvalluvar),திருக்குறள் — அதிகாரம்: மெய்யுணர்தல்,திருக்குறள் | Thirukkural — Master Collection,https://www.youtube.com/watch?v=9NIv50lV4-M,PT3M28S,2026-09-28T15:01:23Z
115,9PUF7elNSOU,அருட்பெருஞ்சோதி 2026 | Arutperunjothi [Cinematic Devotional Film],அருட்பெருஞ்சோதி 2026,Arutperunjothi,Cinematic Devotional Film,65,வள்ளலார் / சன்மார்க்கம் (Thiruvarutpa / Sanmargam),Cinematic Film / Video,வள்ளலார் இராமலிங்க அடிகளார்,திருவருட்பா (அருட்பெருஞ்சோதி அகவல்),Discography ; Other Songs,https://www.youtube.com/watch?v=9PUF7elNSOU,PT5M47S,2026-03-15T12:19:46Z
116,9Qhwgy74BXI,ஹரே ராமா ஹரே கிருஷ்ணா! II | Hare Rama Hare Krishna Cinematic Film,ஹரே ராமா ஹரே கிருஷ்ணா! II,Hare Rama Hare Krishna Cinematic Film,,65,விஷ்ணு / கிருஷ்ணர் (Lord Vishnu & Krishna),Cinematic Film / Video,வேத பாரம்பரியம்,ஸ்ரீமத் பாகவதம் & மகாபாரதம்,Discography ; Lord Krishnar Songs,https://www.youtube.com/watch?v=9Qhwgy74BXI,PT4M28S,2026-09-27T18:33:19Z
117,9YAr421Ft00,அதிகாரம் 41 - கல்லாமை | Kallaamai [Full Song Film],அதிகாரம் 41 - கல்லாமை,Kallaamai,Full Song Film,50,திருக்குறள் (Thirukkural),Cinematic Film / Video,திருவள்ளுவர் (Thiruvalluvar),திருக்குறள் — அதிகாரம்: கல்லாமை,Discography ; திருக்குறள் | Thirukkural — Master Collection,https://www.youtube.com/watch?v=9YAr421Ft00,PT6M36S,2026-09-18T10:40:16Z
118,9kHN9Dzrv7o,அதிகாரம் 42 - கேள்வி (கேள்விச் செல்வம்) | Kelvi Selvam | Full Song Film,அதிகாரம் 42 - கேள்வி (கேள்விச் செல்வம்),Kelvi Selvam,,71,திருக்குறள் (Thirukkural),Cinematic Film / Video,திருவள்ளுவர் (Thiruvalluvar),திருக்குறள்,,https://www.youtube.com/watch?v=9kHN9Dzrv7o,PT4M9S,2026-09-28T13:54:35Z
119,9mOpq9daQVs,அதிகாரம் 72 - அவையறிதல் (Original) | Avaiyarithal [Original Audio],அதிகாரம் 72 - அவையறிதல் (Original),Avaiyarithal,Original Audio,66,திருக்குறள் (Thirukkural),Audio Track (Master Composition),திருவள்ளுவர் (Thiruvalluvar),திருக்குறள் — அதிகாரம்: அவையறிதல்,Discography ; திருக்குறள் | Thirukkural — Master Collection,https://www.youtube.com/watch?v=9mOpq9daQVs,PT3M50S,2026-09-24T06:38:36Z
120,9nD8x8gbjBg,அதிகாரம் 39 - இறைமாட்சி | Irai Maatchi | Full Song Film,அதிகாரம் 39 - இறைமாட்சி,Irai Maatchi,,55,திருக்குறள் (Thirukkural),Cinematic Film / Video,திருவள்ளுவர் (Thiruvalluvar),திருக்குறள் — அதிகாரம்: இறைமாட்சி,Discography ; திருக்குறள் | Thirukkural — Master Collection,https://www.youtube.com/watch?v=9nD8x8gbjBg,N/A,2026
121,A2CB3LpJ0Qk,கரைந்து கைதொழுவாரையும் | கரைந்து கைதொழுவாரையும் [Cinematic Shiva Film],கரைந்து கைதொழுவாரையும்,கரைந்து கைதொழுவாரையும்,Cinematic Shiva Film,70,சிவபெருமான் (Lord Shiva),Cinematic Film / Video,சமயக்குரவர் பெருமக்கள் (திருமுறை),பன்னிரு திருமுறைகள் / தேவாரம் & திருவாசகம்,Discography ; Lord Shiva Songs,https://www.youtube.com/watch?v=A2CB3LpJ0Qk,PT9M32S,2026-07-12T04:54:02Z
122,A86cP9ae6Vs,அதிகாரம் 36 - மெய்யுணர்தல் | Meyyunarithal [Full Song Film],அதிகாரம் 36 - மெய்யுணர்தல்,Meyyunarithal,Full Song Film,59,திருக்குறள் (Thirukkural),Cinematic Film / Video,திருவள்ளுவர் (Thiruvalluvar),திருக்குறள் — அதிகாரம்: மெய்யுணர்தல்,Discography ; திருக்குறள் | Thirukkural — Master Collection,https://www.youtube.com/watch?v=A86cP9ae6Vs,PT3M28S,2026-09-12T23:35:18Z
123,AW4cljBWy2w,பாலும் தெளிதேனும் | Paalum Thelithenum [Cinematic Vinayagar Film],பாலும் தெளிதேனும்,Paalum Thelithenum,Cinematic Vinayagar Film,65,விநாயகர் (Lord Vinayagar),Cinematic Film / Video,ஔவையார்,நல்வழி (விநாயகர் வணக்கம்),Discography ; Lord Vinayagar Songs,https://www.youtube.com/watch?v=AW4cljBWy2w,PT3M23S,2026-08-28T06:56:46Z
124,AuEZhvVmA90,பிடியதன் உருவுமை | பிடியதன் உருவுமை [Cinematic Shiva Film],பிடியதன் உருவுமை,பிடியதன் உருவுமை,Cinematic Shiva Film,58,சிவபெருமான் (Lord Shiva),Cinematic Film / Video,சமயக்குரவர் பெருமக்கள் (திருமுறை),பன்னிரு திருமுறைகள் / தேவாரம் & திருவாசகம்,Discography ; Lord Shiva Songs,https://www.youtube.com/watch?v=AuEZhvVmA90,PT9M50S,2026-05-31T21:32:05Z
125,B60TIM5LLvY,அதிகாரம் 44 - குற்றங்கடிதல் | Kuttrankadithal | Full Song Film,அதிகாரம் 44 - குற்றங்கடிதல்,Kuttrankadithal,,62,திருக்குறள் (Thirukkural),Cinematic Film / Video,திருவள்ளுவர் (Thiruvalluvar),திருக்குறள்,,https://www.youtube.com/watch?v=B60TIM5LLvY,PT3M54S,2026-09-28T13:49:34Z
126,B6yVe6HM8Ok,ஆறுமுகம் ஆறுமுகம் | Arumugam Arumugam Cinematic Devotional Film,ஆறுமுகம் ஆறுமுகம்,Arumugam Arumugam Cinematic Devotional Film,,63,முருகப் பெருமான் (Lord Murugar),Cinematic Film / Video,பாரம்பரிய முருகன் திருப்புகழ்,முருகன் பக்திப் பனுவல்,Discography ; Lord Murugar Songs,https://www.youtube.com/watch?v=B6yVe6HM8Ok,PT3M53S,2026-09-27T12:23:37Z
127,B9N2j7r2KkI,அதிகாரம் 63 - இடுக்கண் அழியாமை (Original) | Idukkan Azhiyaamai [Original Audio],அதிகாரம் 63 - இடுக்கண் அழியாமை (Original),Idukkan Azhiyaamai,Original Audio,79,திருக்குறள் (Thirukkural),Audio Track (Master Composition),திருவள்ளுவர் (Thiruvalluvar),திருக்குறள் — அதிகாரம்: இடுக்கண் அழியாமை,Discography ; திருக்குறள் | Thirukkural — Master Collection,https://www.youtube.com/watch?v=B9N2j7r2KkI,PT4M53S,2026-09-22T12:28:55Z
128,BXLeRFa6NHA,அவலத் தழுங்கல் 2026 | Avalath Thazhungal | Full Song Film,அவலத் தழுங்கல் 2026,Avalath Thazhungal,,57,மரபு & கலாச்சாரம் (Cultural & Heritage),Cinematic Film / Video,வள்ளலார் இராமலிங்க அடிகளார் / மகாகவி பாரதியார்,திருவருட்பா / தேசிய ஆன்மீகப் பனுவல்,Discography ; Other Songs,https://www.youtube.com/watch?v=BXLeRFa6NHA,PT8M40S,2026-09-27T18:41:50Z
129,BbDNJdLDy-4,திருப்புலம்பல் 2026 (திருவாசகம்) | Thiruppulambal [Cinematic Shiva Film],திருப்புலம்பல் 2026 (திருவாசகம்),Thiruppulambal,Cinematic Shiva Film,72,சிவபெருமான் (Lord Shiva),Cinematic Film / Video,சமயக்குரவர் பெருமக்கள் (திருமுறை),பன்னிரு திருமுறைகள் / தேவாரம் & திருவாசகம்,Discography ; Lord Shiva Songs,https://www.youtube.com/watch?v=BbDNJdLDy-4,PT3M44S,2026-07-31T15:03:54Z
130,BfgGC7DsHMI,அதிகாரம் 47 - தெரிந்து செயல்வகை | Therinthu Seyalvagai | Full Song Film,அதிகாரம் 47 - தெரிந்து செயல்வகை,Therinthu Seyalvagai,,71,திருக்குறள் (Thirukkural),Cinematic Film / Video,திருவள்ளுவர் (Thiruvalluvar),திருக்குறள் — அதிகாரம்: தெரிந்து செயல்வகை,திருக்குறள் | Thirukkural — Master Collection,https://www.youtube.com/watch?v=BfgGC7DsHMI,PT5M48S,2026-09-28T15:12:17Z
131,BoOWFaOGczE,அதிகாரம் 30 - வாய்மை (Original) | Vaaymai [Original Audio],அதிகாரம் 30 - வாய்மை (Original),Vaaymai,Original Audio,58,திருக்குறள் (Thirukkural),Audio Track (Master Composition),திருவள்ளுவர் (Thiruvalluvar),திருக்குறள்,,https://www.youtube.com/watch?v=BoOWFaOGczE,PT4M14S,2026-09-14T18:16:52Z
132,Bq6eGijG9T4,இந்திய தேசிய கீதம் 2026 | Indian National Anthem [Cinematic Film],இந்திய தேசிய கீதம் 2026,Indian National Anthem,Cinematic Film,65,மரபு & கலாச்சாரம் (Cultural & Heritage),Cinematic Film / Video,வள்ளலார் இராமலிங்க அடிகளார் / மகாகவி பாரதியார்,திருவருட்பா / தேசிய ஆன்மீகப் பனுவல்,Discography ; Other Songs,https://www.youtube.com/watch?v=Bq6eGijG9T4,PT3M52S,2026-03-14T20:31:29Z
133,BxQ4c9VPwAo,திருவருட்பா - அபராத விண்ணப்பம் III Golden | Aparadha Vinnappam III | Full Song Film,திருவருட்பா - அபராத விண்ணப்பம் III Golden,Aparadha Vinnappam III,,83,வள்ளலார் / சன்மார்க்கம் (Thiruvarutpa / Sanmargam),Cinematic Film / Video,வள்ளலார் இராமலிங்க அடிகளார் / மகாகவி பாரதியார்,திருவருட்பா / தேசிய ஆன்மீகப் பனுவல்,Discography ; Other Songs,https://www.youtube.com/watch?v=BxQ4c9VPwAo,PT4M51S,2026-09-27T20:22:22Z
134,C05GEfkJZaY,அதிகாரம் 5 - இல்வாழ்க்கை | Ilvazhkkai Cinematic Thirukkural Film,அதிகாரம் 5 - இல்வாழ்க்கை,Ilvazhkkai Cinematic Thirukkural Film,,64,திருக்குறள் (Thirukkural),Cinematic Film / Video,திருவள்ளுவர் (Thiruvalluvar),திருக்குறள்,,https://www.youtube.com/watch?v=C05GEfkJZaY,PT4M18S,2026-09-27T21:00:37Z
135,C2rLIrP3vAA,கந்த சஷ்டி கவசம் II | Kandha Sashti Kavasam II Full Cinematic Film,கந்த சஷ்டி கவசம் II,Kandha Sashti Kavasam II Full Cinematic Film,,66,முருகப் பெருமான் (Lord Murugar),Cinematic Film / Video,பாலதேவராய சுவாமிகள்,கந்த சஷ்டி கவசம்,Discography ; Lord Murugar Songs,https://www.youtube.com/watch?v=C2rLIrP3vAA,PT39M16S,2026-09-27T14:13:02Z
136,C7PTFCAFIRI,அதிகாரம் 37 - அவாவறுத்தல் | Avaa Aruththal [Full Song Film],அதிகாரம் 37 - அவாவறுத்தல்,Avaa Aruththal,Full Song Film,59,திருக்குறள் (Thirukkural),Cinematic Film / Video,திருவள்ளுவர் (Thiruvalluvar),திருக்குறள் உலகப் பொதுமறை,Discography ; திருக்குறள் | Thirukkural — Master Collection,https://www.youtube.com/watch?v=C7PTFCAFIRI,PT3M52S,2026-09-13T02:24:13Z
137,C9Ea0-FfMNs,நாத விந்துகள் (பழனி திருப்புகழ்) | Naatha Vindhugal [Murugan Film],நாத விந்துகள் (பழனி திருப்புகழ்),Naatha Vindhugal,Murugan Film,66,முருகப் பெருமான் (Lord Murugar),Cinematic Film / Video,அருணகிரிநாத சுவாமிகள்,திருப்புகழ் (விநாயகர் துதி),Discography ; Lord Murugar Songs,https://www.youtube.com/watch?v=C9Ea0-FfMNs,PT5M55S,2026-01-11T19:16:19Z
138,CEh2a8KUIKU,அதிகாரம் 72 - அவையறிதல் | Avaiyarithal | Full Song Film,அதிகாரம் 72 - அவையறிதல்,Avaiyarithal,,55,திருக்குறள் (Thirukkural),Cinematic Film / Video,திருவள்ளுவர் (Thiruvalluvar),திருக்குறள் — அதிகாரம்: அவையறிதல்,திருக்குறள் | Thirukkural — Master Collection,https://www.youtube.com/watch?v=CEh2a8KUIKU,PT3M50S,2026-09-28T09:35:15Z
139,CFEYF0X6fLU,கந்த சஷ்டி கவசம் துதி 2026 | கந்த சஷ்டி கவசம் துதி 2026 [Cinematic Murugan Film],கந்த சஷ்டி கவசம் துதி 2026,கந்த சஷ்டி கவசம் துதி 2026,Cinematic Murugan Film,80,முருகப் பெருமான் (Lord Murugar),Cinematic Film / Video,பாலதேவராய சுவாமிகள்,கந்த சஷ்டி கவசம்,Discography ; Lord Murugar Songs,https://www.youtube.com/watch?v=CFEYF0X6fLU,PT24M52S,2026-03-14T20:31:29Z
140,CHWHsVF0V70,திருமந்திரம் (முதல் தந்திரம்) | திருமந்திரம் (முதல் தந்திரம்) [Cinematic Shiva Film],திருமந்திரம் (முதல் தந்திரம்),திருமந்திரம் (முதல் தந்திரம்),Cinematic Shiva Film,84,சிவபெருமான் (Lord Shiva),Cinematic Film / Video,சமயக்குரவர் பெருமக்கள் (திருமுறை),பன்னிரு திருமுறைகள் / தேவாரம் & திருவாசகம்,Discography ; Lord Shiva Songs,https://www.youtube.com/watch?v=CHWHsVF0V70,PT7M56S,2026-03-02T10:26:12Z
141,CS92JrOQkbc,லக்ஷ்மி 108 போற்றி | Lakshmi 108 Potri Cinematic Devotional Film,லக்ஷ்மி 108 போற்றி,Lakshmi 108 Potri Cinematic Devotional Film,,64,அம்மன் / சக்தி (Goddess Amman),Cinematic Film / Video,வேத பாரம்பரியம்,ஸ்ரீ சரஸ்வதி அஷ்டோத்தர சத நாமாவளி,Discography ; Goddess Amman Songs,https://www.youtube.com/watch?v=CS92JrOQkbc,PT14M57S,2026-09-27T13:31:19Z
142,CSqgMX4LhJI,பிரார்த்தனைப் பத்து 2026 (திருவாசகம்) | Prarthanai Pathu [Shiva Film],பிரார்த்தனைப் பத்து 2026 (திருவாசகம்),Prarthanai Pathu,Shiva Film,69,சிவபெருமான் (Lord Shiva),Cinematic Film / Video,சமயக்குரவர் பெருமக்கள் (திருமுறை),பன்னிரு திருமுறைகள் / தேவாரம் & திருவாசகம்,Discography ; Lord Shiva Songs,https://www.youtube.com/watch?v=CSqgMX4LhJI,PT10M34S,2026-02-09T06:37:55Z
143,CUMZcTM4y7w,அதிகாரம் 5 - இல்வாழ்க்கை | Ilvaazhkkai [Original Audio],அதிகாரம் 5 - இல்வாழ்க்கை,Ilvaazhkkai,Original Audio,55,திருக்குறள் (Thirukkural),Audio Track (Master Composition),திருவள்ளுவர் (Thiruvalluvar),திருக்குறள் — அதிகாரம்: இல்வாழ்க்கை,Discography ; திருக்குறள் | Thirukkural — Master Collection,https://www.youtube.com/watch?v=CUMZcTM4y7w,N/A,2026
144,CV1j4ieFw5w,அவிநாசி பத்து | Avinasi Pathu Cinematic Devotional Film,அவிநாசி பத்து,Avinasi Pathu Cinematic Devotional Film,,55,சிவபெருமான் (Lord Shiva),Cinematic Film / Video,சமயக்குரவர் பெருமக்கள் (திருமுறை),பன்னிரு திருமுறைகள் / தேவாரம் & திருவாசகம்,Discography ; Lord Shiva Songs,https://www.youtube.com/watch?v=CV1j4ieFw5w,PT3M50S,2026-09-27T09:37:35Z
145,CjUD2TU3oAY,குறி கலந்த இசை | Kuri Kalandha Isai [Cinematic Shiva Film],குறி கலந்த இசை,Kuri Kalandha Isai,Cinematic Shiva Film,58,சிவபெருமான் (Lord Shiva),Cinematic Film / Video,சமயக்குரவர் பெருமக்கள் (திருமுறை),பன்னிரு திருமுறைகள் / தேவாரம் & திருவாசகம்,Discography ; Lord Shiva Songs,https://www.youtube.com/watch?v=CjUD2TU3oAY,PT14M,2026-06-19T21:31:16Z
146,Csc5uzl184s,வேதசார் சிவ ஸ்தோத்திரம் | Vedasar Shiva Stotram Cinematic Devotional Film,வேதசார் சிவ ஸ்தோத்திரம்,Vedasar Shiva Stotram Cinematic Devotional Film,,73,சிவபெருமான் (Lord Shiva),Cinematic Film / Video,சமயக்குரவர் பெருமக்கள் (திருமுறை),பன்னிரு திருமுறைகள் / தேவாரம் & திருவாசகம்,Discography ; Lord Shiva Songs,https://www.youtube.com/watch?v=Csc5uzl184s,PT6M9S,2026-09-27T04:32:10Z
147,CvDDeKLC4mw,தாயின் மணிக்கொடி பாரீர் | Thayin Manikkodi Paareer [Cinematic Film],தாயின் மணிக்கொடி பாரீர்,Thayin Manikkodi Paareer,Cinematic Film,67,மரபு & கலாச்சாரம் (Cultural & Heritage),Cinematic Film / Video,வள்ளலார் இராமலிங்க அடிகளார் / மகாகவி பாரதியார்,திருவருட்பா / தேசிய ஆன்மீகப் பனுவல்,Discography ; Other Songs,https://www.youtube.com/watch?v=CvDDeKLC4mw,PT7M51S,2026-01-13T19:39:13Z
148,D95woYqPoPI,அதிகாரம் 66 - வினைத்தூய்மை (Remix) | Vinai Thooymai Remix Cinematic Thirukkural Film,அதிகாரம் 66 - வினைத்தூய்மை (Remix),Vinai Thooymai Remix Cinematic Thirukkural Film,,84,திருக்குறள் (Thirukkural),Cinematic Film / Video,திருவள்ளுவர் (Thiruvalluvar),திருக்குறள் — அதிகாரம்: வினைத்தூய்மை,Discography ; திருக்குறள் | Thirukkural — Master Collection,https://www.youtube.com/watch?v=D95woYqPoPI,PT4M32S,2026-09-28T18:19:09Z
149,DCJ2qoMSIBA,திருவருட்பா - தியாக வண்ணப் பதிகம் | Thiyaga Vanna Pathigam [Full Song],திருவருட்பா - தியாக வண்ணப் பதிகம்,Thiyaga Vanna Pathigam,Full Song,70,சிவபெருமான் (Lord Shiva),Audio Track (Master Composition),சமயக்குரவர் பெருமக்கள் (திருமுறை),பன்னிரு திருமுறைகள் / தேவாரம் & திருவாசகம்,Discography ; Lord Shiva Songs,https://www.youtube.com/watch?v=DCJ2qoMSIBA,PT4M37S,2026-08-04T06:11:11Z
150,DI2ZW8jS_6o,திருவார்த்தை 2026 (திருவாசகம்) | Cinematic Lord Shiva Devotional Film,திருவார்த்தை 2026 (திருவாசகம்),Cinematic Lord Shiva Devotional Film,,69,சிவபெருமான் (Lord Shiva),Cinematic Film / Video,சமயக்குரவர் பெருமக்கள் (திருமுறை),பன்னிரு திருமுறைகள் / தேவாரம் & திருவாசகம்,,https://www.youtube.com/watch?v=DI2ZW8jS_6o,PT14M47S,2026-09-29T06:45:01Z
151,DIDV-3cHhag,அதிகாரம் 49 - காலமறிதல் | Kaalamarithal | Full Song Film,அதிகாரம் 49 - காலமறிதல்,Kaalamarithal,,56,திருக்குறள் (Thirukkural),Cinematic Film / Video,திருவள்ளுவர் (Thiruvalluvar),திருக்குறள் — அதிகாரம்: காலமறிதல்,திருக்குறள் | Thirukkural — Master Collection,https://www.youtube.com/watch?v=DIDV-3cHhag,PT4M22S,2026-09-28T13:40:58Z
152,DYAKkr0e5jU,திரு சனி பகவான் துதி 2026 | Sani Bhagavan Thuthi [Cinematic Devotional Film],திரு சனி பகவான் துதி 2026,Sani Bhagavan Thuthi,Cinematic Devotional Film,76,மரபு & கலாச்சாரம் (Cultural & Heritage),Cinematic Film / Video,வள்ளலார் இராமலிங்க அடிகளார் / மகாகவி பாரதியார்,திருவருட்பா / தேசிய ஆன்மீகப் பனுவல்,Discography ; Other Songs,https://www.youtube.com/watch?v=DYAKkr0e5jU,PT4M20S,2026-07-30T11:40:10Z
153,DhHGetUJlAI,அதிகாரம் 54 - பொச்சாவாமை (Remix) | Pochavaamai [Remix Audio],அதிகாரம் 54 - பொச்சாவாமை (Remix),Pochavaamai,Remix Audio,60,திருக்குறள் (Thirukkural),Audio Track (Master Composition),திருவள்ளுவர் (Thiruvalluvar),திருக்குறள்,,https://www.youtube.com/watch?v=DhHGetUJlAI,PT4M47S,2026-09-20T23:32:28Z
154,DsbMysGdqv8,உருவாய் அருவாய் | Uruvaai Aruvaai Kandhar Anubhudhi Cinematic Devotional Film,உருவாய் அருவாய்,Uruvaai Aruvaai Kandhar Anubhudhi Cinematic Devotional Film,,77,முருகப் பெருமான் (Lord Murugar),Cinematic Film / Video,அருணகிரிநாத சுவாமிகள்,கந்தர் அநுபூதி,Discography ; Lord Murugar Songs,https://www.youtube.com/watch?v=DsbMysGdqv8,PT3M14S,2026-09-27T12:22:46Z
155,DvFAVsnMOE4,ஸ்மரணாத³ருணாசலம் | Cinematic Lord Shiva Devotional Film,ஸ்மரணாத³ருணாசலம்,Cinematic Lord Shiva Devotional Film,,55,சிவபெருமான் (Lord Shiva),Cinematic Film / Video,சமயக்குரவர் பெருமக்கள் (திருமுறை),பன்னிரு திருமுறைகள் / தேவாரம் & திருவாசகம்,Discography ; Lord Shiva Songs,https://www.youtube.com/watch?v=DvFAVsnMOE4,PT9M47S,2026-09-27T19:59:04Z
156,E7yfNOiwJmM,அதிகாரம் 58 - கண்ணோட்டம் (Symphony) | Kannottam [Symphony],அதிகாரம் 58 - கண்ணோட்டம் (Symphony),Kannottam,Symphony,58,திருக்குறள் (Thirukkural),Audio Track (Master Composition),திருவள்ளுவர் (Thiruvalluvar),திருக்குறள் — அதிகாரம்: கண்ணோட்டம்,Discography ; திருக்குறள் | Thirukkural — Master Collection,https://www.youtube.com/watch?v=E7yfNOiwJmM,PT5M15S,2026-09-21T16:48:45Z
157,EChaj0wXk_0,அதிகாரம் 25 - அருளுடைமை | Aruludaimai [Full Song Film],அதிகாரம் 25 - அருளுடைமை,Aruludaimai,Full Song Film,54,திருக்குறள் (Thirukkural),Cinematic Film / Video,திருவள்ளுவர் (Thiruvalluvar),திருக்குறள்,,https://www.youtube.com/watch?v=EChaj0wXk_0,PT3M52S,2026-09-12T05:57:25Z
158,EE9qX_vQdlQ,திருஏசறவு 2026 (திருவாசகம்) | Thiruesaravu Cinematic Devotional Film,திருஏசறவு 2026 (திருவாசகம்),Thiruesaravu Cinematic Devotional Film,,68,சிவபெருமான் (Lord Shiva),Cinematic Film / Video,சமயக்குரவர் பெருமக்கள் (திருமுறை),பன்னிரு திருமுறைகள் / தேவாரம் & திருவாசகம்,Discography ; Lord Shiva Songs,https://www.youtube.com/watch?v=EE9qX_vQdlQ,PT9M16S,2026-09-27T19:16:53Z
159,EOkuHFSfv8c,திருவருட்பா - நமச்சிவாய ஸங்கீர்த்தனம் | Namasivaya Sankeerthanam [Full Song],திருவருட்பா - நமச்சிவாய ஸங்கீர்த்தனம்,Namasivaya Sankeerthanam,Full Song,76,சிவபெருமான் (Lord Shiva),Audio Track (Master Composition),சமயக்குரவர் பெருமக்கள் (திருமுறை),பன்னிரு திருமுறைகள் / தேவாரம் & திருவாசகம்,Discography ; Lord Shiva Songs,https://www.youtube.com/watch?v=EOkuHFSfv8c,PT11M7S,2026-09-19T09:45:09Z
160,ETELjf0OTi4,தமிழ்த்தாய் வாழ்த்து | Tamil Thai Vazhthu [Cinematic Film],தமிழ்த்தாய் வாழ்த்து,Tamil Thai Vazhthu,Cinematic Film,58,மரபு & கலாச்சாரம் (Cultural & Heritage),Cinematic Film / Video,வள்ளலார் இராமலிங்க அடிகளார் / மகாகவி பாரதியார்,திருவருட்பா / தேசிய ஆன்மீகப் பனுவல்,Discography ; Other Songs,https://www.youtube.com/watch?v=ETELjf0OTi4,PT4M12S,2026-08-28T06:50:01Z
161,EXl0IUQXfoU,ஹரே ராமா ஹரே கிருஷ்ணா I | Hare Rama Hare Krishna I [Cinematic Devotional Film],ஹரே ராமா ஹரே கிருஷ்ணா I,Hare Rama Hare Krishna I,Cinematic Devotional Film,78,விஷ்ணு / கிருஷ்ணர் (Lord Vishnu & Krishna),Cinematic Film / Video,வேத பாரம்பரியம்,ஸ்ரீமத் பாகவதம் & மகாபாரதம்,Discography ; Lord Krishnar Songs ; Lord Vishnu Songs,https://www.youtube.com/watch?v=EXl0IUQXfoU,PT5M22S,2026-03-15T18:19:35Z
162,F-aVgFOdKFo,அதிகாரம் 52 - தெரிந்து வினையாடல் (Remix) | Therinthu Vinaiyaadal [Remix Audio],அதிகாரம் 52 - தெரிந்து வினையாடல் (Remix),Therinthu Vinaiyaadal,Remix Audio,78,திருக்குறள் (Thirukkural),Audio Track (Master Composition),திருவள்ளுவர் (Thiruvalluvar),திருக்குறள்,,https://www.youtube.com/watch?v=F-aVgFOdKFo,PT6M41S,2026-09-20T20:53:27Z
163,FFXImcs5Ehw,ஸ்ரீ சிவசண்முக நாம ஸங்கீர்த்தனம் | Siva Shanmuga Nama Sankeerthanam Cinematic Film,ஸ்ரீ சிவசண்முக நாம ஸங்கீர்த்தனம்,Siva Shanmuga Nama Sankeerthanam Cinematic Film,,82,சிவபெருமான் (Lord Shiva),Cinematic Film / Video,அருணகிரிநாதர் & சைவப் புலவர்கள்,கந்தர் அநுபூதி / திருப்புகழ்,Discography ; Lord Murugar Songs,https://www.youtube.com/watch?v=FFXImcs5Ehw,PT9M44S,2026-09-27T13:28:31Z
164,FGFVertqRUU,அதிகாரம் 64 - அமைச்சு (Remix) | Amaichu [Remix Audio],அதிகாரம் 64 - அமைச்சு (Remix),Amaichu,Remix Audio,53,திருக்குறள் (Thirukkural),Audio Track (Master Composition),திருவள்ளுவர் (Thiruvalluvar),திருக்குறள் — அதிகாரம்: அமைச்சு,Discography ; திருக்குறள் | Thirukkural — Master Collection,https://www.youtube.com/watch?v=FGFVertqRUU,PT5M7S,2026-09-22T15:32:20Z
165,FGeahfpAbiw,திருவருட்பா - அன்பு மாலை - 2026 (I) | Cinematic Devotional Film,திருவருட்பா - அன்பு மாலை - 2026 (I),Cinematic Devotional Film,,63,சிவபெருமான் (Lord Shiva),Cinematic Film / Video,சமயக்குரவர் பெருமக்கள் (திருமுறை),பன்னிரு திருமுறைகள் / தேவாரம் & திருவாசகம்,Lord Shiva Songs,https://www.youtube.com/watch?v=FGeahfpAbiw,PT9M22S,2026-09-29T07:10:22Z
166,FI0wKDmanmE,திருவடிப் புகழ்ச்சி | Thiruvadi Pugazhchi Cinematic Devotional Film,திருவடிப் புகழ்ச்சி,Thiruvadi Pugazhchi Cinematic Devotional Film,,67,சிவபெருமான் (Lord Shiva),Cinematic Film / Video,சமயக்குரவர் பெருமக்கள் (திருமுறை),பன்னிரு திருமுறைகள் / தேவாரம் & திருவாசகம்,Discography ; Lord Shiva Songs,https://www.youtube.com/watch?v=FI0wKDmanmE,PT4M35S,2026-09-27T13:09:30Z
167,FS5fUOxZySE,அதிகாரம் 48 - வலியறிதல் (Remix) | Valiyarithal [Remix Audio],அதிகாரம் 48 - வலியறிதல் (Remix),Valiyarithal,Remix Audio,60,திருக்குறள் (Thirukkural),Audio Track (Master Composition),திருவள்ளுவர் (Thiruvalluvar),திருக்குறள் — அதிகாரம்: வலியறிதல்,Discography ; திருக்குறள் | Thirukkural — Master Collection,https://www.youtube.com/watch?v=FS5fUOxZySE,PT5M47S,2026-09-20T06:58:22Z
168,FTAB7OBVPPY,திருப்புகழ் 566 இரத்னகிரி II | Rathinagiri Thiruppugazh Cinematic Film,திருப்புகழ் 566 இரத்னகிரி II,Rathinagiri Thiruppugazh Cinematic Film,,70,முருகப் பெருமான் (Lord Murugar),Cinematic Film / Video,அருணகிரிநாத சுவாமிகள்,திருப்புகழ் (விநாயகர் துதி),Discography ; Lord Murugar Songs,https://www.youtube.com/watch?v=FTAB7OBVPPY,PT4M,2026-09-27T13:03:00Z
169,FXMVQIidbJU,அதிகாரம் 60 - ஊக்கமுடைமை (Remix) | Ookkamudaimai [Remix Audio],அதிகாரம் 60 - ஊக்கமுடைமை (Remix),Ookkamudaimai,Remix Audio,62,திருக்குறள் (Thirukkural),Audio Track (Master Composition),திருவள்ளுவர் (Thiruvalluvar),திருக்குறள் — அதிகாரம்: ஊக்கமுடைமை,Discography ; திருக்குறள் | Thirukkural — Master Collection,https://www.youtube.com/watch?v=FXMVQIidbJU,PT5M25S,2026-09-21T23:59:44Z
170,Fh3HfGUObmg,அதிகாரம் 61 - மடியின்மை (Remix) | Madiyinmai [Remix Audio],அதிகாரம் 61 - மடியின்மை (Remix),Madiyinmai,Remix Audio,58,திருக்குறள் (Thirukkural),Audio Track (Master Composition),திருவள்ளுவர் (Thiruvalluvar),திருக்குறள்,,https://www.youtube.com/watch?v=Fh3HfGUObmg,PT4M24S,2026-09-22T00:06:54Z
171,FkQqysk6vmE,அதிகாரம் 43 - அறிவுடைமை (Original) | Arivudaimai [Original Audio],அதிகாரம் 43 - அறிவுடைமை (Original),Arivudaimai,Original Audio,65,திருக்குறள் (Thirukkural),Audio Track (Master Composition),திருவள்ளுவர் (Thiruvalluvar),திருக்குறள் — அதிகாரம்: அறிவுடைமை,Discography ; திருக்குறள் | Thirukkural — Master Collection,https://www.youtube.com/watch?v=FkQqysk6vmE,PT5M2S,2026-09-19T14:46:11Z
172,FrZmyvY3sEc,அதிகாரம் 73 - அவையஞ்சாமை (Original) | Avai Anjaamai [Original Audio],அதிகாரம் 73 - அவையஞ்சாமை (Original),Avai Anjaamai,Original Audio,68,திருக்குறள் (Thirukkural),Audio Track (Master Composition),திருவள்ளுவர் (Thiruvalluvar),திருக்குறள் உலகப் பொதுமறை,Discography ; திருக்குறள் | Thirukkural — Master Collection,https://www.youtube.com/watch?v=FrZmyvY3sEc,PT3M59S,2026-09-24T08:20:16Z
173,G4Tk8Z1tKRg,கோயிலாகநல் - பழமொழிமேல் 2026 | Koiyilakanal [Cinematic Devotional Film],கோயிலாகநல் - பழமொழிமேல் 2026,Koiyilakanal,Cinematic Devotional Film,71,மரபு & கலாச்சாரம் (Cultural & Heritage),Cinematic Film / Video,வள்ளலார் இராமலிங்க அடிகளார் / மகாகவி பாரதியார்,திருவருட்பா / தேசிய ஆன்மீகப் பனுவல்,Discography ; Other Songs,https://www.youtube.com/watch?v=G4Tk8Z1tKRg,PT12M56S,2026-09-07T21:18:58Z
174,GCea1CAcjl8,பெரியாழ்வார் திருமொழி தாலாட்டு 2026 (II) | Periyazhvar Lullaby II,பெரியாழ்வார் திருமொழி தாலாட்டு 2026 (II),Periyazhvar Lullaby II,,65,விஷ்ணு / கிருஷ்ணர் (Lord Vishnu & Krishna),Audio Track (Master Composition),பெரியாழ்வார்,பெரியாழ்வார் திருமொழி (கண்ணன் தாலாட்டு),Discography ; Lord Krishnar Songs,https://www.youtube.com/watch?v=GCea1CAcjl8,PT4M13S,2026-08-07T04:52:44Z
175,GJJW8gIHJ0E,ஆதி யோகீஸ்வரர் நாம ஒளி சரணம் | Aadhi Yogeeswarar [Cinematic Shiva Film],ஆதி யோகீஸ்வரர் நாம ஒளி சரணம்,Aadhi Yogeeswarar,Cinematic Shiva Film,71,சிவபெருமான் (Lord Shiva),Cinematic Film / Video,ஆழ்வார்கள் / நாலாயிர திவ்வியப் பிரபந்தம்,திருப்பாவை & நாலாயிர திவ்வியப் பிரபந்தம்,Lord Shiva Songs ; Lord Vishnu Songs,https://www.youtube.com/watch?v=GJJW8gIHJ0E,PT5M17S,2026-09-29T07:12:23Z
176,GN181JJ1lXU,அதிகாரம் 71 - குறிப்பறிதல் (Remix) | Kuripparithal [Remix Audio],அதிகாரம் 71 - குறிப்பறிதல் (Remix),Kuripparithal,Remix Audio,64,திருக்குறள் (Thirukkural),Audio Track (Master Composition),திருவள்ளுவர் (Thiruvalluvar),திருக்குறள் — அதிகாரம்: குறிப்பறிதல்,Discography ; திருக்குறள் | Thirukkural — Master Collection,https://www.youtube.com/watch?v=GN181JJ1lXU,PT4M48S,2026-09-23T23:18:55Z
177,GYH3tnKYidU,திருமந்திரம் (முதல் தந்திரம்) | Thirumanthiram Cinematic Devotional Film,திருமந்திரம் (முதல் தந்திரம்),Thirumanthiram Cinematic Devotional Film,,72,சிவபெருமான் (Lord Shiva),Cinematic Film / Video,சமயக்குரவர் பெருமக்கள் (திருமுறை),பன்னிரு திருமுறைகள் / தேவாரம் & திருவாசகம்,Discography ; Lord Shiva Songs,https://www.youtube.com/watch?v=GYH3tnKYidU,PT7M56S,2026-09-27T19:11:57Z
178,GfGlO3RQuik,அதிகாரம் 61 - மடியின்மை (Original) | Madiyinmai [Original Audio],அதிகாரம் 61 - மடியின்மை (Original),Madiyinmai,Original Audio,64,திருக்குறள் (Thirukkural),Audio Track (Master Composition),திருவள்ளுவர் (Thiruvalluvar),திருக்குறள்,,https://www.youtube.com/watch?v=GfGlO3RQuik,PT4M9S,2026-09-22T00:06:54Z
179,GlJrQMMTRhI,அருட்பெருஞ்சோதி 2026 VI | Arutperunjothi VI | Full Song Film,அருட்பெருஞ்சோதி 2026 VI,Arutperunjothi VI,,60,வள்ளலார் / சன்மார்க்கம் (Thiruvarutpa / Sanmargam),Cinematic Film / Video,வள்ளலார் இராமலிங்க அடிகளார்,திருவருட்பா (அருட்பெருஞ்சோதி அகவல்),Discography ; Other Songs,https://www.youtube.com/watch?v=GlJrQMMTRhI,PT22M24S,2026-09-27T21:20:01Z
180,Gnu-TzZfe7A,அதிகாரம் 41 - கல்லாமை | Kallaamai Learning | Full Song Film,அதிகாரம் 41 - கல்லாமை,Kallaamai Learning,,59,திருக்குறள் (Thirukkural),Cinematic Film / Video,திருவள்ளுவர் (Thiruvalluvar),திருக்குறள் — அதிகாரம்: கல்லாமை,திருக்குறள் | Thirukkural — Master Collection,https://www.youtube.com/watch?v=Gnu-TzZfe7A,PT6M36S,2026-09-28T14:58:17Z
181,GydxHEmyDPc,கண நாதா ஓம் (Original) | Gana Natha Om [Cinematic Vinayagar Film],கண நாதா ஓம் (Original),Gana Natha Om,Cinematic Vinayagar Film,65,முருகப் பெருமான் (Lord Murugar),Cinematic Film / Video,பாரம்பரிய விநாயகர் துதி,விநாயகர் நாம சங்கீர்த்தனம்,Discography ; Lord Vinayagar Songs,https://www.youtube.com/watch?v=GydxHEmyDPc,PT3M48S,2026-09-14T23:11:44Z
182,HD3EgOlDLJ0,அருட்பெருஞ்சோதி அகவல் 2026 II | Arutperunjothi II | Full Song Film,அருட்பெருஞ்சோதி அகவல் 2026 II,Arutperunjothi II,,66,வள்ளலார் / சன்மார்க்கம் (Thiruvarutpa / Sanmargam),Cinematic Film / Video,வள்ளலார் இராமலிங்க அடிகளார்,திருவருட்பா (அருட்பெருஞ்சோதி அகவல்),Discography ; Other Songs,https://www.youtube.com/watch?v=HD3EgOlDLJ0,PT17M6S,2026-09-27T20:24:59Z
183,HPP3IG7DWRc,ஹரே கிருஷ்ணா ஹரே ராமா | Hare Krishna Hare Rama [Cinematic Devotional Film],ஹரே கிருஷ்ணா ஹரே ராமா,Hare Krishna Hare Rama,Cinematic Devotional Film,74,விஷ்ணு / கிருஷ்ணர் (Lord Vishnu & Krishna),Cinematic Film / Video,வேத பாரம்பரியம்,ஸ்ரீமத் பாகவதம் & மகாபாரதம்,Discography ; Lord Krishnar Songs ; Lord Vishnu Songs,https://www.youtube.com/watch?v=HPP3IG7DWRc,PT4M32S,2026-08-28T06:51:33Z
184,HRN77i6Kio8,அதிகாரம் 45 - பெரியாரைத் துணைக்கோடல் (Remix) | Periyarai Thunaikodal,அதிகாரம் 45 - பெரியாரைத் துணைக்கோடல் (Remix),Periyarai Thunaikodal,,68,திருக்குறள் (Thirukkural),Devotional Music Video,திருவள்ளுவர் (Thiruvalluvar),திருக்குறள்,,https://www.youtube.com/watch?v=HRN77i6Kio8,PT4M23S,2026-09-28T16:03:01Z
185,HU-f-FpjmTQ,வான் முகில் வழாது பெய்க | Vaan Mugil Vazhadhu Peyga [Cinematic Devotional Film],வான் முகில் வழாது பெய்க,Vaan Mugil Vazhadhu Peyga,Cinematic Devotional Film,79,மரபு & கலாச்சாரம் (Cultural & Heritage),Cinematic Film / Video,வள்ளலார் இராமலிங்க அடிகளார் / மகாகவி பாரதியார்,திருவருட்பா / தேசிய ஆன்மீகப் பனுவல்,Discography ; Other Songs,https://www.youtube.com/watch?v=HU-f-FpjmTQ,PT3M51S,2026-02-11T01:57:51Z
186,HXLltX2BPig,அருள் நாம விளக்கம் | Arul Nama Vilakkam Cinematic Devotional Film,அருள் நாம விளக்கம்,Arul Nama Vilakkam Cinematic Devotional Film,,65,மரபு & கலாச்சாரம் (Cultural & Heritage),Cinematic Film / Video,வள்ளலார் இராமலிங்க அடிகளார் / மகாகவி பாரதியார்,திருவருட்பா / தேசிய ஆன்மீகப் பனுவல்,Discography ; Other Songs,https://www.youtube.com/watch?v=HXLltX2BPig,PT8M37S,2026-09-27T18:03:43Z
187,HezzLu_n6qE,அதிகாரம் 37 - அவாவறுத்தல் | Avaa Aruththal | Full Song Film,அதிகாரம் 37 - அவாவறுத்தல்,Avaa Aruththal,,59,திருக்குறள் (Thirukkural),Cinematic Film / Video,திருவள்ளுவர் (Thiruvalluvar),திருக்குறள் — அதிகாரம்: அவாவறுத்தல்,திருக்குறள் | Thirukkural — Master Collection,https://www.youtube.com/watch?v=HezzLu_n6qE,PT3M52S,2026-09-28T14:45:54Z
188,Hq6XdaHfdfo,அதிகாரம் 52 - தெரிந்து வினையாடல் | Therinthu Vinaiyaadal Cinematic Thirukkural Film,அதிகாரம் 52 - தெரிந்து வினையாடல்,Therinthu Vinaiyaadal Cinematic Thirukkural Film,,83,திருக்குறள் (Thirukkural),Cinematic Film / Video,திருவள்ளுவர் (Thiruvalluvar),திருக்குறள் — அதிகாரம் 52: தெரிந்து வினையாடல்,Discography ; திருக்குறள் | Thirukkural — Master Collection,https://www.youtube.com/watch?v=Hq6XdaHfdfo,N/A,2026
189,HxxLl5p1t0A,அதிகாரம் 72 - அவையறிதல் (Sad) | Avaiyarithal [Full Song Film],அதிகாரம் 72 - அவையறிதல் (Sad),Avaiyarithal,Full Song Film,61,திருக்குறள் (Thirukkural),Cinematic Film / Video,திருவள்ளுவர் (Thiruvalluvar),திருக்குறள் — அதிகாரம்: அவையறிதல்,Discography ; திருக்குறள் | Thirukkural — Master Collection,https://www.youtube.com/watch?v=HxxLl5p1t0A,PT5M16S,2026-09-24T06:38:36Z
190,I-ZLmvGIiz4,திருவருட்பா - சிவ பதி விளக்கம் | Siva Pathi Vilakkam [Full Song],திருவருட்பா - சிவ பதி விளக்கம்,Siva Pathi Vilakkam,Full Song,64,சிவபெருமான் (Lord Shiva),Audio Track (Master Composition),சமயக்குரவர் பெருமக்கள் (திருமுறை),பன்னிரு திருமுறைகள் / தேவாரம் & திருவாசகம்,Discography ; Lord Shiva Songs,https://www.youtube.com/watch?v=I-ZLmvGIiz4,PT4M45S,2026-08-18T16:33:43Z
191,I70WNnsVXtY,Kalla Pizhaiyum | Kalla Pizhaiyum [Cinematic Shiva Film],Kalla Pizhaiyum,Kalla Pizhaiyum,Cinematic Shiva Film,56,சிவபெருமான் (Lord Shiva),Cinematic Film / Video,சமயக்குரவர் பெருமக்கள் (திருமுறை),பன்னிரு திருமுறைகள் / தேவாரம் & திருவாசகம்,Discography ; Lord Shiva Songs,https://www.youtube.com/watch?v=I70WNnsVXtY,PT6M22S,2026-02-11T01:57:51Z
192,IEk-wwY3rC8,அதிகாரம் 27 - தவம் | Thavam [Full Song Film],அதிகாரம் 27 - தவம்,Thavam,Full Song Film,44,திருக்குறள் (Thirukkural),Cinematic Film / Video,திருவள்ளுவர் (Thiruvalluvar),திருக்குறள்,,https://www.youtube.com/watch?v=IEk-wwY3rC8,PT4M37S,2026-09-14T08:16:34Z
193,IT_-ioBG69g,தனந்தரும் அபிராமி | Dhanam Tharum Abhirami [Cinematic Amman Film],தனந்தரும் அபிராமி,Dhanam Tharum Abhirami,Cinematic Amman Film,65,விஷ்ணு / கிருஷ்ணர் (Lord Vishnu & Krishna),Cinematic Film / Video,அபிராமி பட்டர்,அபிராமி அந்தாதி,Discography ; Goddess Amman Songs,https://www.youtube.com/watch?v=IT_-ioBG69g,PT3M57S,2026-01-30T14:23:33Z
194,IhE1OvdIBKs,கைத்தல நிறைகனி (திருப்புகழ்) | Kaiththala Niraigani [Vinayagar Film],கைத்தல நிறைகனி (திருப்புகழ்),Kaiththala Niraigani,Vinayagar Film,68,முருகப் பெருமான் (Lord Murugar),Cinematic Film / Video,அருணகிரிநாத சுவாமிகள்,திருப்புகழ் (விநாயகர் துதி),Discography ; Lord Vinayagar Songs,https://www.youtube.com/watch?v=IhE1OvdIBKs,PT4M54S,2026-02-14T13:24:56Z
195,IiZoud1sP2o,அதிகாரம் 75 - அரண் (Original) | Aran [Original Audio],அதிகாரம் 75 - அரண் (Original),Aran,Original Audio,53,திருக்குறள் (Thirukkural),Audio Track (Master Composition),திருவள்ளுவர் (Thiruvalluvar),திருக்குறள் — அதிகாரம்: அரண்,Discography ; திருக்குறள் | Thirukkural — Master Collection,https://www.youtube.com/watch?v=IiZoud1sP2o,PT4M34S,2026-09-25T19:37:05Z
196,Iky5L-131A4,விழியிலே மலர்ந்தது (REMIX) 2026 | Vizhiyile Malarnthathu [Remix Film],விழியிலே மலர்ந்தது (REMIX) 2026,Vizhiyile Malarnthathu,Remix Film,69,மரபு & கலாச்சாரம் (Cultural & Heritage),Cinematic Film / Video,வள்ளலார் இராமலிங்க அடிகளார் / மகாகவி பாரதியார்,திருவருட்பா / தேசிய ஆன்மீகப் பனுவல்,Discography ; Other Songs,https://www.youtube.com/watch?v=Iky5L-131A4,PT3M22S,2026-05-11T19:29:56Z
197,IuZ6Qe-aiYI,அச்சோப் பதிகம் (திருவாசகம்) | Achcho Pathigam [Cinematic Shiva Film],அச்சோப் பதிகம் (திருவாசகம்),Achcho Pathigam,Cinematic Shiva Film,68,சிவபெருமான் (Lord Shiva),Cinematic Film / Video,மாணிக்கவாசகப் பெருமான்,திருவாசகம் (அச்சோப் பதிகம்),Discography ; Lord Shiva Songs,https://www.youtube.com/watch?v=IuZ6Qe-aiYI,PT7M37S,2026-09-27T19:38:13Z
198,J-mAIpyxy4A,அதிகாரம் 67 - வினைத்திட்பம் (Remix) | Vinai Thitpam [Remix Audio],அதிகாரம் 67 - வினைத்திட்பம் (Remix),Vinai Thitpam,Remix Audio,65,திருக்குறள் (Thirukkural),Audio Track (Master Composition),திருவள்ளுவர் (Thiruvalluvar),திருக்குறள் — அதிகாரம்: வினைத்திட்பம்,Discography ; திருக்குறள் | Thirukkural — Master Collection,https://www.youtube.com/watch?v=J-mAIpyxy4A,PT5M,2026-09-22T23:30:24Z
199,J2-tBRFihEQ,Thiru Pallaandu | Thiru Pallaandu [Cinematic Shiva Film],Thiru Pallaandu,Thiru Pallaandu,Cinematic Shiva Film,56,சிவபெருமான் (Lord Shiva),Cinematic Film / Video,சமயக்குரவர் பெருமக்கள் (திருமுறை),பன்னிரு திருமுறைகள் / தேவாரம் & திருவாசகம்,Discography ; Lord Shiva Songs,https://www.youtube.com/watch?v=J2-tBRFihEQ,PT4M31S,2026-02-11T05:38:11Z
200,J7sfVqWuxyU,Thiruvaiyaaru Thirumurai | Thiruvaiyaaru Thirumurai [Cinematic Shiva Film],Thiruvaiyaaru Thirumurai,Thiruvaiyaaru Thirumurai,Cinematic Shiva Film,74,சிவபெருமான் (Lord Shiva),Cinematic Film / Video,சமயக்குரவர் பெருமக்கள் (திருமுறை),பன்னிரு திருமுறைகள் / தேவாரம் & திருவாசகம்,Discography ; Lord Shiva Songs,https://www.youtube.com/watch?v=J7sfVqWuxyU,PT5M47S,2026-02-14T13:24:56Z
201,JDqbpISJjIA,அதிகாரம் 125 - நெஞ்சறிவுறுத்தல் (பகுதி 1) | Nenjari Vuruthal I [Full Song Film],அதிகாரம் 125 - நெஞ்சறிவுறுத்தல் (பகுதி 1),Nenjari Vuruthal I,Full Song Film,79,திருக்குறள் (Thirukkural),Cinematic Film / Video,திருவள்ளுவர் (Thiruvalluvar),திருக்குறள் — அதிகாரம்: நெஞ்சறிவுறுத்தல்,Discography ; Other Songs ; திருக்குறள் | Thirukkural — Master Collection,https://www.youtube.com/watch?v=JDqbpISJjIA,PT14M1S,2026-07-15T14:24:43Z
202,JGslKeAreOE,சம்சாரம் என்பது வீணை (REMIX) 2026 | Samsaram Enbathu Veenai | Full Song Film,சம்சாரம் என்பது வீணை (REMIX) 2026,Samsaram Enbathu Veenai,,76,மரபு & கலாச்சாரம் (Cultural & Heritage),Cinematic Film / Video,வள்ளலார் இராமலிங்க அடிகளார் / மகாகவி பாரதியார்,திருவருட்பா / தேசிய ஆன்மீகப் பனுவல்,Discography ; Other Songs,https://www.youtube.com/watch?v=JGslKeAreOE,PT5M4S,2026-09-27T19:06:59Z
203,JhdXurT4ohI,ஏகமாய் அந்தமாய் | Ekamaai Anthamaai | Full Song Film,ஏகமாய் அந்தமாய்,Ekamaai Anthamaai,,52,மரபு & கலாச்சாரம் (Cultural & Heritage),Cinematic Film / Video,வள்ளலார் இராமலிங்க அடிகளார் / மகாகவி பாரதியார்,திருவருட்பா / தேசிய ஆன்மீகப் பனுவல்,Discography ; Other Songs,https://www.youtube.com/watch?v=JhdXurT4ohI,PT3M,2026-09-27T18:42:29Z
204,JkivipMHrzc,கிருஷ்ண மந்திரம் II | கிருஷ்ண மந்திரம் II [Cinematic Devotional Film],கிருஷ்ண மந்திரம் II,கிருஷ்ண மந்திரம் II,Cinematic Devotional Film,69,விஷ்ணு / கிருஷ்ணர் (Lord Vishnu & Krishna),Cinematic Film / Video,வேத பாரம்பரியம்,ஸ்ரீமத் பாகவதம் & மகாபாரதம்,Discography ; Lord Krishnar Songs,https://www.youtube.com/watch?v=JkivipMHrzc,PT3M39S,2026-09-05T03:14:49Z
205,JreH0hqB2po,அதிகாரம் 34 - நிலையாமை | Nilaiyaamai | Full Song Film,அதிகாரம் 34 - நிலையாமை,Nilaiyaamai,,53,திருக்குறள் (Thirukkural),Cinematic Film / Video,திருவள்ளுவர் (Thiruvalluvar),திருக்குறள் — அதிகாரம்: நிலையாமை,திருக்குறள் | Thirukkural — Master Collection,https://www.youtube.com/watch?v=JreH0hqB2po,PT4M12S,2026-09-28T15:00:09Z
206,Js6Vepbegr8,அதிகாரம் 48 - வலியறிதல் (Original) | Valiyarithal [Original Audio],அதிகாரம் 48 - வலியறிதல் (Original),Valiyarithal,Original Audio,66,திருக்குறள் (Thirukkural),Audio Track (Master Composition),திருவள்ளுவர் (Thiruvalluvar),திருக்குறள் — அதிகாரம்: வலியறிதல்,Discography ; திருக்குறள் | Thirukkural — Master Collection,https://www.youtube.com/watch?v=Js6Vepbegr8,PT5M9S,2026-09-20T06:58:22Z
207,JvonvWQHKQY,அதிகாரம் 64 - அமைச்சு (Remix) | Amaichu Remix Cinematic Thirukkural Film,அதிகாரம் 64 - அமைச்சு (Remix),Amaichu Remix Cinematic Thirukkural Film,,72,திருக்குறள் (Thirukkural),Cinematic Film / Video,திருவள்ளுவர் (Thiruvalluvar),திருக்குறள் — அதிகாரம்: அமைச்சு,Discography ; திருக்குறள் | Thirukkural — Master Collection,https://www.youtube.com/watch?v=JvonvWQHKQY,PT5M7S,2026-09-28T15:52:28Z
208,JzGTK1V3dkM,திருநீற்றுப் பதிகம் | Thiruneetru Pathigam [Cinematic Shiva Film],திருநீற்றுப் பதிகம்,Thiruneetru Pathigam,Cinematic Shiva Film,65,சிவபெருமான் (Lord Shiva),Cinematic Film / Video,சமயக்குரவர் பெருமக்கள் (திருமுறை),பன்னிரு திருமுறைகள் / தேவாரம் & திருவாசகம்,Discography ; Lord Shiva Songs,https://www.youtube.com/watch?v=JzGTK1V3dkM,PT4M49S,2026-08-28T06:52:09Z
209,K0N0k3mNh_w,அன்னை ரேணுகாம்பாள் துதி | Annai Renukambal [Cinematic Amman Film],அன்னை ரேணுகாம்பாள் துதி,Annai Renukambal,Cinematic Amman Film,65,அம்மன் / சக்தி (Goddess Amman),Cinematic Film / Video,அபிராமி பட்டர் / தேவி உபாசகர்கள்,அபிராமி அந்தாதி / லலிதா போற்றி,Discography ; Goddess Amman Songs,https://www.youtube.com/watch?v=K0N0k3mNh_w,PT3M10S,2026-08-01T08:07:23Z
210,K35B1jST2xw,அதிகாரம் 71 - குறிப்பறிதல் (Symphony) | Kuripparithal [Symphony],அதிகாரம் 71 - குறிப்பறிதல் (Symphony),Kuripparithal,Symphony,64,திருக்குறள் (Thirukkural),Audio Track (Master Composition),திருவள்ளுவர் (Thiruvalluvar),திருக்குறள் — அதிகாரம்: குறிப்பறிதல்,Discography ; திருக்குறள் | Thirukkural — Master Collection,https://www.youtube.com/watch?v=K35B1jST2xw,PT4M52S,2026-09-23T23:18:56Z
211,K6mhIh64XE8,அதிகாரம் 39 - இறைமாட்சி | Irai Maatchi [Full Song Film],அதிகாரம் 39 - இறைமாட்சி,Irai Maatchi,Full Song Film,55,திருக்குறள் (Thirukkural),Cinematic Film / Video,திருவள்ளுவர் (Thiruvalluvar),திருக்குறள் உலகப் பொதுமறை,Discography ; திருக்குறள் | Thirukkural — Master Collection,https://www.youtube.com/watch?v=K6mhIh64XE8,PT3M48S,2026-09-13T14:05:06Z
212,KFtS403RfbY,அதிகாரம் 125 - நெஞ்சறிவுறுத்தல் (பகுதி 1) | Nenjari Vuruthal Part 1 Cinematic Film,அதிகாரம் 125 - நெஞ்சறிவுறுத்தல் (பகுதி 1),Nenjari Vuruthal Part 1 Cinematic Film,,82,திருக்குறள் (Thirukkural),Cinematic Film / Video,திருவள்ளுவர் (Thiruvalluvar),திருக்குறள் — அதிகாரம்: நெஞ்சறிவுறுத்தல்,Discography ; Other Songs ; திருக்குறள் | Thirukkural — Master Collection,https://www.youtube.com/watch?v=KFtS403RfbY,PT14M1S,2026-09-27T05:07:07Z
213,KI7uUFiJO1E,அதிகாரம் 16 - பொறையுடைமை | Patience Story Cinematic Film,அதிகாரம் 16 - பொறையுடைமை,Patience Story Cinematic Film,,56,திருக்குறள் (Thirukkural),Cinematic Film / Video,திருவள்ளுவர் (Thiruvalluvar),திருக்குறள்,,https://www.youtube.com/watch?v=KI7uUFiJO1E,PT6M22S,2026-09-27T10:09:34Z
214,KLsXZa28uyE,அதிகாரம் 48 - வலியறிதல் (Remix) | Valiyarithal Remix Cinematic Thirukkural Film,அதிகாரம் 48 - வலியறிதல் (Remix),Valiyarithal Remix Cinematic Thirukkural Film,,79,திருக்குறள் (Thirukkural),Cinematic Film / Video,திருவள்ளுவர் (Thiruvalluvar),திருக்குறள் — அதிகாரம்: வலியறிதல்,Discography ; திருக்குறள் | Thirukkural — Master Collection,https://www.youtube.com/watch?v=KLsXZa28uyE,PT5M47S,2026-09-28T15:59:59Z
215,KOroiTQUE0g,வான் முகில் வழாது பெய்க | Vaan Mugil Vazhadhu Peyga [Cinematic Devotional Film],வான் முகில் வழாது பெய்க,Vaan Mugil Vazhadhu Peyga,Cinematic Devotional Film,79,மரபு & கலாச்சாரம் (Cultural & Heritage),Cinematic Film / Video,வள்ளலார் இராமலிங்க அடிகளார் / மகாகவி பாரதியார்,திருவருட்பா / தேசிய ஆன்மீகப் பனுவல்,Discography ; Other Songs,https://www.youtube.com/watch?v=KOroiTQUE0g,PT1M59S,2026-08-28T06:55:42Z
216,KQpDmHooEh8,மாசில் வீணையும் | Maasil Veenaiyum Cinematic Devotional Film,மாசில் வீணையும்,Maasil Veenaiyum Cinematic Devotional Film,,60,சிவபெருமான் (Lord Shiva),Cinematic Film / Video,திருநாவுக்கரசு சுவாமிகள் (அப்பர்),தேவாரம் (நமச்சிவாயப் பதிகம்),Discography ; Lord Shiva Songs,https://www.youtube.com/watch?v=KQpDmHooEh8,PT4M33S,2026-09-26T21:57:59Z
217,KZxknhbVIk0,அதிகாரம் 40 - கல்வி | Kalvi Cinematic Thirukkural Film,அதிகாரம் 40 - கல்வி,Kalvi Cinematic Thirukkural Film,,54,திருக்குறள் (Thirukkural),Cinematic Film / Video,திருவள்ளுவர் (Thiruvalluvar),திருக்குறள்,,https://www.youtube.com/watch?v=KZxknhbVIk0,PT6M4S,2026-09-26T19:53:46Z
218,KhopzUh8oTg,திருமந்திரம் (முதல் தந்திரம்) 2026 | Thirumanthiram Cinematic Shiva Film,திருமந்திரம் (முதல் தந்திரம்) 2026,Thirumanthiram Cinematic Shiva Film,,72,சிவபெருமான் (Lord Shiva),Cinematic Film / Video,சமயக்குரவர் பெருமக்கள் (திருமுறை),பன்னிரு திருமுறைகள் / தேவாரம் & திருவாசகம்,Discography ; Lord Shiva Songs,https://www.youtube.com/watch?v=KhopzUh8oTg,PT8M36S,2026-09-29T07:24:22Z
219,KjQZFlnCluU,திருவருட்பா - ஆறாம் திருமுறை - சிவ பதி விளக்கம் | Full Song Film,திருவருட்பா - ஆறாம் திருமுறை - சிவ பதி விளக்கம்,Full Song Film,,64,சிவபெருமான் (Lord Shiva),Cinematic Film / Video,சமயக்குரவர் பெருமக்கள் (திருமுறை),பன்னிரு திருமுறைகள் / தேவாரம் & திருவாசகம்,Lord Shiva Songs,https://www.youtube.com/watch?v=KjQZFlnCluU,PT4M46S,2026-09-28T15:39:37Z
220,KvU4v5v2X98,ஈஸ்வர நாமவளி சரணம்! (II) | Cinematic Lord Shiva Devotional Film,ஈஸ்வர நாமவளி சரணம்! (II),Cinematic Lord Shiva Devotional Film,,63,சிவபெருமான் (Lord Shiva),Cinematic Film / Video,சமயக்குரவர் பெருமக்கள் (திருமுறை),பன்னிரு திருமுறைகள் / தேவாரம் & திருவாசகம்,Discography ; Lord Shiva Songs,https://www.youtube.com/watch?v=KvU4v5v2X98,PT4M43S,2026-09-28T07:55:51Z
221,L-FvFZeT_cQ,அதிகாரம் 50 - இடனறிதல் (Original) | Idanarithal [Original Audio],அதிகாரம் 50 - இடனறிதல் (Original),Idanarithal,Original Audio,64,திருக்குறள் (Thirukkural),Audio Track (Master Composition),திருவள்ளுவர் (Thiruvalluvar),திருக்குறள் — அதிகாரம்: இடனறிதல்,Discography ; திருக்குறள் | Thirukkural — Master Collection,https://www.youtube.com/watch?v=L-FvFZeT_cQ,PT4M31S,2026-09-20T11:32:15Z
222,L6DWSjPqoH0,அதிகாரம் 33 - கொல்லாமை | Kollaamai | Full Song Film,அதிகாரம் 33 - கொல்லாமை,Kollaamai,,51,திருக்குறள் (Thirukkural),Cinematic Film / Video,திருவள்ளுவர் (Thiruvalluvar),திருக்குறள் — அதிகாரம்: கொல்லாமை,திருக்குறள் | Thirukkural — Master Collection,https://www.youtube.com/watch?v=L6DWSjPqoH0,PT4M38S,2026-09-28T14:59:19Z
223,LBcuDwnrypQ,பெரியாழ்வார் திருமொழி தாலாட்டு 2026 (II) | Periyazhvar Lullaby Cinematic Film,பெரியாழ்வார் திருமொழி தாலாட்டு 2026 (II),Periyazhvar Lullaby Cinematic Film,,77,விஷ்ணு / கிருஷ்ணர் (Lord Vishnu & Krishna),Cinematic Film / Video,பெரியாழ்வார்,பெரியாழ்வார் திருமொழி (கண்ணன் தாலாட்டு),Discography ; Lord Krishnar Songs,https://www.youtube.com/watch?v=LBcuDwnrypQ,PT4M13S,2026-09-27T17:14:06Z
224,LL77sdbmUNE,ஸ்ரீ சிவசண்முக நாம ஸங்கீர்த்தனம் 2026 | Siva Shanmuga Sankeerthanam,ஸ்ரீ சிவசண்முக நாம ஸங்கீர்த்தனம் 2026,Siva Shanmuga Sankeerthanam,,67,சிவபெருமான் (Lord Shiva),Audio Track (Master Composition),அருணகிரிநாதர் & சைவப் புலவர்கள்,கந்தர் அநுபூதி / திருப்புகழ்,Discography ; Lord Murugar Songs,https://www.youtube.com/watch?v=LL77sdbmUNE,PT9M44S,2026-07-16T22:18:44Z
225,LjiR9PIRl8o,அதிகாரம் 35 - துறவு (Rock) | Thuravu [Full Song Film],அதிகாரம் 35 - துறவு (Rock),Thuravu,Full Song Film,53,திருக்குறள் (Thirukkural),Cinematic Film / Video,திருவள்ளுவர் (Thiruvalluvar),திருக்குறள் — அதிகாரம்: துறவு,Discography ; திருக்குறள் | Thirukkural — Master Collection,https://www.youtube.com/watch?v=LjiR9PIRl8o,PT3M59S,2026-09-18T00:57:24Z
226,Lki_Y8OSljs,கண நாதா ஓம் (Symphony) | Gana Natha Om Cinematic Devotional Film,கண நாதா ஓம் (Symphony),Gana Natha Om Cinematic Devotional Film,,64,விநாயகர் (Lord Vinayagar),Cinematic Film / Video,பாரம்பரிய விநாயகர் துதி,விநாயகர் நாம சங்கீர்த்தனம்,Discography ; Lord Vinayagar Songs,https://www.youtube.com/watch?v=Lki_Y8OSljs,PT3M48S,2026-09-27T13:01:02Z
227,Lzkbhp_ehA8,திருப்பாவை - 2 (வையத்து வாழ்வீர்) | Thiruppavai 2 [Cinematic Devotional Film],திருப்பாவை - 2 (வையத்து வாழ்வீர்),Thiruppavai 2,Cinematic Devotional Film,77,விஷ்ணு / கிருஷ்ணர் (Lord Vishnu & Krishna),Cinematic Film / Video,ஸ்ரீ ஆண்டாள் நாச்சியார்,நாலாயிர திவ்வியப் பிரபந்தம் (திருப்பாவை),Discography ; Lord Vishnu Songs,https://www.youtube.com/watch?v=Lzkbhp_ehA8,PT5M4S,2026-08-28T06:53:58Z
228,M2YC8urOH0M,திருவருட்பா - முத்தி உபாயம் | Muthi Upayam | Full Song Film,திருவருட்பா - முத்தி உபாயம்,Muthi Upayam,,59,வள்ளலார் / சன்மார்க்கம் (Thiruvarutpa / Sanmargam),Cinematic Film / Video,வள்ளலார் இராமலிங்க அடிகளார் / மகாகவி பாரதியார்,திருவருட்பா / தேசிய ஆன்மீகப் பனுவல்,Discography ; Other Songs,https://www.youtube.com/watch?v=M2YC8urOH0M,PT4M45S,2026-09-27T19:53:54Z
229,M4KRTTyoD_A,அச்சோப் பதிகம் (திருவாசகம்) | Achcho Pathigam [Cinematic Shiva Film],அச்சோப் பதிகம் (திருவாசகம்),Achcho Pathigam,Cinematic Shiva Film,68,சிவபெருமான் (Lord Shiva),Cinematic Film / Video,மாணிக்கவாசகப் பெருமான்,திருவாசகம் (அச்சோப் பதிகம்),Discography ; Lord Shiva Songs,https://www.youtube.com/watch?v=M4KRTTyoD_A,PT7M37S,2026-02-11T05:38:11Z
230,MDK8Oq7p1j8,கொன்றை வேந்தன் | Konrai Vendhan [Cinematic Devotional Film],கொன்றை வேந்தன்,Konrai Vendhan,Cinematic Devotional Film,59,மரபு & கலாச்சாரம் (Cultural & Heritage),Cinematic Film / Video,வள்ளலார் இராமலிங்க அடிகளார் / மகாகவி பாரதியார்,திருவருட்பா / தேசிய ஆன்மீகப் பனுவல்,Discography ; Other Songs,https://www.youtube.com/watch?v=MDK8Oq7p1j8,PT6M33S,2026-03-14T20:31:29Z
231,MTvDDAQCFmk,நாள் என் செய்யும் | Time and Faith Cinematic Film,நாள் என் செய்யும்,Time and Faith Cinematic Film,,49,முருகப் பெருமான் (Lord Murugar),Cinematic Film / Video,அருணகிரிநாதர் & சைவப் புலவர்கள்,கந்தர் அநுபூதி / திருப்புகழ்,Discography ; Lord Murugar Songs,https://www.youtube.com/watch?v=MTvDDAQCFmk,PT5M54S,2026-09-27T10:42:20Z
232,MlaG3Z3_Kck,திருவருட்பா - காட்சிப் பெருமிதம் | Kaatchi Perumitham [Full Song],திருவருட்பா - காட்சிப் பெருமிதம்,Kaatchi Perumitham,Full Song,65,சிவபெருமான் (Lord Shiva),Audio Track (Master Composition),சமயக்குரவர் பெருமக்கள் (திருமுறை),பன்னிரு திருமுறைகள் / தேவாரம் & திருவாசகம்,Discography ; Lord Shiva Songs,https://www.youtube.com/watch?v=MlaG3Z3_Kck,PT7M37S,2026-07-23T11:40:02Z
233,MoNK5N2chcg,அதிகாரம் 26 - புலால் உண்ணாமை | Pulaal Unnaamai Cinematic Thirukkural Film,அதிகாரம் 26 - புலால் உண்ணாமை,Pulaal Unnaamai Cinematic Thirukkural Film,,73,திருக்குறள் (Thirukkural),Cinematic Film / Video,திருவள்ளுவர் (Thiruvalluvar),திருக்குறள் — அதிகாரம் 26: புலால் உண்ணாமை,Discography ; திருக்குறள் | Thirukkural — Master Collection,https://www.youtube.com/watch?v=MoNK5N2chcg,N/A,2026
234,MtV5wS61MsM,திரு சனி பகவான் பதிகம் 2026 | Sani Bhagavan Pathigam Cinematic Devotional Film,திரு சனி பகவான் பதிகம் 2026,Sani Bhagavan Pathigam Cinematic Devotional Film,,78,மரபு & கலாச்சாரம் (Cultural & Heritage),Cinematic Film / Video,வள்ளலார் இராமலிங்க அடிகளார் / மகாகவி பாரதியார்,திருவருட்பா / தேசிய ஆன்மீகப் பனுவல்,Discography ; Other Songs,https://www.youtube.com/watch?v=MtV5wS61MsM,PT7M34S,2026-09-27T17:21:30Z
235,MvwT6dnGE0U,அதிகாரம் 68 - வினைசெயல்வகை (Female) | Vinai Seyalvagai [Full Song Film],அதிகாரம் 68 - வினைசெயல்வகை (Female),Vinai Seyalvagai,Full Song Film,71,திருக்குறள் (Thirukkural),Cinematic Film / Video,திருவள்ளுவர் (Thiruvalluvar),திருக்குறள் — அதிகாரம்: வினைசெயல்வகை,Discography ; திருக்குறள் | Thirukkural — Master Collection,https://www.youtube.com/watch?v=MvwT6dnGE0U,PT5M23S,2026-09-23T07:52:34Z
236,N8MOVChJwPQ,ஸ்கந்த மந்திரம் | Symphony [Cinematic Devotional Film],ஸ்கந்த மந்திரம்,Symphony,Cinematic Devotional Film,54,முருகப் பெருமான் (Lord Murugar),Cinematic Film / Video,அருணகிரிநாதர் & சைவப் புலவர்கள்,கந்தர் அநுபூதி / திருப்புகழ்,Discography ; Lord Murugar Songs,https://www.youtube.com/watch?v=N8MOVChJwPQ,PT4M4S,2026-09-18T14:42:21Z
237,NIvQ6yD1wnY,அதிகாரம் 65 - சொல்வன்மை (Original) | Solvanmai [Original Audio],அதிகாரம் 65 - சொல்வன்மை (Original),Solvanmai,Original Audio,63,திருக்குறள் (Thirukkural),Audio Track (Master Composition),திருவள்ளுவர் (Thiruvalluvar),திருக்குறள் — அதிகாரம்: சொல்வன்மை,Discography ; திருக்குறள் | Thirukkural — Master Collection,https://www.youtube.com/watch?v=NIvQ6yD1wnY,PT5M39S,2026-09-22T19:31:08Z
238,NK2PqzKz3aI,திருப்பல்லாண்டு | Thiru Pallaandu Cinematic Devotional Film,திருப்பல்லாண்டு,Thiru Pallaandu Cinematic Devotional Film,,59,சிவபெருமான் (Lord Shiva),Cinematic Film / Video,சமயக்குரவர் பெருமக்கள் (திருமுறை),பன்னிரு திருமுறைகள் / தேவாரம் & திருவாசகம்,Discography ; Lord Shiva Songs,https://www.youtube.com/watch?v=NK2PqzKz3aI,PT4M31S,2026-09-27T13:27:10Z
239,Nb1nAcrGNeU,அதிகாரம் 53 - சுற்றந்தழால் | Suttranthazhaal | Full Song Film,அதிகாரம் 53 - சுற்றந்தழால்,Suttranthazhaal,,61,திருக்குறள் (Thirukkural),Cinematic Film / Video,திருவள்ளுவர் (Thiruvalluvar),திருக்குறள் — அதிகாரம்: சுற்றந்தழால்,திருக்குறள் | Thirukkural — Master Collection,https://www.youtube.com/watch?v=Nb1nAcrGNeU,PT6M54S,2026-09-28T14:28:58Z
240,NeauJSGB2W8,கிருஷ்ண மந்திரம் (Female) | Krishna Mantra Cinematic Devotional Film,கிருஷ்ண மந்திரம் (Female),Krishna Mantra Cinematic Devotional Film,,68,விஷ்ணு / கிருஷ்ணர் (Lord Vishnu & Krishna),Cinematic Film / Video,வேத பாரம்பரியம்,ஸ்ரீமத் பாகவதம் & மகாபாரதம்,Discography ; Lord Krishnar Songs,https://www.youtube.com/watch?v=NeauJSGB2W8,PT58S,2026-09-27T17:00:53Z
241,NjHDFS3cftg,திருவருட்பா - அருள்விடை வேட்கை | Arulvidai Vetkai | Full Song Film,திருவருட்பா - அருள்விடை வேட்கை,Arulvidai Vetkai,,66,வள்ளலார் / சன்மார்க்கம் (Thiruvarutpa / Sanmargam),Cinematic Film / Video,வள்ளலார் இராமலிங்க அடிகளார் / மகாகவி பாரதியார்,திருவருட்பா / தேசிய ஆன்மீகப் பனுவல்,Discography ; Other Songs,https://www.youtube.com/watch?v=NjHDFS3cftg,PT8M28S,2026-09-27T20:11:23Z
242,Nvx3ObuSndM,திருப்புகழ் 712 சீர் உலாவிய | Seer Ulaaviya Cinematic Devotional Film,திருப்புகழ் 712 சீர் உலாவிய,Seer Ulaaviya Cinematic Devotional Film,,69,முருகப் பெருமான் (Lord Murugar),Cinematic Film / Video,அருணகிரிநாத சுவாமிகள்,திருப்புகழ் (விநாயகர் துதி),Discography ; Lord Murugar Songs,https://www.youtube.com/watch?v=Nvx3ObuSndM,PT3M29S,2026-09-27T13:04:16Z
243,NxZf0eRutEY,அதிகாரம் 28 - கூடா ஒழுக்கம் (Symphony) | Kooda Ozhukkam [Symphony],அதிகாரம் 28 - கூடா ஒழுக்கம் (Symphony),Kooda Ozhukkam,Symphony,66,திருக்குறள் (Thirukkural),Audio Track (Master Composition),திருவள்ளுவர் (Thiruvalluvar),திருக்குறள் — அதிகாரம்: கூடா ஒழுக்கம்,Discography ; திருக்குறள் | Thirukkural — Master Collection,https://www.youtube.com/watch?v=NxZf0eRutEY,PT4M42S,2026-09-14T13:02:02Z
244,O0hASl4BS2c,அதிகாரம் 54 - பொச்சாவாமை (Original) | Pochavaamai [Original Audio],அதிகாரம் 54 - பொச்சாவாமை (Original),Pochavaamai,Original Audio,66,திருக்குறள் (Thirukkural),Audio Track (Master Composition),திருவள்ளுவர் (Thiruvalluvar),திருக்குறள்,,https://www.youtube.com/watch?v=O0hASl4BS2c,PT5M20S,2026-09-20T23:32:28Z
245,O7n8bL9XOn4,ரகுபதி ராகவ ராஜா ராம் | Raghupati Raghava Cinematic Devotional Film,ரகுபதி ராகவ ராஜா ராம்,Raghupati Raghava Cinematic Devotional Film,,67,விஷ்ணு / கிருஷ்ணர் (Lord Vishnu & Krishna),Cinematic Film / Video,ஆழ்வார்கள் / நாலாயிர திவ்வியப் பிரபந்தம்,திருப்பாவை & நாலாயிர திவ்வியப் பிரபந்தம்,Discography ; Lord Vishnu Songs,https://www.youtube.com/watch?v=O7n8bL9XOn4,PT5M48S,2026-09-08T07:10:11Z
246,On2xoZqBsss,முத்தைத் தரு (திருப்புகழ்) | Muthai Tharu [Cinematic Thiruppugazh Film],முத்தைத் தரு (திருப்புகழ்),Muthai Tharu,Cinematic Thiruppugazh Film,71,முருகப் பெருமான் (Lord Murugar),Cinematic Film / Video,அருணகிரிநாத சுவாமிகள்,திருப்புகழ் (விநாயகர் துதி),Discography ; Lord Murugar Songs,https://www.youtube.com/watch?v=On2xoZqBsss,PT3M50S,2026-02-02T07:13:31Z
247,OnzFNGriZ24,தமிழ்த்தாய் வாழ்த்து | Tamil Thai Vazhthu [Cinematic Film],தமிழ்த்தாய் வாழ்த்து,Tamil Thai Vazhthu,Cinematic Film,58,மரபு & கலாச்சாரம் (Cultural & Heritage),Cinematic Film / Video,வள்ளலார் இராமலிங்க அடிகளார் / மகாகவி பாரதியார்,திருவருட்பா / தேசிய ஆன்மீகப் பனுவல்,Discography ; Other Songs,https://www.youtube.com/watch?v=OnzFNGriZ24,PT4M12S,2026-01-13T19:39:13Z
248,OqRZLEMvx8s,அதிகாரம் 47 - தெரிந்து செயல்வகை (Original) | Therinthu Seyalvagai [Original Audio],அதிகாரம் 47 - தெரிந்து செயல்வகை (Original),Therinthu Seyalvagai,Original Audio,82,திருக்குறள் (Thirukkural),Audio Track (Master Composition),திருவள்ளுவர் (Thiruvalluvar),திருக்குறள் — அதிகாரம்: தெரிந்து செயல்வகை,Discography ; திருக்குறள் | Thirukkural — Master Collection,https://www.youtube.com/watch?v=OqRZLEMvx8s,PT5M48S,2026-09-20T20:13:19Z
249,OzejLLvDq5s,அதிகாரம் 44 - குற்றங்கடிதல் (Remix) | Kuttrangadithal [Remix Audio],அதிகாரம் 44 - குற்றங்கடிதல் (Remix),Kuttrangadithal,Remix Audio,67,திருக்குறள் (Thirukkural),Audio Track (Master Composition),திருவள்ளுவர் (Thiruvalluvar),திருக்குறள்,,https://www.youtube.com/watch?v=OzejLLvDq5s,PT3M42S,2026-09-19T22:05:03Z
250,P-gtNBy8sRE,Mandhiram Aavadhu Neeru | Mandhiram Aavadhu Neeru [Cinematic Shiva Film],Mandhiram Aavadhu Neeru,Mandhiram Aavadhu Neeru,Cinematic Shiva Film,72,சிவபெருமான் (Lord Shiva),Cinematic Film / Video,திருஞானசம்பந்த மூர்த்தி நாயனார்,தேவாரம் (திருநீற்றுப் பதிகம்),Discography ; Lord Shiva Songs,https://www.youtube.com/watch?v=P-gtNBy8sRE,PT4M33S,2026-02-14T13:24:56Z
251,PLBuPRdKMHE,திருவருட்பா - அபராத விண்ணப்பம் III | Aparadha Vinnappam III [Full Song],திருவருட்பா - அபராத விண்ணப்பம் III,Aparadha Vinnappam III,Full Song,71,வள்ளலார் / சன்மார்க்கம் (Thiruvarutpa / Sanmargam),Audio Track (Master Composition),வள்ளலார் இராமலிங்க அடிகளார் / மகாகவி பாரதியார்,திருவருட்பா / தேசிய ஆன்மீகப் பனுவல்,Discography ; Other Songs,https://www.youtube.com/watch?v=PLBuPRdKMHE,PT4M51S,2026-07-26T16:45:49Z
252,PO4U3nRv6o0,திருவருட்பா - திருவருள் வேட்கை | Full Song Film,திருவருட்பா - திருவருள் வேட்கை,Full Song Film,,47,சிவபெருமான் (Lord Shiva),Cinematic Film / Video,சமயக்குரவர் பெருமக்கள் (திருமுறை),பன்னிரு திருமுறைகள் / தேவாரம் & திருவாசகம்,Lord Shiva Songs,https://www.youtube.com/watch?v=PO4U3nRv6o0,PT4M46S,2026-09-28T15:41:54Z
253,PVcmqZuROSU,கந்தர் சஷ்டி துதி 2026 | Kandhar Shashti Thuthi [Cinematic Murugan Film],கந்தர் சஷ்டி துதி 2026,Kandhar Shashti Thuthi,Cinematic Murugan Film,72,முருகப் பெருமான் (Lord Murugar),Cinematic Film / Video,அருணகிரிநாதர் & சைவப் புலவர்கள்,கந்தர் அநுபூதி / திருப்புகழ்,Discography ; Lord Murugar Songs,https://www.youtube.com/watch?v=PVcmqZuROSU,PT24M52S,2026-01-30T13:56:45Z
254,PXQW4sYo4nY,திருவடிச் சரண்புகல் | Thiruvadi Saranpugal Cinematic Shiva Film,திருவடிச் சரண்புகல்,Thiruvadi Saranpugal Cinematic Shiva Film,,63,சிவபெருமான் (Lord Shiva),Cinematic Film / Video,சமயக்குரவர் பெருமக்கள் (திருமுறை),பன்னிரு திருமுறைகள் / தேவாரம் & திருவாசகம்,Discography ; Lord Shiva Songs,https://www.youtube.com/watch?v=PXQW4sYo4nY,PT6M53S,2026-09-29T07:37:16Z
255,PmziMZrMHfE,அதிகாரம் 57 - வெருவந்த செய்யாமை (Remix) | Veruvandha Seyyaamai [Remix Audio],அதிகாரம் 57 - வெருவந்த செய்யாமை (Remix),Veruvandha Seyyaamai,Remix Audio,76,திருக்குறள் (Thirukkural),Audio Track (Master Composition),திருவள்ளுவர் (Thiruvalluvar),திருக்குறள்,,https://www.youtube.com/watch?v=PmziMZrMHfE,PT5M43S,2026-09-21T08:31:05Z
256,Q2xax9mIhZw,தனந்தரும் அபிராமி | Dhanam Tharum Abhirami [Original Devotional Track],தனந்தரும் அபிராமி,Dhanam Tharum Abhirami,Original Devotional Track,70,விஷ்ணு / கிருஷ்ணர் (Lord Vishnu & Krishna),Audio Track (Master Composition),அபிராமி பட்டர்,அபிராமி அந்தாதி,Discography ; Goddess Amman Songs,https://www.youtube.com/watch?v=Q2xax9mIhZw,PT3M57S,2026-01-11T19:16:19Z
257,Q57FSOLDMU0,சொற்பெரு மெய்ஞ்ஞான | Sorpperu Meygnana | Full Song Film,சொற்பெரு மெய்ஞ்ஞான,Sorpperu Meygnana,,55,மரபு & கலாச்சாரம் (Cultural & Heritage),Cinematic Film / Video,வள்ளலார் இராமலிங்க அடிகளார் / மகாகவி பாரதியார்,திருவருட்பா / தேசிய ஆன்மீகப் பனுவல்,Discography ; Other Songs,https://www.youtube.com/watch?v=Q57FSOLDMU0,PT4M42S,2026-09-27T18:24:33Z
258,Q5G2h9GuGQs,ரகுபதி ராகவ ராஜா ராம் | Raghupati Raghava [Cinematic Devotional Film],ரகுபதி ராகவ ராஜா ராம்,Raghupati Raghava,Cinematic Devotional Film,69,விஷ்ணு / கிருஷ்ணர் (Lord Vishnu & Krishna),Cinematic Film / Video,ஆழ்வார்கள் / நாலாயிர திவ்வியப் பிரபந்தம்,திருப்பாவை & நாலாயிர திவ்வியப் பிரபந்தம்,Discography ; Lord Vishnu Songs,https://www.youtube.com/watch?v=Q5G2h9GuGQs,PT5M48S,2026-08-28T06:57:41Z
259,QAv04nxeH4c,அதிகாரம் 35 - துறவு (Female) | Thuravu [Full Song Film],அதிகாரம் 35 - துறவு (Female),Thuravu,Full Song Film,55,திருக்குறள் (Thirukkural),Cinematic Film / Video,திருவள்ளுவர் (Thiruvalluvar),திருக்குறள் — அதிகாரம்: துறவு,Discography ; திருக்குறள் | Thirukkural — Master Collection,https://www.youtube.com/watch?v=QAv04nxeH4c,PT4M43S,2026-09-18T00:57:24Z
260,QFCD-U3sT4M,தென்னாடுடைய சிவனே போற்றி! 2026 | தென்னாடுடைய சிவனே போற்றி! 2026 [Cinematic Shiva Film],தென்னாடுடைய சிவனே போற்றி! 2026,தென்னாடுடைய சிவனே போற்றி! 2026,Cinematic Shiva Film,86,சிவபெருமான் (Lord Shiva),Cinematic Film / Video,சமயக்குரவர் பெருமக்கள் (திருமுறை),பன்னிரு திருமுறைகள் / தேவாரம் & திருவாசகம்,Discography ; Lord Shiva Songs,https://www.youtube.com/watch?v=QFCD-U3sT4M,PT3M54S,2026-03-13T04:33:43Z
261,QH-xL37NmGM,திருப்பாவை - 1 (மார்கழித் திங்கள்) | Thiruppavai 1 Cinematic Devotional Film,திருப்பாவை - 1 (மார்கழித் திங்கள்),Thiruppavai 1 Cinematic Devotional Film,,76,விஷ்ணு / கிருஷ்ணர் (Lord Vishnu & Krishna),Cinematic Film / Video,ஸ்ரீ ஆண்டாள் நாச்சியார்,நாலாயிர திவ்வியப் பிரபந்தம் (திருப்பாவை),Discography ; Lord Vishnu Songs,https://www.youtube.com/watch?v=QH-xL37NmGM,PT5M32S,2026-09-26T21:31:30Z
262,QRSRyYEacMs,ஸ்கந்த மந்திரம் (Symphony) | Skanda Mantram Cinematic Film,ஸ்கந்த மந்திரம் (Symphony),Skanda Mantram Cinematic Film,,58,முருகப் பெருமான் (Lord Murugar),Cinematic Film / Video,அருணகிரிநாதர் & சைவப் புலவர்கள்,கந்தர் அநுபூதி / திருப்புகழ்,Discography ; Lord Murugar Songs,https://www.youtube.com/watch?v=QRSRyYEacMs,PT4M4S,2026-09-27T13:41:59Z
263,QRdpedglKkU,திருப்படை ஆட்சி (திருவாசகம்) | Cinematic Devotional Film,திருப்படை ஆட்சி (திருவாசகம்),Cinematic Devotional Film,,56,சிவபெருமான் (Lord Shiva),Cinematic Film / Video,சமயக்குரவர் பெருமக்கள் (திருமுறை),பன்னிரு திருமுறைகள் / தேவாரம் & திருவாசகம்,Discography ; Lord Shiva Songs,https://www.youtube.com/watch?v=QRdpedglKkU,PT17M55S,2026-09-29T07:08:54Z
264,QTxWZpg6F98,உலகமெலாந் தனிநிறைந்த | Ulagamelan Thaniniraindha [Cinematic Devotional Film],உலகமெலாந் தனிநிறைந்த,Ulagamelan Thaniniraindha,Cinematic Devotional Film,76,மரபு & கலாச்சாரம் (Cultural & Heritage),Cinematic Film / Video,வள்ளலார் இராமலிங்க அடிகளார் / மகாகவி பாரதியார்,திருவருட்பா / தேசிய ஆன்மீகப் பனுவல்,Discography ; Other Songs,https://www.youtube.com/watch?v=QTxWZpg6F98,PT10M9S,2026-09-02T05:17:38Z
265,QXWB2raWKXE,அதிகாரம் 63 - இடுக்கண் அழியாமை (Remix) | Idukkan Azhiyamai Remix Cinematic Thirukkural Film,அதிகாரம் 63 - இடுக்கண் அழியாமை (Remix),Idukkan Azhiyamai Remix Cinematic Thirukkural Film,,91,திருக்குறள் (Thirukkural),Cinematic Film / Video,திருவள்ளுவர் (Thiruvalluvar),திருக்குறள் — அதிகாரம்: இடுக்கண் அழியாமை,Discography ; திருக்குறள் | Thirukkural — Master Collection,https://www.youtube.com/watch?v=QXWB2raWKXE,PT5M30S,2026-09-28T17:31:24Z
266,QXhT9uoA7_w,அதிகாரம் 1 - கடவுள் வாழ்த்து | Kadavul Vazhthu [Full Song Film],அதிகாரம் 1 - கடவுள் வாழ்த்து,Kadavul Vazhthu,Full Song Film,63,திருக்குறள் (Thirukkural),Cinematic Film / Video,திருவள்ளுவர் (Thiruvalluvar),திருக்குறள் உலகப் பொதுமறை,Discography ; Other Songs ; திருக்குறள் | Thirukkural — Master Collection,https://www.youtube.com/watch?v=QXhT9uoA7_w,PT3M59S,2026-01-13T19:39:13Z
267,QXqjB9UnD7E,திருவெண்பா (Remix) | Thiruvenba Cinematic Shiva Film,திருவெண்பா (Remix),Thiruvenba Cinematic Shiva Film,,52,சிவபெருமான் (Lord Shiva),Cinematic Film / Video,ஆழ்வார்கள் / நாலாயிர திவ்வியப் பிரபந்தம்,திருப்பாவை & நாலாயிர திவ்வியப் பிரபந்தம்,Lord Shiva Songs ; Lord Vishnu Songs,https://www.youtube.com/watch?v=QXqjB9UnD7E,PT3M14S,2026-09-29T07:30:31Z
268,R-5gWfRNMts,அதிகாரம் 30 - வாய்மை (Remix) | Vaaymai [Remix Audio],அதிகாரம் 30 - வாய்மை (Remix),Vaaymai,Remix Audio,52,திருக்குறள் (Thirukkural),Audio Track (Master Composition),திருவள்ளுவர் (Thiruvalluvar),திருக்குறள்,,https://www.youtube.com/watch?v=R-5gWfRNMts,PT3M57S,2026-09-14T18:16:52Z
269,R82hz_s2YGQ,அதிகாரம் 16 - பொறையுடைமை | Porai Udaimai Cinematic Thirukkural Film,அதிகாரம் 16 - பொறையுடைமை,Porai Udaimai Cinematic Thirukkural Film,,67,திருக்குறள் (Thirukkural),Cinematic Film / Video,திருவள்ளுவர் (Thiruvalluvar),திருக்குறள்,,https://www.youtube.com/watch?v=R82hz_s2YGQ,PT6M22S,2026-09-26T21:51:15Z
270,R8OyFbqJJEw,அதிகாரம் 125 - நெஞ்சறிவுறுத்தல் (பகுதி 2) | Nenjari Vuruthal Part 2 Cinematic Film,அதிகாரம் 125 - நெஞ்சறிவுறுத்தல் (பகுதி 2),Nenjari Vuruthal Part 2 Cinematic Film,,82,திருக்குறள் (Thirukkural),Cinematic Film / Video,திருவள்ளுவர் (Thiruvalluvar),திருக்குறள் — அதிகாரம்: நெஞ்சறிவுறுத்தல்,Discography ; Other Songs ; திருக்குறள் | Thirukkural — Master Collection,https://www.youtube.com/watch?v=R8OyFbqJJEw,PT4M24S,2026-09-27T04:45:30Z
271,RAUafMVpT5k,அதிகாரம் 74 - நாடு (Remix) | Naadu [Remix Audio],அதிகாரம் 74 - நாடு (Remix),Naadu,Remix Audio,48,திருக்குறள் (Thirukkural),Audio Track (Master Composition),திருவள்ளுவர் (Thiruvalluvar),திருக்குறள் — அதிகாரம்: நாடு,Discography ; திருக்குறள் | Thirukkural — Master Collection,https://www.youtube.com/watch?v=RAUafMVpT5k,PT3M34S,2026-09-24T09:49:23Z
272,RDcw0Bol-cE,திருப்பாவை - 1 (மார்கழித் திங்கள்) | Thiruppavai 1 [Cinematic Devotional Film],திருப்பாவை - 1 (மார்கழித் திங்கள்),Thiruppavai 1,Cinematic Devotional Film,78,விஷ்ணு / கிருஷ்ணர் (Lord Vishnu & Krishna),Cinematic Film / Video,ஸ்ரீ ஆண்டாள் நாச்சியார்,நாலாயிர திவ்வியப் பிரபந்தம் (திருப்பாவை),Discography ; Other Songs,https://www.youtube.com/watch?v=RDcw0Bol-cE,PT5M32S,2026-08-28T05:28:28Z
273,RVMUEr1MOFo,பாலும் தெளிதேனும் | Paalum Thelithenum [Cinematic Devotional Film],பாலும் தெளிதேனும்,Paalum Thelithenum,Cinematic Devotional Film,66,விநாயகர் (Lord Vinayagar),Cinematic Film / Video,ஔவையார்,நல்வழி (விநாயகர் வணக்கம்),Discography ; Lord Vinayagar Songs,https://www.youtube.com/watch?v=RVMUEr1MOFo,PT3M23S,2026-09-06T03:33:01Z
274,RY7nPGorS94,அதிகாரம் 69 - தூது (Remix) | Thoothu [Remix Audio],அதிகாரம் 69 - தூது (Remix),Thoothu,Remix Audio,50,திருக்குறள் (Thirukkural),Audio Track (Master Composition),திருவள்ளுவர் (Thiruvalluvar),திருக்குறள் — அதிகாரம்: தூது,Discography ; திருக்குறள் | Thirukkural — Master Collection,https://www.youtube.com/watch?v=RY7nPGorS94,PT4M11S,2026-09-23T10:00:30Z
275,RmggfAhGNXU,திருஏசறவு 2026 (திருவாசகம்) | Thiruesaravu [Cinematic Shiva Film],திருஏசறவு 2026 (திருவாசகம்),Thiruesaravu,Cinematic Shiva Film,65,சிவபெருமான் (Lord Shiva),Cinematic Film / Video,சமயக்குரவர் பெருமக்கள் (திருமுறை),பன்னிரு திருமுறைகள் / தேவாரம் & திருவாசகம்,Discography ; Lord Shiva Songs,https://www.youtube.com/watch?v=RmggfAhGNXU,PT9M16S,2026-02-09T06:37:55Z
276,RtHz7rTLNHk,அருட்பெருஞ்சோதி 2026 IV | Arutperunjothi IV [Cinematic Devotional Film],அருட்பெருஞ்சோதி 2026 IV,Arutperunjothi IV,Cinematic Devotional Film,71,வள்ளலார் / சன்மார்க்கம் (Thiruvarutpa / Sanmargam),Cinematic Film / Video,வள்ளலார் இராமலிங்க அடிகளார்,திருவருட்பா (அருட்பெருஞ்சோதி அகவல்),Discography ; Other Songs,https://www.youtube.com/watch?v=RtHz7rTLNHk,PT5M18S,2026-03-15T12:19:46Z
277,S4ogw4EfpDY,திருப்புகழ் 566 (இரத்னகிரி I) | திருப்புகழ் 566 (இரத்னகிரி I) [Cinematic Murugan Film],திருப்புகழ் 566 (இரத்னகிரி I),திருப்புகழ் 566 (இரத்னகிரி I),Cinematic Murugan Film,86,முருகப் பெருமான் (Lord Murugar),Cinematic Film / Video,அருணகிரிநாத சுவாமிகள்,திருப்புகழ் (விநாயகர் துதி),Discography ; Lord Murugar Songs,https://www.youtube.com/watch?v=S4ogw4EfpDY,PT4M15S,2026-08-20T06:35:32Z
278,S9WQ-O0tZJI,திருப்படை ஆட்சி 2026 (திருவாசகம்) | Thiruppadai Aatchi HipHop [Shiva Film],திருப்படை ஆட்சி 2026 (திருவாசகம்),Thiruppadai Aatchi HipHop,Shiva Film,74,சிவபெருமான் (Lord Shiva),Cinematic Film / Video,சமயக்குரவர் பெருமக்கள் (திருமுறை),பன்னிரு திருமுறைகள் / தேவாரம் & திருவாசகம்,Discography ; Lord Shiva Songs,https://www.youtube.com/watch?v=S9WQ-O0tZJI,PT4M39S,2026-02-09T06:37:55Z
279,SDPLWITWGho,திருவருட்பா - நற்றுணை விளக்கம் | Nattrunai Vilakkam [Cinematic Shiva Film],திருவருட்பா - நற்றுணை விளக்கம்,Nattrunai Vilakkam,Cinematic Shiva Film,74,சிவபெருமான் (Lord Shiva),Cinematic Film / Video,சமயக்குரவர் பெருமக்கள் (திருமுறை),பன்னிரு திருமுறைகள் / தேவாரம் & திருவாசகம்,Discography ; Lord Shiva Songs,https://www.youtube.com/watch?v=SDPLWITWGho,PT18M30S,2026-07-17T08:49:27Z
280,SI8ItN6nqck,அதிகாரம் 58 - கண்ணோட்டம் (Original) | Kannottam [Original Audio],அதிகாரம் 58 - கண்ணோட்டம் (Original),Kannottam,Original Audio,64,திருக்குறள் (Thirukkural),Audio Track (Master Composition),திருவள்ளுவர் (Thiruvalluvar),திருக்குறள் — அதிகாரம்: கண்ணோட்டம்,Discography ; திருக்குறள் | Thirukkural — Master Collection,https://www.youtube.com/watch?v=SI8ItN6nqck,PT5M15S,2026-09-21T16:48:45Z
281,SLaW0c4zDuc,திருவருட்பா - அன்பு மாலை - 2026 | I [Cinematic Devotional Film],திருவருட்பா - அன்பு மாலை - 2026,I,Cinematic Devotional Film,63,சிவபெருமான் (Lord Shiva),Cinematic Film / Video,சமயக்குரவர் பெருமக்கள் (திருமுறை),பன்னிரு திருமுறைகள் / தேவாரம் & திருவாசகம்,Discography ; Lord Shiva Songs,https://www.youtube.com/watch?v=SLaW0c4zDuc,PT9M22S,2026-08-11T11:07:11Z
282,SN7FIkL-o1k,முத்தைத் தரு | Muthai Tharu Cinematic Thiruppugazh Film,முத்தைத் தரு,Muthai Tharu Cinematic Thiruppugazh Film,,55,முருகப் பெருமான் (Lord Murugar),Cinematic Film / Video,அருணகிரிநாத சுவாமிகள்,திருப்புகழ் (விநாயகர் துதி),Discography ; Lord Murugar Songs,https://www.youtube.com/watch?v=SN7FIkL-o1k,PT3M50S,2026-09-27T09:20:03Z
283,SWAjAbur-TQ,அதிகாரம் 1 - கடவுள் வாழ்த்து | Kadavul Vazhthu Cinematic Thirukkural Film,அதிகாரம் 1 - கடவுள் வாழ்த்து,Kadavul Vazhthu Cinematic Thirukkural Film,,73,திருக்குறள் (Thirukkural),Cinematic Film / Video,திருவள்ளுவர் (Thiruvalluvar),திருக்குறள் — அதிகாரம்: கடவுள் வாழ்த்து,Discography ; திருக்குறள் | Thirukkural — Master Collection,https://www.youtube.com/watch?v=SWAjAbur-TQ,PT5M29S,2026-09-27T20:59:27Z
284,S_FoILDLhls,கிருஷ்ண மந்திரம் II | Krishna Mantra Cinematic Devotional Film,கிருஷ்ண மந்திரம் II,Krishna Mantra Cinematic Devotional Film,,62,விஷ்ணு / கிருஷ்ணர் (Lord Vishnu & Krishna),Cinematic Film / Video,வேத பாரம்பரியம்,ஸ்ரீமத் பாகவதம் & மகாபாரதம்,Discography ; Lord Krishnar Songs,https://www.youtube.com/watch?v=S_FoILDLhls,PT3M39S,2026-09-27T18:03:00Z
285,T1KiH3G5WPs,மகா கணேச பஞ்சரத்னம் | Maha Ganesha Pancharatnam [Cinematic Devotional Film],மகா கணேச பஞ்சரத்னம்,Maha Ganesha Pancharatnam,Cinematic Devotional Film,75,விநாயகர் (Lord Vinayagar),Cinematic Film / Video,ஸ்ரீ ஆதி சங்கர பகவத் பாதாள்,ஸ்ரீ மகா கணேச பஞ்சரத்னம்,Discography ; Lord Vinayagar Songs,https://www.youtube.com/watch?v=T1KiH3G5WPs,PT4M14S,2026-09-07T13:01:16Z
286,TQtjI3EepPQ,அதிகாரம் 59 - ஒற்றாடல் | Ottraadal | Full Song Film,அதிகாரம் 59 - ஒற்றாடல்,Ottraadal,,51,திருக்குறள் (Thirukkural),Cinematic Film / Video,திருவள்ளுவர் (Thiruvalluvar),திருக்குறள் — அதிகாரம்: ஒற்றாடல்,திருக்குறள் | Thirukkural — Master Collection,https://www.youtube.com/watch?v=TQtjI3EepPQ,PT5M21S,2026-09-28T15:44:27Z
287,TcsCIh8hvko,கடவுளைக் கடலுள் எழு! | Kadavulai Kadalul Ezhu Cinematic Devotional Film,கடவுளைக் கடலுள் எழு!,Kadavulai Kadalul Ezhu Cinematic Devotional Film,,71,சிவபெருமான் (Lord Shiva),Cinematic Film / Video,திருநாவுக்கரசு சுவாமிகள் (அப்பர்),தேவாரம் (திருக்குறுந்தொகை - திருநெல்வாயில் அரத்துறை),Discography ; Lord Shiva Songs,https://www.youtube.com/watch?v=TcsCIh8hvko,PT9M55S,2026-09-27T16:51:48Z
288,TlaBaW3-ckI,கொடைமடப் புகழ்ச்சி | Kodaimada Pugazhchi Cinematic Shiva Film,கொடைமடப் புகழ்ச்சி,Kodaimada Pugazhchi Cinematic Shiva Film,,61,சிவபெருமான் (Lord Shiva),Cinematic Film / Video,சமயக்குரவர் பெருமக்கள் (திருமுறை),பன்னிரு திருமுறைகள் / தேவாரம் & திருவாசகம்,Discography ; Lord Shiva Songs,https://www.youtube.com/watch?v=TlaBaW3-ckI,PT10M23S,2026-09-29T07:38:48Z
289,To2l9uyCjMg,திருப்பாவை - 3 (ஓங்கி உலகளந்த) | Thiruppavai 3 [Cinematic Devotional Film],திருப்பாவை - 3 (ஓங்கி உலகளந்த),Thiruppavai 3,Cinematic Devotional Film,74,விஷ்ணு / கிருஷ்ணர் (Lord Vishnu & Krishna),Cinematic Film / Video,ஸ்ரீ ஆண்டாள் நாச்சியார்,நாலாயிர திவ்வியப் பிரபந்தம் (திருப்பாவை),Discography ; Lord Vishnu Songs,https://www.youtube.com/watch?v=To2l9uyCjMg,PT3M47S,2026-03-13T03:23:53Z
290,UIc-dkmHgt4,அன்னைப்பத்து (2026) திருவாசகம் | Annaippathu Cinematic Devotional Film,அன்னைப்பத்து (2026) திருவாசகம்,Annaippathu Cinematic Devotional Film,,70,சிவபெருமான் (Lord Shiva),Cinematic Film / Video,மாணிக்கவாசகப் பெருமான்,திருவாசகம் (அன்னைப்பத்து),Discography ; Lord Shiva Songs,https://www.youtube.com/watch?v=UIc-dkmHgt4,PT8M54S,2026-09-27T16:32:11Z
291,UPODVJixLyM,ஞானத் திருவடி 2026 | Gnanath Thiruvadi | Full Song Film,ஞானத் திருவடி 2026,Gnanath Thiruvadi,,55,மரபு & கலாச்சாரம் (Cultural & Heritage),Cinematic Film / Video,வள்ளலார் இராமலிங்க அடிகளார் / மகாகவி பாரதியார்,திருவருட்பா / தேசிய ஆன்மீகப் பனுவல்,Discography ; Other Songs,https://www.youtube.com/watch?v=UPODVJixLyM,PT6M,2026-09-27T18:25:17Z
292,UUytjlINYLw,அபிராமி அந்தாதி துதி | Abhirami Andhathi Thuthi [Cinematic Amman Film],அபிராமி அந்தாதி துதி,Abhirami Andhathi Thuthi,Cinematic Amman Film,70,விஷ்ணு / கிருஷ்ணர் (Lord Vishnu & Krishna),Cinematic Film / Video,அபிராமி பட்டர்,அபிராமி அந்தாதி,Discography ; Goddess Amman Songs,https://www.youtube.com/watch?v=UUytjlINYLw,PT4M2S,2026-01-30T14:23:33Z
293,UxsU284RHQY,அருட்பெருஞ்சோதி அகவல் I | Arutperunjothi Agaval I [Cinematic Devotional Film],அருட்பெருஞ்சோதி அகவல் I,Arutperunjothi Agaval I,Cinematic Devotional Film,77,வள்ளலார் / சன்மார்க்கம் (Thiruvarutpa / Sanmargam),Cinematic Film / Video,வள்ளலார் இராமலிங்க அடிகளார்,திருவருட்பா (அருட்பெருஞ்சோதி அகவல்),Discography ; Other Songs,https://www.youtube.com/watch?v=UxsU284RHQY,PT4M50S,2026-09-06T21:12:47Z
294,UyCe3KLqY_8,அதிகாரம் 46 - சிற்றினம் சேராமை (Remix) | Sittrinam Seramai [Remix Audio],அதிகாரம் 46 - சிற்றினம் சேராமை (Remix),Sittrinam Seramai,Remix Audio,72,திருக்குறள் (Thirukkural),Audio Track (Master Composition),திருவள்ளுவர் (Thiruvalluvar),திருக்குறள் — அதிகாரம்: சிற்றினம் சேராமை,Discography ; திருக்குறள் | Thirukkural — Master Collection,https://www.youtube.com/watch?v=UyCe3KLqY_8,PT5M31S,2026-09-19T22:45:56Z
295,V7dOPmD9aWg,அருட்பெருஞ்சோதி அகவல் 1 | Arutperunjothi Agaval 1 [Cinematic Devotional Film],அருட்பெருஞ்சோதி அகவல் 1,Arutperunjothi Agaval 1,Cinematic Devotional Film,77,வள்ளலார் / சன்மார்க்கம் (Thiruvarutpa / Sanmargam),Cinematic Film / Video,வள்ளலார் இராமலிங்க அடிகளார்,திருவருட்பா (அருட்பெருஞ்சோதி அகவல்),Discography ; Other Songs,https://www.youtube.com/watch?v=V7dOPmD9aWg,PT22M24S,2026-01-26T06:14:40Z
296,VENn3ip3XPA,அதிகாரம் 64 - அமைச்சு | Amaichu | Full Song Film,அதிகாரம் 64 - அமைச்சு,Amaichu,,48,திருக்குறள் (Thirukkural),Cinematic Film / Video,திருவள்ளுவர் (Thiruvalluvar),திருக்குறள் — அதிகாரம்: அமைச்சு,திருக்குறள் | Thirukkural — Master Collection,https://www.youtube.com/watch?v=VENn3ip3XPA,PT5M8S,2026-09-28T09:23:56Z
297,VMn8fiWF-oA,108 சரஸ்வதி போற்றி | Saraswathi 108 Potri Cinematic Devotional Film,108 சரஸ்வதி போற்றி,Saraswathi 108 Potri Cinematic Devotional Film,,67,அம்மன் / சக்தி (Goddess Amman),Cinematic Film / Video,வேத பாரம்பரியம்,ஸ்ரீ சரஸ்வதி அஷ்டோத்தர சத நாமாவளி,Discography ; Goddess Amman Songs,https://www.youtube.com/watch?v=VMn8fiWF-oA,PT19M50S,2026-09-27T16:00:42Z
298,VMqFjcQtebw,மகரம் அளறு இடை (Remix) | Magaram Alaru Idai Cinematic Film,மகரம் அளறு இடை (Remix),Magaram Alaru Idai Cinematic Film,,58,முருகப் பெருமான் (Lord Murugar),Cinematic Film / Video,அருணகிரிநாதர் & சைவப் புலவர்கள்,கந்தர் அநுபூதி / திருப்புகழ்,Discography ; Lord Murugar Songs,https://www.youtube.com/watch?v=VMqFjcQtebw,PT3M50S,2026-09-27T13:39:17Z
299,VVkl8bORJXg,அதிகாரம் 44 - குற்றங்கடிதல் (Remix) | Kuttrangadithal Remix Cinematic Thirukkural Film,அதிகாரம் 44 - குற்றங்கடிதல் (Remix),Kuttrangadithal Remix Cinematic Thirukkural Film,,86,திருக்குறள் (Thirukkural),Cinematic Film / Video,திருவள்ளுவர் (Thiruvalluvar),திருக்குறள்,,https://www.youtube.com/watch?v=VVkl8bORJXg,PT3M42S,2026-09-28T16:05:53Z
300,Vj6wcfC3rPk,அதிகாரம் 58 - கண்ணோட்டம் (Remix) | Kannottam [Remix Audio],அதிகாரம் 58 - கண்ணோட்டம் (Remix),Kannottam,Remix Audio,58,திருக்குறள் (Thirukkural),Audio Track (Master Composition),திருவள்ளுவர் (Thiruvalluvar),திருக்குறள் — அதிகாரம்: கண்ணோட்டம்,Discography ; திருக்குறள் | Thirukkural — Master Collection,https://www.youtube.com/watch?v=Vj6wcfC3rPk,PT5M13S,2026-09-21T16:48:45Z
301,VyUqD3ZO3BU,திருவருட்பா - அறிவரும் பெருமை | Arivarum Perumai [Full Song],திருவருட்பா - அறிவரும் பெருமை,Arivarum Perumai,Full Song,60,வள்ளலார் / சன்மார்க்கம் (Thiruvarutpa / Sanmargam),Audio Track (Master Composition),வள்ளலார் இராமலிங்க அடிகளார் / மகாகவி பாரதியார்,திருவருட்பா / தேசிய ஆன்மீகப் பனுவல்,Discography ; Other Songs,https://www.youtube.com/watch?v=VyUqD3ZO3BU,PT6M51S,2026-07-27T02:05:15Z
302,W2peLbC20sA,சிவ சுப்ரமணியர் திருவிருத்தம் | Siva Subramaniyar Thiruvirutham [Murugan Film],சிவ சுப்ரமணியர் திருவிருத்தம்,Siva Subramaniyar Thiruvirutham,Murugan Film,78,சிவபெருமான் (Lord Shiva),Cinematic Film / Video,அருணகிரிநாதர் & சைவப் புலவர்கள்,கந்தர் அநுபூதி / திருப்புகழ்,Discography ; Lord Murugar Songs,https://www.youtube.com/watch?v=W2peLbC20sA,PT11M12S,2026-08-28T06:52:59Z
303,W4LQ0TT2cRA,அதிகாரம் 73 - அவையஞ்சாமை | Avai Anjaamai | Full Song Film,அதிகாரம் 73 - அவையஞ்சாமை,Avai Anjaamai,,57,திருக்குறள் (Thirukkural),Cinematic Film / Video,திருவள்ளுவர் (Thiruvalluvar),திருக்குறள் — அதிகாரம்: அவையஞ்சாமை,திருக்குறள் | Thirukkural — Master Collection,https://www.youtube.com/watch?v=W4LQ0TT2cRA,PT3M59S,2026-09-28T09:26:44Z
304,WIDyQVQY2X8,நமோ நாராயணம் | Namo Narayanam Cinematic Devotional Film,நமோ நாராயணம்,Namo Narayanam Cinematic Devotional Film,,55,விஷ்ணு / கிருஷ்ணர் (Lord Vishnu & Krishna),Cinematic Film / Video,ஆழ்வார்கள் / நாலாயிர திவ்வியப் பிரபந்தம்,திருப்பாவை & நாலாயிர திவ்வியப் பிரபந்தம்,Discography ; Lord Vishnu Songs,https://www.youtube.com/watch?v=WIDyQVQY2X8,PT7M35S,2026-09-26T22:07:47Z
305,WKCMHUFbf2Q,அதிகாரம் 35 - துறவு (Original) | Thuravu [Original Audio],அதிகாரம் 35 - துறவு (Original),Thuravu,Original Audio,57,திருக்குறள் (Thirukkural),Audio Track (Master Composition),திருவள்ளுவர் (Thiruvalluvar),திருக்குறள் — அதிகாரம்: துறவு,Discography ; திருக்குறள் | Thirukkural — Master Collection,https://www.youtube.com/watch?v=WKCMHUFbf2Q,PT4M27S,2026-09-18T00:57:24Z
306,WM8EPZ4KK2s,அதிகாரம் 31 - வெகுளாமை | Vegulaamai [Full Song Film],அதிகாரம் 31 - வெகுளாமை,Vegulaamai,Full Song Film,52,திருக்குறள் (Thirukkural),Cinematic Film / Video,திருவள்ளுவர் (Thiruvalluvar),திருக்குறள்,,https://www.youtube.com/watch?v=WM8EPZ4KK2s,PT5M25S,2026-09-15T07:28:21Z
307,WMtIb1EHwGw,திரு சனி பகவான் பதிகம் 2026 | Sani Bhagavan Pathigam [Cinematic Devotional Film],திரு சனி பகவான் பதிகம் 2026,Sani Bhagavan Pathigam,Cinematic Devotional Film,80,மரபு & கலாச்சாரம் (Cultural & Heritage),Cinematic Film / Video,வள்ளலார் இராமலிங்க அடிகளார் / மகாகவி பாரதியார்,திருவருட்பா / தேசிய ஆன்மீகப் பனுவல்,Discography ; Other Songs,https://www.youtube.com/watch?v=WMtIb1EHwGw,PT7M34S,2026-07-30T09:40:07Z
308,Wf1Ehxt_A5s,ஆலய நாதம் | Aalaya Naatham [Indian Harmonica Meditation],ஆலய நாதம்,Aalaya Naatham,Indian Harmonica Meditation,56,மரபு & கலாச்சாரம் (Cultural & Heritage),Cinematic Film / Video,வள்ளலார் இராமலிங்க அடிகளார் / மகாகவி பாரதியார்,திருவருட்பா / தேசிய ஆன்மீகப் பனுவல்,Discography ; Other Songs,https://www.youtube.com/watch?v=Wf1Ehxt_A5s,PT2M,2026-08-02T22:02:28Z
309,WhqZ0ttDYYc,அருட்பெருஞ்சோதி அகவல் 2026 III | Arutperunjothi III | Full Song Film,அருட்பெருஞ்சோதி அகவல் 2026 III,Arutperunjothi III,,68,வள்ளலார் / சன்மார்க்கம் (Thiruvarutpa / Sanmargam),Cinematic Film / Video,வள்ளலார் இராமலிங்க அடிகளார்,திருவருட்பா (அருட்பெருஞ்சோதி அகவல்),Discography ; Other Songs,https://www.youtube.com/watch?v=WhqZ0ttDYYc,PT9M15S,2026-09-27T21:02:45Z
310,X-EB6CFVz1E,அவலத் தழுங்கல் 2026 | Avalath Thazhungal [Cinematic Devotional Film],அவலத் தழுங்கல் 2026,Avalath Thazhungal,Cinematic Devotional Film,68,மரபு & கலாச்சாரம் (Cultural & Heritage),Cinematic Film / Video,வள்ளலார் இராமலிங்க அடிகளார் / மகாகவி பாரதியார்,திருவருட்பா / தேசிய ஆன்மீகப் பனுவல்,Discography ; Other Songs,https://www.youtube.com/watch?v=X-EB6CFVz1E,PT8M40S,2026-09-07T21:18:58Z
311,XB7cD-5ye-k,திருப்படை ஆட்சி (திருவாசகம்) | திருப்படை ஆட்சி (திருவாசகம்) [Cinematic Shiva Film],திருப்படை ஆட்சி (திருவாசகம்),திருப்படை ஆட்சி (திருவாசகம்),Cinematic Shiva Film,82,சிவபெருமான் (Lord Shiva),Cinematic Film / Video,சமயக்குரவர் பெருமக்கள் (திருமுறை),பன்னிரு திருமுறைகள் / தேவாரம் & திருவாசகம்,Discography ; Lord Shiva Songs,https://www.youtube.com/watch?v=XB7cD-5ye-k,PT17M55S,2026-02-09T06:37:55Z
312,XErAOEtZdAU,மகரம் அளறு இடை (Original) | Magaram Alaru Idai Cinematic Film,மகரம் அளறு இடை (Original),Magaram Alaru Idai Cinematic Film,,61,முருகப் பெருமான் (Lord Murugar),Cinematic Film / Video,அருணகிரிநாதர் & சைவப் புலவர்கள்,கந்தர் அநுபூதி / திருப்புகழ்,Discography ; Lord Murugar Songs,https://www.youtube.com/watch?v=XErAOEtZdAU,PT3M55S,2026-09-27T13:40:21Z
313,XN5ENUbmSOE,அதிகாரம் 60 - ஊக்கமுடைமை | Ookkamudaimai | Full Song Film,அதிகாரம் 60 - ஊக்கமுடைமை,Ookkamudaimai,,57,திருக்குறள் (Thirukkural),Cinematic Film / Video,திருவள்ளுவர் (Thiruvalluvar),திருக்குறள் — அதிகாரம்: ஊக்கமுடைமை,திருக்குறள் | Thirukkural — Master Collection,https://www.youtube.com/watch?v=XN5ENUbmSOE,PT5M8S,2026-09-28T13:17:48Z
314,XRizXIUU57g,அதிகாரம் 66 - வினைத்தூய்மை (Remix) | Vinai Thooymai [Remix Audio],அதிகாரம் 66 - வினைத்தூய்மை (Remix),Vinai Thooymai,Remix Audio,65,திருக்குறள் (Thirukkural),Audio Track (Master Composition),திருவள்ளுவர் (Thiruvalluvar),திருக்குறள் — அதிகாரம்: வினைத்தூய்மை,Discography ; திருக்குறள் | Thirukkural — Master Collection,https://www.youtube.com/watch?v=XRizXIUU57g,PT4M32S,2026-09-22T21:12:29Z
315,XelTS98bLec,திருவருட்பா - திருப்புகழ் விலாசம் | Thiruppugazh Vilasam [Full Song],திருவருட்பா - திருப்புகழ் விலாசம்,Thiruppugazh Vilasam,Full Song,68,முருகப் பெருமான் (Lord Murugar),Audio Track (Master Composition),அருணகிரிநாதர் & சைவப் புலவர்கள்,கந்தர் அநுபூதி / திருப்புகழ்,Discography ; Other Songs,https://www.youtube.com/watch?v=XelTS98bLec,PT4M2S,2026-08-12T05:46:54Z
316,XlCvnE6y9d0,போற்றி திரு அகவல் 2026 Potri Thiru Agaval | Thiruvasagam [Cinematic Devotional Film],போற்றி திரு அகவல் 2026 Potri Thiru Agaval,Thiruvasagam,Cinematic Devotional Film,84,சிவபெருமான் (Lord Shiva),Cinematic Film / Video,சமயக்குரவர் பெருமக்கள் (திருமுறை),பன்னிரு திருமுறைகள் / தேவாரம் & திருவாசகம்,Discography ; Lord Shiva Songs,https://www.youtube.com/watch?v=XlCvnE6y9d0,PT20M55S,2026-02-01T20:43:04Z
317,XpdQL93uFtM,புண்ணிய விளக்கம் | Cinematic Lord Shiva Devotional Film,புண்ணிய விளக்கம்,Cinematic Lord Shiva Devotional Film,,55,சிவபெருமான் (Lord Shiva),Cinematic Film / Video,சமயக்குரவர் பெருமக்கள் (திருமுறை),பன்னிரு திருமுறைகள் / தேவாரம் & திருவாசகம்,Discography ; Lord Shiva Songs,https://www.youtube.com/watch?v=XpdQL93uFtM,PT9M41S,2026-09-27T19:53:05Z
318,XqDL5bZgW9c,உருவாய் அருவாய் (கந்தர் அனுபூதி) | Uruvaai Aruvaai [Murugan Film],உருவாய் அருவாய் (கந்தர் அனுபூதி),Uruvaai Aruvaai,Murugan Film,65,முருகப் பெருமான் (Lord Murugar),Cinematic Film / Video,அருணகிரிநாத சுவாமிகள்,கந்தர் அநுபூதி,Discography ; Lord Murugar Songs,https://www.youtube.com/watch?v=XqDL5bZgW9c,PT3M13S,2026-02-11T01:57:51Z
319,XwlGJp3gqCc,தென்னாடுடைய சிவனே போற்றி | Thennadudaiya Sivaney Potri [Cinematic Shiva Film],தென்னாடுடைய சிவனே போற்றி,Thennadudaiya Sivaney Potri,Cinematic Shiva Film,77,சிவபெருமான் (Lord Shiva),Cinematic Film / Video,சமயக்குரவர் பெருமக்கள் (திருமுறை),பன்னிரு திருமுறைகள் / தேவாரம் & திருவாசகம்,Discography ; Lord Shiva Songs,https://www.youtube.com/watch?v=XwlGJp3gqCc,PT3M43S,2026-01-11T19:16:19Z
320,Y0tOS_2Azxs,சிவபுராணம் 2026 (II) | Sivapuranam II [Cinematic Shiva Film],சிவபுராணம் 2026 (II),Sivapuranam II,Cinematic Shiva Film,60,சிவபெருமான் (Lord Shiva),Cinematic Film / Video,சமயக்குரவர் பெருமக்கள் (திருமுறை),பன்னிரு திருமுறைகள் / தேவாரம் & திருவாசகம்,Discography ; Lord Shiva Songs,https://www.youtube.com/watch?v=Y0tOS_2Azxs,PT11M47S,2026-01-28T06:15:42Z
321,Y3xujLwXuBs,அதிகாரம் 32 - இன்னா செய்யாமை | Inna Seidharai [Cinematic Thirukkural Film],அதிகாரம் 32 - இன்னா செய்யாமை,Inna Seidharai,Cinematic Thirukkural Film,74,திருக்குறள் (Thirukkural),Cinematic Film / Video,திருவள்ளுவர் (Thiruvalluvar),திருக்குறள் — அதிகாரம்: இன்னா செய்யாமை,Discography ; Other Songs ; திருக்குறள் | Thirukkural — Master Collection,https://www.youtube.com/watch?v=Y3xujLwXuBs,PT8M,2026-07-15T14:19:52Z
322,YBmfJyQNSCY,அதிகாரம் 75 - அரண் (Symphony) | Aran [Symphony],அதிகாரம் 75 - அரண் (Symphony),Aran,Symphony,47,திருக்குறள் (Thirukkural),Audio Track (Master Composition),திருவள்ளுவர் (Thiruvalluvar),திருக்குறள் — அதிகாரம்: அரண்,Discography ; திருக்குறள் | Thirukkural — Master Collection,https://www.youtube.com/watch?v=YBmfJyQNSCY,PT3M46S,2026-09-25T19:37:05Z
323,YL6ocN5OMzI,அதிகாரம் 34 - நிலையாமை | Nilaiyaamai [Full Song Film],அதிகாரம் 34 - நிலையாமை,Nilaiyaamai,Full Song Film,53,திருக்குறள் (Thirukkural),Cinematic Film / Video,திருவள்ளுவர் (Thiruvalluvar),திருக்குறள் — அதிகாரம்: நிலையாமை,Discography ; திருக்குறள் | Thirukkural — Master Collection,https://www.youtube.com/watch?v=YL6ocN5OMzI,PT4M12S,2026-09-17T09:53:58Z
324,YORF54ouPz0,திருவருட்பா - சிவபுண்ணியத் தேற்றம் | Sivapunniya Thetram [Full Song],திருவருட்பா - சிவபுண்ணியத் தேற்றம்,Sivapunniya Thetram,Full Song,68,சிவபெருமான் (Lord Shiva),Audio Track (Master Composition),சமயக்குரவர் பெருமக்கள் (திருமுறை),பன்னிரு திருமுறைகள் / தேவாரம் & திருவாசகம்,Discography ; Lord Shiva Songs,https://www.youtube.com/watch?v=YORF54ouPz0,PT13M39S,2026-07-18T04:32:48Z
325,Yg2b_xJGGEQ,எழுத்தறியும் பெருமான் மாலை | Ezhuthariyum Peruman Maalai Cinematic Shiva Film,எழுத்தறியும் பெருமான் மாலை,Ezhuthariyum Peruman Maalai Cinematic Shiva Film,,77,சிவபெருமான் (Lord Shiva),Cinematic Film / Video,சமயக்குரவர் பெருமக்கள் (திருமுறை),பன்னிரு திருமுறைகள் / தேவாரம் & திருவாசகம்,Discography ; Lord Shiva Songs,https://www.youtube.com/watch?v=Yg2b_xJGGEQ,PT20M58S,2026-09-29T07:37:31Z
326,Yg_IgGStRvY,கோளறு பதிகம் 2026 | Kolaru Pathigam Cinematic Devotional Film,கோளறு பதிகம் 2026,Kolaru Pathigam Cinematic Devotional Film,,61,சிவபெருமான் (Lord Shiva),Cinematic Film / Video,சமயக்குரவர் பெருமக்கள் (திருமுறை),பன்னிரு திருமுறைகள் / தேவாரம் & திருவாசகம்,Discography ; Lord Shiva Songs,https://www.youtube.com/watch?v=Yg_IgGStRvY,PT15M57S,2026-09-27T17:56:09Z
327,Yk9JZ7WTk-k,நமச்சிவாய ஸங்கீர்த்தனம் | Namasivaya Sankeerthanam Cinematic Shiva Film,நமச்சிவாய ஸங்கீர்த்தனம்,Namasivaya Sankeerthanam Cinematic Shiva Film,,71,சிவபெருமான் (Lord Shiva),Cinematic Film / Video,சமயக்குரவர் பெருமக்கள் (திருமுறை),பன்னிரு திருமுறைகள் / தேவாரம் & திருவாசகம்,Discography ; Lord Shiva Songs,https://www.youtube.com/watch?v=Yk9JZ7WTk-k,PT11M7S,2026-09-29T07:38:46Z
328,YlNGYTlCedk,இராம கிருஷ்ண துதி | Rama Krishna Thuthi Cinematic Devotional Film,இராம கிருஷ்ண துதி,Rama Krishna Thuthi Cinematic Devotional Film,,65,விஷ்ணு / கிருஷ்ணர் (Lord Vishnu & Krishna),Cinematic Film / Video,வேத பாரம்பரியம்,ஸ்ரீமத் பாகவதம் & மகாபாரதம்,Discography ; Lord Krishnar Songs,https://www.youtube.com/watch?v=YlNGYTlCedk,PT8M26S,2026-09-27T18:13:21Z
329,Yu4RBKpAodM,தனந்தரும் கல்விதரும் | Dhanam Tharum Kalvi Tharum Cinematic Film,தனந்தரும் கல்விதரும்,Dhanam Tharum Kalvi Tharum Cinematic Film,,64,அம்மன் / சக்தி (Goddess Amman),Cinematic Film / Video,அபிராமி பட்டர்,அபிராமி அந்தாதி,Discography ; Goddess Amman Songs,https://www.youtube.com/watch?v=Yu4RBKpAodM,PT5M4S,2026-09-08T07:03:26Z
330,Yvlg_8JBHL4,திகட சக்கர 2026 | Thigada Sakkara [Cinematic Vinayagar Film],திகட சக்கர 2026,Thigada Sakkara,Cinematic Vinayagar Film,60,விநாயகர் (Lord Vinayagar),Cinematic Film / Video,பாரம்பரிய விநாயகர் துதி,விநாயகர் நாம சங்கீர்த்தனம்,Discography ; Lord Vinayagar Songs,https://www.youtube.com/watch?v=Yvlg_8JBHL4,PT4M35S,2026-07-16T22:18:44Z
331,YxP_uh3dM18,திருப்புகழ் 712 - சீர் உலாவிய (திருப்போரூர் I) | Seer Ulaaviya I,திருப்புகழ் 712 - சீர் உலாவிய (திருப்போரூர் I),Seer Ulaaviya I,,64,முருகப் பெருமான் (Lord Murugar),Audio Track (Master Composition),அருணகிரிநாத சுவாமிகள்,திருப்புகழ் (விநாயகர் துதி),Discography ; Lord Murugar Songs,https://www.youtube.com/watch?v=YxP_uh3dM18,PT3M38S,2026-08-20T18:37:37Z
332,YycgNlQl6Go,திருவோத்தூர் பதிகம் - பூத்தேர்ந்து ஆயன I | Thiruvothur Pathigam [Full Song],திருவோத்தூர் பதிகம் - பூத்தேர்ந்து ஆயன I,Thiruvothur Pathigam,Full Song,75,சிவபெருமான் (Lord Shiva),Audio Track (Master Composition),சமயக்குரவர் பெருமக்கள் (திருமுறை),பன்னிரு திருமுறைகள் / தேவாரம் & திருவாசகம்,Discography ; Lord Shiva Songs,https://www.youtube.com/watch?v=YycgNlQl6Go,PT9M7S,2026-08-12T01:12:01Z
333,Z7qFXMBjnak,திருவருட்பா - திருவடிச் சரண்புகல் | Thiruvadi Saranpugal [Full Song],திருவருட்பா - திருவடிச் சரண்புகல்,Thiruvadi Saranpugal,Full Song,68,சிவபெருமான் (Lord Shiva),Audio Track (Master Composition),சமயக்குரவர் பெருமக்கள் (திருமுறை),பன்னிரு திருமுறைகள் / தேவாரம் & திருவாசகம்,Discography ; Lord Shiva Songs,https://www.youtube.com/watch?v=Z7qFXMBjnak,PT6M53S,2026-08-10T18:06:37Z
334,Z9GnvOMjDjU,தென்னாடுடைய சிவனே போற்றி | Thennadudaiya Sivaney Potri Cinematic Devotional Film,தென்னாடுடைய சிவனே போற்றி,Thennadudaiya Sivaney Potri Cinematic Devotional Film,,80,சிவபெருமான் (Lord Shiva),Cinematic Film / Video,சமயக்குரவர் பெருமக்கள் (திருமுறை),பன்னிரு திருமுறைகள் / தேவாரம் & திருவாசகம்,Discography ; Lord Shiva Songs,https://www.youtube.com/watch?v=Z9GnvOMjDjU,PT3M39S,2026-09-26T22:03:08Z
335,ZAjf5Ewzu_c,மாசில் வீணையும் | Maasil Veenaiyum — Alternate Recording Shiva Film,மாசில் வீணையும்,Maasil Veenaiyum — Alternate Recording Shiva Film,,67,சிவபெருமான் (Lord Shiva),Cinematic Film / Video,திருநாவுக்கரசு சுவாமிகள் (அப்பர்),தேவாரம் (நமச்சிவாயப் பதிகம்),Lord Shiva Songs,https://www.youtube.com/watch?v=ZAjf5Ewzu_c,PT4M22S,2026-09-29T07:26:02Z
336,ZXdIpt_-Pmo,வாழ்வது தமிழ் ஆகட்டும் | Vaazvathu Thamiz Aagattum | Full Song Film,வாழ்வது தமிழ் ஆகட்டும்,Vaazvathu Thamiz Aagattum,,67,மரபு & கலாச்சாரம் (Cultural & Heritage),Cinematic Film / Video,வள்ளலார் இராமலிங்க அடிகளார் / மகாகவி பாரதியார்,திருவருட்பா / தேசிய ஆன்மீகப் பனுவல்,Discography ; Other Songs,https://www.youtube.com/watch?v=ZXdIpt_-Pmo,PT4M50S,2026-09-27T19:22:02Z
337,ZZKjQ1SD_mQ,கந்தர் அலங்காரம் 2026 | கந்தர் அலங்காரம் 2026 [Cinematic Murugan Film],கந்தர் அலங்காரம் 2026,கந்தர் அலங்காரம் 2026,Cinematic Murugan Film,70,முருகப் பெருமான் (Lord Murugar),Cinematic Film / Video,அருணகிரிநாதர் & சைவப் புலவர்கள்,கந்தர் அநுபூதி / திருப்புகழ்,Discography ; Lord Murugar Songs,https://www.youtube.com/watch?v=ZZKjQ1SD_mQ,PT5M4S,2026-03-13T04:33:43Z
338,ZsxGP1jIZ-s,அருள் நாம விளக்கம் | Arul Nama Vilakkam [Cinematic Devotional Film],அருள் நாம விளக்கம்,Arul Nama Vilakkam,Cinematic Devotional Film,67,மரபு & கலாச்சாரம் (Cultural & Heritage),Cinematic Film / Video,வள்ளலார் இராமலிங்க அடிகளார் / மகாகவி பாரதியார்,திருவருட்பா / தேசிய ஆன்மீகப் பனுவல்,Discography ; Other Songs,https://www.youtube.com/watch?v=ZsxGP1jIZ-s,PT8M37S,2026-07-16T01:06:02Z
339,_6amHDAc8EI,வேதஸார சிவ ஸ்தோத்ரம் | Vedasaara Shiva Stotram [Cinematic Shiva Film],வேதஸார சிவ ஸ்தோத்ரம்,Vedasaara Shiva Stotram,Cinematic Shiva Film,69,சிவபெருமான் (Lord Shiva),Cinematic Film / Video,சமயக்குரவர் பெருமக்கள் (திருமுறை),பன்னிரு திருமுறைகள் / தேவாரம் & திருவாசகம்,Discography ; Lord Shiva Songs,https://www.youtube.com/watch?v=_6amHDAc8EI,PT6M9S,2026-08-01T00:30:47Z
340,_Ceq0AzIQ9c,அதிகாரம் 40 - கல்வி | Kalvi [Full Song Film],அதிகாரம் 40 - கல்வி,Kalvi,Full Song Film,44,திருக்குறள் (Thirukkural),Cinematic Film / Video,திருவள்ளுவர் (Thiruvalluvar),திருக்குறள்,,https://www.youtube.com/watch?v=_Ceq0AzIQ9c,PT6M4S,2026-09-13T23:49:37Z
341,_DHXM8tymn8,ரகுபதி ராகவ ராஜா ராம் | Raghupati Raghava [Cinematic Devotional Film],ரகுபதி ராகவ ராஜா ராம்,Raghupati Raghava,Cinematic Devotional Film,69,விஷ்ணு / கிருஷ்ணர் (Lord Vishnu & Krishna),Cinematic Film / Video,ஆழ்வார்கள் / நாலாயிர திவ்வியப் பிரபந்தம்,திருப்பாவை & நாலாயிர திவ்வியப் பிரபந்தம்,Discography ; Lord Vishnu Songs,https://www.youtube.com/watch?v=_DHXM8tymn8,PT5M45S,2026-01-11T19:16:19Z
342,_Q2t-TcmDT4,அதிகாரம் 43 - அறிவுடைமை | Arivudaimai | Full Song Film,அதிகாரம் 43 - அறிவுடைமை,Arivudaimai,,54,திருக்குறள் (Thirukkural),Cinematic Film / Video,திருவள்ளுவர் (Thiruvalluvar),திருக்குறள் — அதிகாரம்: அறிவுடைமை,திருக்குறள் | Thirukkural — Master Collection,https://www.youtube.com/watch?v=_Q2t-TcmDT4,PT5M2S,2026-09-28T13:00:23Z
343,aBA50x-gDME,அதிகாரம் 69 - தூது (Original) | Thoothu [Original Audio],அதிகாரம் 69 - தூது (Original),Thoothu,Original Audio,56,திருக்குறள் (Thirukkural),Audio Track (Master Composition),திருவள்ளுவர் (Thiruvalluvar),திருக்குறள் — அதிகாரம்: தூது,Discography ; திருக்குறள் | Thirukkural — Master Collection,https://www.youtube.com/watch?v=aBA50x-gDME,PT4M3S,2026-09-23T10:00:31Z
344,aSQrSHA4YtU,அதிகாரம் 16 - பொறையுடைமை | Poraiyudaimai [Full Song Film],அதிகாரம் 16 - பொறையுடைமை,Poraiyudaimai,Full Song Film,57,திருக்குறள் (Thirukkural),Cinematic Film / Video,திருவள்ளுவர் (Thiruvalluvar),திருக்குறள்,,https://www.youtube.com/watch?v=aSQrSHA4YtU,PT6M22S,2026-07-15T14:33:13Z
345,aTFvlXMPBSE,அதிகாரம் 45 - பெரியாரைத் துணைக்கோடல் (Original) | Periyarai Thunaikodal [Original Audio],அதிகாரம் 45 - பெரியாரைத் துணைக்கோடல் (Original),Periyarai Thunaikodal,Original Audio,88,திருக்குறள் (Thirukkural),Audio Track (Master Composition),திருவள்ளுவர் (Thiruvalluvar),திருக்குறள்,,https://www.youtube.com/watch?v=aTFvlXMPBSE,PT4M34S,2026-09-19T22:42:45Z
346,aV2BV7aQq6k,அதிகாரம் 61 - மடியின்மை | Madiyinmai Cinematic Thirukkural Film,அதிகாரம் 61 - மடியின்மை,Madiyinmai Cinematic Thirukkural Film,,63,திருக்குறள் (Thirukkural),Cinematic Film / Video,திருவள்ளுவர் (Thiruvalluvar),திருக்குறள் — அதிகாரம் 61: மடியின்மை,Discography ; திருக்குறள் | Thirukkural — Master Collection,https://www.youtube.com/watch?v=aV2BV7aQq6k,N/A,2026
347,aZ830iKkqBs,அதிகாரம் 45 - பெரியாரைத் துணைக்கோடல் | Periyarai Thunaikodal [Remix Audio],அதிகாரம் 45 - பெரியாரைத் துணைக்கோடல்,Periyarai Thunaikodal,Remix Audio,74,திருக்குறள் (Thirukkural),Audio Track (Master Composition),திருவள்ளுவர் (Thiruvalluvar),திருக்குறள் — அதிகாரம்: பெரியாரைத் துணைக்கோடல்,Discography ; திருக்குறள் | Thirukkural — Master Collection,https://www.youtube.com/watch?v=aZ830iKkqBs,N/A,2026
348,aq0j2OMVNoU,நமச்சிவாய வாழ்க! by Children | நமச்சிவாய வாழ்க! by Children [Cinematic Shiva Film],நமச்சிவாய வாழ்க! by Children,நமச்சிவாய வாழ்க! by Children,Cinematic Shiva Film,82,சிவபெருமான் (Lord Shiva),Cinematic Film / Video,சமயக்குரவர் பெருமக்கள் (திருமுறை),பன்னிரு திருமுறைகள் / தேவாரம் & திருவாசகம்,Discography ; Lord Shiva Songs,https://www.youtube.com/watch?v=aq0j2OMVNoU,PT13M12S,2026-08-21T20:21:48Z
349,b-FcuF06jHI,பெரியாழ்வார் திருமொழி தாலாட்டு 2026 (I) | Periyazhvar Lullaby Cinematic Film,பெரியாழ்வார் திருமொழி தாலாட்டு 2026 (I),Periyazhvar Lullaby Cinematic Film,,76,விஷ்ணு / கிருஷ்ணர் (Lord Vishnu & Krishna),Cinematic Film / Video,பெரியாழ்வார்,பெரியாழ்வார் திருமொழி (கண்ணன் தாலாட்டு),Discography ; Lord Krishnar Songs,https://www.youtube.com/watch?v=b-FcuF06jHI,PT4M56S,2026-09-27T17:13:50Z
350,bH23l5vVgL8,அதிகாரம் 51 - தெரிந்து தெளிதல் | Therinthu Thelithal | Full Song Film,அதிகாரம் 51 - தெரிந்து தெளிதல்,Therinthu Thelithal,,69,திருக்குறள் (Thirukkural),Cinematic Film / Video,திருவள்ளுவர் (Thiruvalluvar),திருக்குறள் — அதிகாரம்: தெரிந்து தெளிதல்,திருக்குறள் | Thirukkural — Master Collection,https://www.youtube.com/watch?v=bH23l5vVgL8,PT6M38S,2026-09-28T15:13:53Z
351,bJLV48oruHs,சென்னிப்பத்து 2026 | Sennippathu Cinematic Devotional Film,சென்னிப்பத்து 2026,Sennippathu Cinematic Devotional Film,,58,சிவபெருமான் (Lord Shiva),Cinematic Film / Video,சமயக்குரவர் பெருமக்கள் (திருமுறை),பன்னிரு திருமுறைகள் / தேவாரம் & திருவாசகம்,Discography ; Lord Shiva Songs,https://www.youtube.com/watch?v=bJLV48oruHs,PT12M45S,2026-09-27T17:49:56Z
352,bOxyDZgsI2c,திருப்புகழ் 566 (இரத்னகிரி II) | திருப்புகழ் 566 (இரத்னகிரி II) [Cinematic Murugan Film],திருப்புகழ் 566 (இரத்னகிரி II),திருப்புகழ் 566 (இரத்னகிரி II),Cinematic Murugan Film,88,முருகப் பெருமான் (Lord Murugar),Cinematic Film / Video,அருணகிரிநாத சுவாமிகள்,திருப்புகழ் (விநாயகர் துதி),Discography ; Lord Murugar Songs,https://www.youtube.com/watch?v=bOxyDZgsI2c,PT4M,2026-08-20T06:35:32Z
353,bUepGv6PJQA,அதிகாரம் 43 - அறிவுடைமை (Pop) | Arivudaimai [Full Song Film],அதிகாரம் 43 - அறிவுடைமை (Pop),Arivudaimai,Full Song Film,60,திருக்குறள் (Thirukkural),Cinematic Film / Video,திருவள்ளுவர் (Thiruvalluvar),திருக்குறள் — அதிகாரம்: அறிவுடைமை,Discography ; திருக்குறள் | Thirukkural — Master Collection,https://www.youtube.com/watch?v=bUepGv6PJQA,PT5M9S,2026-09-19T14:46:10Z
354,bZ03UopgYcc,தாயே கருமாரி | Thaaye Karumari Cinematic Devotional Film,தாயே கருமாரி,Thaaye Karumari Cinematic Devotional Film,,56,அம்மன் / சக்தி (Goddess Amman),Cinematic Film / Video,அபிராமி பட்டர் / தேவி உபாசகர்கள்,அபிராமி அந்தாதி / லலிதா போற்றி,Discography ; Goddess Amman Songs,https://www.youtube.com/watch?v=bZ03UopgYcc,PT4M1S,2026-09-27T09:28:42Z
355,bZmif21zNtw,சிவநேச வெண்பா (திருவருட்பா) | Sivanesa Venba [Cinematic Shiva Film],சிவநேச வெண்பா (திருவருட்பா),Sivanesa Venba,Cinematic Shiva Film,67,சிவபெருமான் (Lord Shiva),Cinematic Film / Video,சமயக்குரவர் பெருமக்கள் (திருமுறை),பன்னிரு திருமுறைகள் / தேவாரம் & திருவாசகம்,Discography ; Lord Shiva Songs,https://www.youtube.com/watch?v=bZmif21zNtw,PT7M5S,2026-05-31T21:32:05Z
356,c5OwVOaYsW0,அதிகாரம் 42 - கேள்வி | Kelvi Selvam [Remix Audio],அதிகாரம் 42 - கேள்வி,Kelvi Selvam,Remix Audio,49,திருக்குறள் (Thirukkural),Audio Track (Master Composition),திருவள்ளுவர் (Thiruvalluvar),திருக்குறள் — அதிகாரம்: கேள்வி,Discography ; திருக்குறள் | Thirukkural — Master Collection,https://www.youtube.com/watch?v=c5OwVOaYsW0,N/A,2026
357,cEIEecb51Fc,மகரம் அளறு இடை | Remix [Cinematic Devotional Film],மகரம் அளறு இடை,Remix,Cinematic Devotional Film,50,முருகப் பெருமான் (Lord Murugar),Cinematic Film / Video,அருணகிரிநாதர் & சைவப் புலவர்கள்,கந்தர் அநுபூதி / திருப்புகழ்,Discography ; Lord Murugar Songs,https://www.youtube.com/watch?v=cEIEecb51Fc,PT3M50S,2026-09-02T08:49:42Z
358,cKyT1Cv7zEA,மாசில் வீணையும் | Maasil Veenaiyum [Cinematic Shiva Film],மாசில் வீணையும்,Maasil Veenaiyum,Cinematic Shiva Film,57,சிவபெருமான் (Lord Shiva),Cinematic Film / Video,திருநாவுக்கரசு சுவாமிகள் (அப்பர்),தேவாரம் (நமச்சிவாயப் பதிகம்),Discography ; Lord Shiva Songs,https://www.youtube.com/watch?v=cKyT1Cv7zEA,PT4M33S,2026-08-28T06:50:41Z
359,cR_u-JuGJAU,அதிகாரம் 76 - பொருள் செயல்வகை | Porul Seyalvagai | Full Song Film,அதிகாரம் 76 - பொருள் செயல்வகை,Porul Seyalvagai,,65,திருக்குறள் (Thirukkural),Cinematic Film / Video,திருவள்ளுவர் (Thiruvalluvar),திருக்குறள் — அதிகாரம்: பொருள் செயல்வகை,Discography ; திருக்குறள் | Thirukkural — Master Collection,https://www.youtube.com/watch?v=cR_u-JuGJAU,PT5M1S,2026-09-28T17:20:36Z
360,cUt716Zafy0,அதிகாரம் 49 - காலமறிதல் (Remix) | Kaalamarithal [Remix Audio],அதிகாரம் 49 - காலமறிதல் (Remix),Kaalamarithal,Remix Audio,61,திருக்குறள் (Thirukkural),Audio Track (Master Composition),திருவள்ளுவர் (Thiruvalluvar),திருக்குறள் — அதிகாரம்: காலமறிதல்,Discography ; திருக்குறள் | Thirukkural — Master Collection,https://www.youtube.com/watch?v=cUt716Zafy0,PT3M57S,2026-09-20T09:50:08Z
361,cVbT38ujUTQ,திருவருட்பா - அருள்விடை வேட்கை | Arulvidai Vetkai [Full Song],திருவருட்பா - அருள்விடை வேட்கை,Arulvidai Vetkai,Full Song,61,வள்ளலார் / சன்மார்க்கம் (Thiruvarutpa / Sanmargam),Audio Track (Master Composition),வள்ளலார் இராமலிங்க அடிகளார் / மகாகவி பாரதியார்,திருவருட்பா / தேசிய ஆன்மீகப் பனுவல்,Discography ; Other Songs,https://www.youtube.com/watch?v=cVbT38ujUTQ,PT8M28S,2026-07-28T13:31:35Z
362,cj6mlDwjJEo,அதிகாரம் 66 - வினைத்தூய்மை (Original) | Vinai Thooymai [Original Audio],அதிகாரம் 66 - வினைத்தூய்மை (Original),Vinai Thooymai,Original Audio,71,திருக்குறள் (Thirukkural),Audio Track (Master Composition),திருவள்ளுவர் (Thiruvalluvar),திருக்குறள் — அதிகாரம்: வினைத்தூய்மை,Discography ; திருக்குறள் | Thirukkural — Master Collection,https://www.youtube.com/watch?v=cj6mlDwjJEo,PT4M33S,2026-09-22T21:12:29Z
363,cn776n6oKXQ,அதிகாரம் 59 - ஒற்றாடல் (Original) | Ottraadal [Original Audio],அதிகாரம் 59 - ஒற்றாடல் (Original),Ottraadal,Original Audio,62,திருக்குறள் (Thirukkural),Audio Track (Master Composition),திருவள்ளுவர் (Thiruvalluvar),திருக்குறள் — அதிகாரம்: ஒற்றாடல்,Discography ; திருக்குறள் | Thirukkural — Master Collection,https://www.youtube.com/watch?v=cn776n6oKXQ,PT5M21S,2026-09-21T23:01:58Z
364,coUEhVQH0Uk,ஆலய நாதம் | Aalaya Naatham Cinematic Meditation Film,ஆலய நாதம்,Aalaya Naatham Cinematic Meditation Film,,52,மரபு & கலாச்சாரம் (Cultural & Heritage),Cinematic Film / Video,வள்ளலார் இராமலிங்க அடிகளார் / மகாகவி பாரதியார்,திருவருட்பா / தேசிய ஆன்மீகப் பனுவல்,Discography ; Other Songs,https://www.youtube.com/watch?v=coUEhVQH0Uk,PT2M,2026-09-27T04:59:53Z
365,d4-qZaYo-4g,காயத்ரி மந்திரம் 2026 | Gayathri Mantra [Cinematic Devotional Film],காயத்ரி மந்திரம் 2026,Gayathri Mantra,Cinematic Devotional Film,67,அம்மன் / சக்தி (Goddess Amman),Cinematic Film / Video,வேத பாரம்பரியம்,ஸ்ரீ சரஸ்வதி அஷ்டோத்தர சத நாமாவளி,Discography ; Goddess Amman Songs,https://www.youtube.com/watch?v=d4-qZaYo-4g,PT21M8S,2026-04-26T12:38:28Z
366,dBIUA3fKBJ0,அதிகாரம் 71 - குறிப்பறிதல் | Kuripparithal | Full Song Film,அதிகாரம் 71 - குறிப்பறிதல்,Kuripparithal,,59,திருக்குறள் (Thirukkural),Cinematic Film / Video,திருவள்ளுவர் (Thiruvalluvar),திருக்குறள் — அதிகாரம்: குறிப்பறிதல்,திருக்குறள் | Thirukkural — Master Collection,https://www.youtube.com/watch?v=dBIUA3fKBJ0,PT4M35S,2026-09-28T13:44:02Z
367,dD_cXqU_XVQ,அதிகாரம் 38 - ஊழ் (ஊழ் வினை) | Oozh Vinai | Full Song Film,அதிகாரம் 38 - ஊழ் (ஊழ் வினை),Oozh Vinai,,58,திருக்குறள் (Thirukkural),Cinematic Film / Video,திருவள்ளுவர் (Thiruvalluvar),திருக்குறள் — அதிகாரம்: ஊழ்,திருக்குறள் | Thirukkural — Master Collection,https://www.youtube.com/watch?v=dD_cXqU_XVQ,PT3M55S,2026-09-28T14:42:07Z
368,dUYaclHH6Tk,பெரியாழ்வார் திருமொழி தாலாட்டு 2026 (I) | Periyazhvar Lullaby I,பெரியாழ்வார் திருமொழி தாலாட்டு 2026 (I),Periyazhvar Lullaby I,,63,விஷ்ணு / கிருஷ்ணர் (Lord Vishnu & Krishna),Audio Track (Master Composition),பெரியாழ்வார்,பெரியாழ்வார் திருமொழி (கண்ணன் தாலாட்டு),Discography ; Lord Krishnar Songs,https://www.youtube.com/watch?v=dUYaclHH6Tk,PT4M55S,2026-08-07T04:52:44Z
369,dVYI3ZgpDC8,அதிகாரம் 49 - காலமறிதல் (Remix) | Kaalamarithal Remix Cinematic Thirukkural Film,அதிகாரம் 49 - காலமறிதல் (Remix),Kaalamarithal Remix Cinematic Thirukkural Film,,80,திருக்குறள் (Thirukkural),Cinematic Film / Video,திருவள்ளுவர் (Thiruvalluvar),திருக்குறள் — அதிகாரம்: காலமறிதல்,Discography ; திருக்குறள் | Thirukkural — Master Collection,https://www.youtube.com/watch?v=dVYI3ZgpDC8,PT3M57S,2026-09-28T16:10:55Z
370,daM5VkysZqg,அதிகாரம் 63 - இடுக்கண் அழியாமை | Idukkan Azhiyaamai | Full Song Film,அதிகாரம் 63 - இடுக்கண் அழியாமை,Idukkan Azhiyaamai,,68,திருக்குறள் (Thirukkural),Cinematic Film / Video,திருவள்ளுவர் (Thiruvalluvar),திருக்குறள் — அதிகாரம்: இடுக்கண் அழியாமை,திருக்குறள் | Thirukkural — Master Collection,https://www.youtube.com/watch?v=daM5VkysZqg,PT4M53S,2026-09-28T13:13:54Z
371,dbdp19C0j3M,திருவருட்பா - திருவருள் வேட்கை II | Thiruvarul Vetkai II [Full Song],திருவருட்பா - திருவருள் வேட்கை II,Thiruvarul Vetkai II,Full Song,68,சிவபெருமான் (Lord Shiva),Audio Track (Master Composition),சமயக்குரவர் பெருமக்கள் (திருமுறை),பன்னிரு திருமுறைகள் / தேவாரம் & திருவாசகம்,Discography ; Lord Shiva Songs,https://www.youtube.com/watch?v=dbdp19C0j3M,PT4M45S,2026-07-25T06:40:29Z
372,diUv8fkOqv0,அதிகாரம் 49 - காலமறிதல் (Original) | Kaalamarithal [Original Audio],அதிகாரம் 49 - காலமறிதல் (Original),Kaalamarithal,Original Audio,67,திருக்குறள் (Thirukkural),Audio Track (Master Composition),திருவள்ளுவர் (Thiruvalluvar),திருக்குறள் — அதிகாரம்: காலமறிதல்,Discography ; திருக்குறள் | Thirukkural — Master Collection,https://www.youtube.com/watch?v=diUv8fkOqv0,PT4M22S,2026-09-20T09:50:08Z
373,diblSOvZENA,விஷ்ணும் ஜிஷ்ணும் | Vishnum Jishnum Cinematic Devotional Film,விஷ்ணும் ஜிஷ்ணும்,Vishnum Jishnum Cinematic Devotional Film,,61,விஷ்ணு / கிருஷ்ணர் (Lord Vishnu & Krishna),Cinematic Film / Video,ஆழ்வார்கள் / நாலாயிர திவ்வியப் பிரபந்தம்,திருப்பாவை & நாலாயிர திவ்வியப் பிரபந்தம்,Discography ; Lord Vishnu Songs,https://www.youtube.com/watch?v=diblSOvZENA,PT4M32S,2026-09-27T16:54:34Z
374,djYooU1LmGk,அதிகாரம் 30 - வாய்மை (Remix) | Vaaymai Remix Cinematic Thirukkural Film,அதிகாரம் 30 - வாய்மை (Remix),Vaaymai Remix Cinematic Thirukkural Film,,71,திருக்குறள் (Thirukkural),Cinematic Film / Video,திருவள்ளுவர் (Thiruvalluvar),திருக்குறள்,,https://www.youtube.com/watch?v=djYooU1LmGk,PT3M57S,2026-09-28T16:05:04Z
375,do8z9OuxLNo,திரு உந்தியார் | Thiru Undhiyar Cinematic Devotional Film,திரு உந்தியார்,Thiru Undhiyar Cinematic Devotional Film,,57,சிவபெருமான் (Lord Shiva),Cinematic Film / Video,சமயக்குரவர் பெருமக்கள் (திருமுறை),பன்னிரு திருமுறைகள் / தேவாரம் & திருவாசகம்,Discography ; Lord Shiva Songs,https://www.youtube.com/watch?v=do8z9OuxLNo,PT8M,2026-09-27T17:35:41Z
376,dpx7C3wuyio,பூவார் சென்னி மன்னன் (திருவாசகம்) | Poovar Senni Mannan [Cinematic Shiva Film],பூவார் சென்னி மன்னன் (திருவாசகம்),Poovar Senni Mannan,Cinematic Shiva Film,78,சிவபெருமான் (Lord Shiva),Cinematic Film / Video,ஆழ்வார்கள் / நாலாயிர திவ்வியப் பிரபந்தம்,திருப்பாவை & நாலாயிர திவ்வியப் பிரபந்தம்,Lord Shiva Songs ; Lord Vishnu Songs,https://www.youtube.com/watch?v=dpx7C3wuyio,PT15M6S,2026-09-29T07:05:15Z
377,dthZW-Wo8IU,அதிகாரம் 70 - மன்னரைச் சேர்ந்தொழுதல் (Female) | Mannarai Sernthozhuthal,அதிகாரம் 70 - மன்னரைச் சேர்ந்தொழுதல் (Female),Mannarai Sernthozhuthal,,71,திருக்குறள் (Thirukkural),Cinematic Film / Video,திருவள்ளுவர் (Thiruvalluvar),திருக்குறள் — அதிகாரம்: மன்னரைச் சேர்ந்தொழுதல்,Discography ; திருக்குறள் | Thirukkural — Master Collection,https://www.youtube.com/watch?v=dthZW-Wo8IU,PT4M42S,2026-09-28T16:51:33Z
378,dwYw5_W4g4A,உலகமெலாந் தனிநிறைந்த! | Ulagamelan Thaniniraindha | Full Song Film,உலகமெலாந் தனிநிறைந்த!,Ulagamelan Thaniniraindha,,66,மரபு & கலாச்சாரம் (Cultural & Heritage),Cinematic Film / Video,வள்ளலார் இராமலிங்க அடிகளார் / மகாகவி பாரதியார்,திருவருட்பா / தேசிய ஆன்மீகப் பனுவல்,Discography ; Other Songs,https://www.youtube.com/watch?v=dwYw5_W4g4A,PT10M9S,2026-09-27T19:05:07Z
379,e9fTnxiiLnc,திருவார்த்தை 2026 (திருவாசகம்) | திருவார்த்தை 2026 (திருவாசகம்) [Cinematic Shiva Film],திருவார்த்தை 2026 (திருவாசகம்),திருவார்த்தை 2026 (திருவாசகம்),Cinematic Shiva Film,86,சிவபெருமான் (Lord Shiva),Cinematic Film / Video,சமயக்குரவர் பெருமக்கள் (திருமுறை),பன்னிரு திருமுறைகள் / தேவாரம் & திருவாசகம்,Discography ; Lord Shiva Songs,https://www.youtube.com/watch?v=e9fTnxiiLnc,PT14M47S,2026-02-09T06:37:55Z
380,eEYBleNgRGU,கந்தர் அலங்காரம் 2026 | Kandhar Alangaram Cinematic Devotional Film,கந்தர் அலங்காரம் 2026,Kandhar Alangaram Cinematic Devotional Film,,67,முருகப் பெருமான் (Lord Murugar),Cinematic Film / Video,அருணகிரிநாதர் & சைவப் புலவர்கள்,கந்தர் அநுபூதி / திருப்புகழ்,Discography ; Lord Murugar Songs,https://www.youtube.com/watch?v=eEYBleNgRGU,PT5M4S,2026-09-27T12:24:51Z
381,eK--J196v_c,தாயின் மணிக்கொடி பாரீர்! | Thayin Manikkodi Paareer | Full Song Film,தாயின் மணிக்கொடி பாரீர்!,Thayin Manikkodi Paareer,,68,மரபு & கலாச்சாரம் (Cultural & Heritage),Cinematic Film / Video,வள்ளலார் இராமலிங்க அடிகளார் / மகாகவி பாரதியார்,திருவருட்பா / தேசிய ஆன்மீகப் பனுவல்,Discography ; Other Songs,https://www.youtube.com/watch?v=eK--J196v_c,PT7M50S,2026-09-27T19:20:51Z
382,f1jxgAbXcdE,அதிகாரம் 2 - வான் சிறப்பு | Vaan Sirappu Cinematic Thirukkural Film,அதிகாரம் 2 - வான் சிறப்பு,Vaan Sirappu Cinematic Thirukkural Film,,67,திருக்குறள் (Thirukkural),Cinematic Film / Video,திருவள்ளுவர் (Thiruvalluvar),திருக்குறள் — அதிகாரம்: வான் சிறப்பு,Discography ; திருக்குறள் | Thirukkural — Master Collection,https://www.youtube.com/watch?v=f1jxgAbXcdE,PT5M13S,2026-09-26T19:26:30Z
383,fANgtszMDvY,திருப்படை ஆட்சி (HipHop) | Thiruppadai Aatchi Cinematic Shiva Film,திருப்படை ஆட்சி (HipHop),Thiruppadai Aatchi Cinematic Shiva Film,,66,சிவபெருமான் (Lord Shiva),Cinematic Film / Video,சமயக்குரவர் பெருமக்கள் (திருமுறை),பன்னிரு திருமுறைகள் / தேவாரம் & திருவாசகம்,Discography ; Lord Shiva Songs,https://www.youtube.com/watch?v=fANgtszMDvY,PT4M39S,2026-09-29T07:21:12Z
384,fGUDd1DvDcE,காட்சிப் பெருமிதம் | Kaatchi Perumitham Cinematic Shiva Film,காட்சிப் பெருமிதம்,Kaatchi Perumitham Cinematic Shiva Film,,60,சிவபெருமான் (Lord Shiva),Cinematic Film / Video,சமயக்குரவர் பெருமக்கள் (திருமுறை),பன்னிரு திருமுறைகள் / தேவாரம் & திருவாசகம்,Discography ; Lord Shiva Songs,https://www.youtube.com/watch?v=fGUDd1DvDcE,PT7M37S,2026-09-29T07:36:16Z
385,fJIeiPyejxU,திருவருட்பா - ஆறாம் திருமுறை - பரசிவ வணக்கம் | Full Song Film,திருவருட்பா - ஆறாம் திருமுறை - பரசிவ வணக்கம்,Full Song Film,,61,சிவபெருமான் (Lord Shiva),Cinematic Film / Video,சமயக்குரவர் பெருமக்கள் (திருமுறை),பன்னிரு திருமுறைகள் / தேவாரம் & திருவாசகம்,Lord Shiva Songs,https://www.youtube.com/watch?v=fJIeiPyejxU,PT3M48S,2026-09-28T15:42:58Z
386,fNaiY4wiadc,திருவோத்தூர் பதிகம் II | Thiruvothur Pathigam II Cinematic Shiva Film,திருவோத்தூர் பதிகம் II,Thiruvothur Pathigam II Cinematic Shiva Film,,69,சிவபெருமான் (Lord Shiva),Cinematic Film / Video,சமயக்குரவர் பெருமக்கள் (திருமுறை),பன்னிரு திருமுறைகள் / தேவாரம் & திருவாசகம்,Discography ; Lord Shiva Songs,https://www.youtube.com/watch?v=fNaiY4wiadc,PT8M,2026-09-28T15:06:40Z
387,fQspUClJyg8,அதிகாரம் 30 - வாய்மை | Vaaymai [Remix Audio],அதிகாரம் 30 - வாய்மை,Vaaymai,Remix Audio,44,திருக்குறள் (Thirukkural),Audio Track (Master Composition),திருவள்ளுவர் (Thiruvalluvar),திருக்குறள் — அதிகாரம்: வாய்மை,Discography ; திருக்குறள் | Thirukkural — Master Collection,https://www.youtube.com/watch?v=fQspUClJyg8,N/A,2026
388,fRNAsDZr3QA,அதிகாரம் 32 - இன்னா செய்யாமை (இன்னா செய்தாரை) | Kindness Story Cinematic Film,அதிகாரம் 32 - இன்னா செய்யாமை (இன்னா செய்தாரை),Kindness Story Cinematic Film,,77,திருக்குறள் (Thirukkural),Cinematic Film / Video,திருவள்ளுவர் (Thiruvalluvar),திருக்குறள் — அதிகாரம்: இன்னா செய்யாமை,Discography ; திருக்குறள் | Thirukkural — Master Collection,https://www.youtube.com/watch?v=fRNAsDZr3QA,PT8M,2026-09-27T11:06:24Z
389,fRoTy3NdaLo,கொன்றை வேந்தன் | Konrai Vendhan Cinematic Devotional Film,கொன்றை வேந்தன்,Konrai Vendhan Cinematic Devotional Film,,57,மரபு & கலாச்சாரம் (Cultural & Heritage),Cinematic Film / Video,வள்ளலார் இராமலிங்க அடிகளார் / மகாகவி பாரதியார்,திருவருட்பா / தேசிய ஆன்மீகப் பனுவல்,Discography ; Other Songs,https://www.youtube.com/watch?v=fRoTy3NdaLo,PT6M33S,2026-09-27T17:58:58Z
390,fcWB5HrGeMs,திரு உந்தியார் | திரு உந்தியார் [Cinematic Shiva Film],திரு உந்தியார்,திரு உந்தியார்,Cinematic Shiva Film,54,சிவபெருமான் (Lord Shiva),Cinematic Film / Video,சமயக்குரவர் பெருமக்கள் (திருமுறை),பன்னிரு திருமுறைகள் / தேவாரம் & திருவாசகம்,Discography ; Lord Shiva Songs,https://www.youtube.com/watch?v=fcWB5HrGeMs,PT8M,2026-03-14T20:31:29Z
391,fdB9R7QeXo0,திருவாசகம் | குழைத்த பத்து | 2026,திருவாசகம்,குழைத்த பத்து,,33,சிவபெருமான் (Lord Shiva),Audio Track (Master Composition),சமயக்குரவர் பெருமக்கள் (திருமுறை),பன்னிரு திருமுறைகள் / தேவாரம் & திருவாசகம்,Discography ; Lord Shiva Songs,https://www.youtube.com/watch?v=fdB9R7QeXo0,PT9M36S,2026-06-02T03:41:08Z
392,fg2YbSBo1Sk,திருவருட்பா - அபராத விண்ணப்பம் II | Aparadha Vinnappam II | Full Song Film,திருவருட்பா - அபராத விண்ணப்பம் II,Aparadha Vinnappam II,,74,வள்ளலார் / சன்மார்க்கம் (Thiruvarutpa / Sanmargam),Cinematic Film / Video,வள்ளலார் இராமலிங்க அடிகளார் / மகாகவி பாரதியார்,திருவருட்பா / தேசிய ஆன்மீகப் பனுவல்,Discography ; Other Songs,https://www.youtube.com/watch?v=fg2YbSBo1Sk,PT5M11S,2026-09-27T19:51:39Z
393,fkgEbW9HdtI,திருப்பாவை - 1 (மார்கழித் திங்கள்) | Thiruppavai 1 [Cinematic Devotional Film],திருப்பாவை - 1 (மார்கழித் திங்கள்),Thiruppavai 1,Cinematic Devotional Film,78,விஷ்ணு / கிருஷ்ணர் (Lord Vishnu & Krishna),Cinematic Film / Video,ஸ்ரீ ஆண்டாள் நாச்சியார்,நாலாயிர திவ்வியப் பிரபந்தம் (திருப்பாவை),Discography ; Lord Vishnu Songs,https://www.youtube.com/watch?v=fkgEbW9HdtI,PT5M31S,2026-03-13T03:23:53Z
394,fq0nJxj5aU4,தனந்தரும் கல்விதரும் | Dhanam Tharum Kalvi Tharum [Cinematic Amman Film],தனந்தரும் கல்விதரும்,Dhanam Tharum Kalvi Tharum,Cinematic Amman Film,72,மரபு & கலாச்சாரம் (Cultural & Heritage),Cinematic Film / Video,அபிராமி பட்டர்,அபிராமி அந்தாதி,,https://www.youtube.com/watch?v=fq0nJxj5aU4,PT3M57S,2026-09-27T12:47:41Z
395,fzoZWnsJReg,தாயே கருமாரி 2026 | Thaaye Karumari [Cinematic Amman Film],தாயே கருமாரி 2026,Thaaye Karumari,Cinematic Amman Film,58,அம்மன் / சக்தி (Goddess Amman),Cinematic Film / Video,அபிராமி பட்டர் / தேவி உபாசகர்கள்,அபிராமி அந்தாதி / லலிதா போற்றி,Discography ; Goddess Amman Songs,https://www.youtube.com/watch?v=fzoZWnsJReg,PT4M1S,2026-01-30T14:23:33Z
396,g3tE-_-cZgQ,திருவருட்பா - நெஞ்சொடு நேர்தல் | Nenjodu Nerthal | Full Song Film,திருவருட்பா - நெஞ்சொடு நேர்தல்,Nenjodu Nerthal,,65,வள்ளலார் / சன்மார்க்கம் (Thiruvarutpa / Sanmargam),Cinematic Film / Video,வள்ளலார் இராமலிங்க அடிகளார் / மகாகவி பாரதியார்,திருவருட்பா / தேசிய ஆன்மீகப் பனுவல்,Discography ; Other Songs,https://www.youtube.com/watch?v=g3tE-_-cZgQ,PT7M59S,2026-09-27T20:09:57Z
397,g42Pg2sg_gg,வேதஸார சிவ ஸ்தோத்ரம் | Sacred Landscapes Cinematic Film,வேதஸார சிவ ஸ்தோத்ரம்,Sacred Landscapes Cinematic Film,,55,சிவபெருமான் (Lord Shiva),Cinematic Film / Video,சமயக்குரவர் பெருமக்கள் (திருமுறை),பன்னிரு திருமுறைகள் / தேவாரம் & திருவாசகம்,Discography ; Lord Shiva Songs,https://www.youtube.com/watch?v=g42Pg2sg_gg,PT6M9S,2026-09-27T10:27:35Z
398,gBRvVKE_so8,அதிகாரம் 68 - வினைசெயல்வகை (Original) | Vinai Seyalvagai [Original Audio],அதிகாரம் 68 - வினைசெயல்வகை (Original),Vinai Seyalvagai,Original Audio,73,திருக்குறள் (Thirukkural),Audio Track (Master Composition),திருவள்ளுவர் (Thiruvalluvar),திருக்குறள் — அதிகாரம்: வினைசெயல்வகை,Discography ; திருக்குறள் | Thirukkural — Master Collection,https://www.youtube.com/watch?v=gBRvVKE_so8,PT4M40S,2026-09-23T07:52:34Z
399,gjo0AfKBzsU,அதிகாரம் 74 - நாடு (Remix) | Naadu Remix Cinematic Thirukkural Film,அதிகாரம் 74 - நாடு (Remix),Naadu Remix Cinematic Thirukkural Film,,67,திருக்குறள் (Thirukkural),Cinematic Film / Video,திருவள்ளுவர் (Thiruvalluvar),திருக்குறள் — அதிகாரம்: நாடு,Discography ; திருக்குறள் | Thirukkural — Master Collection,https://www.youtube.com/watch?v=gjo0AfKBzsU,PT3M34S,2026-09-28T16:45:21Z
400,gre-26HFBfA,அருட்பெருஞ்சோதி 2026 VI | Arutperunjothi VI [Cinematic Devotional Film],அருட்பெருஞ்சோதி 2026 VI,Arutperunjothi VI,Cinematic Devotional Film,71,வள்ளலார் / சன்மார்க்கம் (Thiruvarutpa / Sanmargam),Cinematic Film / Video,வள்ளலார் இராமலிங்க அடிகளார்,திருவருட்பா (அருட்பெருஞ்சோதி அகவல்),Discography ; Other Songs,https://www.youtube.com/watch?v=gre-26HFBfA,PT22M24S,2026-03-15T12:19:46Z
401,grjVzzo-RWc,மகாமாயி சமயபுரத்தாயே | Magamayi Samayapurathaye [Original Story Version],மகாமாயி சமயபுரத்தாயே,Magamayi Samayapurathaye,Original Story Version,72,அம்மன் / சக்தி (Goddess Amman),Cinematic Film / Video,அபிராமி பட்டர் / தேவி உபாசகர்கள்,அபிராமி அந்தாதி / லலிதா போற்றி,Discography ; Goddess Amman Songs,https://www.youtube.com/watch?v=grjVzzo-RWc,PT4M33S,2026-09-07T13:05:53Z
402,gwTtvj-h77g,திருமந்திரம் (முதல் தந்திரம்) | Thirumanthiram [Cinematic Shiva Film],திருமந்திரம் (முதல் தந்திரம்),Thirumanthiram,Cinematic Shiva Film,69,சிவபெருமான் (Lord Shiva),Cinematic Film / Video,சமயக்குரவர் பெருமக்கள் (திருமுறை),பன்னிரு திருமுறைகள் / தேவாரம் & திருவாசகம்,Discography ; Lord Shiva Songs,https://www.youtube.com/watch?v=gwTtvj-h77g,PT8M36S,2026-03-05T02:36:53Z
403,h2q-ADrbBc4,அதிகாரம் 26 - புலால் உண்ணாமை | Pulaal Unnaamai [Full Song Film],அதிகாரம் 26 - புலால் உண்ணாமை,Pulaal Unnaamai,Full Song Film,63,திருக்குறள் (Thirukkural),Cinematic Film / Video,திருவள்ளுவர் (Thiruvalluvar),திருக்குறள்,,https://www.youtube.com/watch?v=h2q-ADrbBc4,PT4M40S,2026-09-14T12:19:28Z
404,h39OlLt4N9A,சிவபுராணம் | Sivapuranam [Devotional Story Film],சிவபுராணம்,Sivapuranam,Devotional Story Film,48,சிவபெருமான் (Lord Shiva),Cinematic Film / Video,மாணிக்கவாசகப் பெருமான்,திருவாசகம் (எட்டாம் திருமுறை),Discography ; Lord Shiva Songs,https://www.youtube.com/watch?v=h39OlLt4N9A,PT6M9S,2026-09-07T13:04:32Z
405,h4Pc0KxvnRo,அதிகாரம் 29 - கள்ளாமை (Original) | Kallaamai [Original Audio],அதிகாரம் 29 - கள்ளாமை (Original),Kallaamai,Original Audio,61,திருக்குறள் (Thirukkural),Audio Track (Master Composition),திருவள்ளுவர் (Thiruvalluvar),திருக்குறள் — அதிகாரம்: கள்ளாமை,Discography ; திருக்குறள் | Thirukkural — Master Collection,https://www.youtube.com/watch?v=h4Pc0KxvnRo,PT4M1S,2026-09-14T14:09:29Z
406,hCHBPd8BH8A,அதிகாரம் 6 - வாழ்க்கைத் துணைநலம் | Vaazkkai Thunai | Full Song Film,அதிகாரம் 6 - வாழ்க்கைத் துணைநலம்,Vaazkkai Thunai,,67,திருக்குறள் (Thirukkural),Cinematic Film / Video,திருவள்ளுவர் (Thiruvalluvar),திருக்குறள் — அதிகாரம்: வாழ்க்கைத் துணைநலம்,திருக்குறள் | Thirukkural — Master Collection,https://www.youtube.com/watch?v=hCHBPd8BH8A,PT5M3S,2026-09-28T08:22:06Z
407,hDoLscfeg5Q,திருவருட்பா - திருவருள் வழக்க விளக்கம் | Thiruvarul Vazhakka Vilakkam,திருவருட்பா - திருவருள் வழக்க விளக்கம்,Thiruvarul Vazhakka Vilakkam,,69,சிவபெருமான் (Lord Shiva),Audio Track (Master Composition),சமயக்குரவர் பெருமக்கள் (திருமுறை),பன்னிரு திருமுறைகள் / தேவாரம் & திருவாசகம்,Discography ; Lord Shiva Songs,https://www.youtube.com/watch?v=hDoLscfeg5Q,PT14M39S,2026-08-11T12:23:14Z
408,hKkmbQ9TIaU,கைத்தல நிறைகனி | Kaiththala Niraigani Cinematic Thiruppugazh Film,கைத்தல நிறைகனி,Kaiththala Niraigani Cinematic Thiruppugazh Film,,65,முருகப் பெருமான் (Lord Murugar),Cinematic Film / Video,அருணகிரிநாத சுவாமிகள்,திருப்புகழ் (விநாயகர் துதி),Discography ; Lord Murugar Songs,https://www.youtube.com/watch?v=hKkmbQ9TIaU,PT4M54S,2026-09-27T11:22:30Z
409,hXpQuPvEzSk,ஹரே ராமா ஹரே கிருஷ்ணா! I | Hare Rama Hare Krishna Cinematic Film,ஹரே ராமா ஹரே கிருஷ்ணா! I,Hare Rama Hare Krishna Cinematic Film,,64,விஷ்ணு / கிருஷ்ணர் (Lord Vishnu & Krishna),Cinematic Film / Video,வேத பாரம்பரியம்,ஸ்ரீமத் பாகவதம் & மகாபாரதம்,Discography ; Lord Krishnar Songs,https://www.youtube.com/watch?v=hXpQuPvEzSk,PT5M22S,2026-09-27T18:31:18Z
410,hfv9Ys99fZU,திருவருட்பா - இங்கித மாலை 2026 | Ingitha Maalai | Full Song Film,திருவருட்பா - இங்கித மாலை 2026,Ingitha Maalai,,64,வள்ளலார் / சன்மார்க்கம் (Thiruvarutpa / Sanmargam),Cinematic Film / Video,வள்ளலார் இராமலிங்க அடிகளார் / மகாகவி பாரதியார்,திருவருட்பா / தேசிய ஆன்மீகப் பனுவல்,Discography ; Other Songs,https://www.youtube.com/watch?v=hfv9Ys99fZU,PT11M5S,2026-09-27T19:31:14Z
411,hjcH8zbEleE,அதிகாரம் 57 - வெருவந்த செய்யாமை (Original) | Veruvandha Seyyaamai [Original Audio],அதிகாரம் 57 - வெருவந்த செய்யாமை (Original),Veruvandha Seyyaamai,Original Audio,82,திருக்குறள் (Thirukkural),Audio Track (Master Composition),திருவள்ளுவர் (Thiruvalluvar),திருக்குறள்,,https://www.youtube.com/watch?v=hjcH8zbEleE,PT5M42S,2026-09-21T08:31:05Z
412,hm7_qUlTUiU,திருப்பாவை - 2 (வையத்து வாழ்வீர்) | Thiruppavai 2 [Cinematic Devotional Film],திருப்பாவை - 2 (வையத்து வாழ்வீர்),Thiruppavai 2,Cinematic Devotional Film,77,விஷ்ணு / கிருஷ்ணர் (Lord Vishnu & Krishna),Cinematic Film / Video,ஸ்ரீ ஆண்டாள் நாச்சியார்,நாலாயிர திவ்வியப் பிரபந்தம் (திருப்பாவை),Discography ; Lord Vishnu Songs,https://www.youtube.com/watch?v=hm7_qUlTUiU,PT5M4S,2026-09-10T05:55:13Z
413,hoZZgL3xe9k,எண்ணப் பதிகம் (திருவாசகம்) | எண்ணப் பதிகம் (திருவாசகம்) [Cinematic Shiva Film],எண்ணப் பதிகம் (திருவாசகம்),எண்ணப் பதிகம் (திருவாசகம்),Cinematic Shiva Film,78,சிவபெருமான் (Lord Shiva),Cinematic Film / Video,சமயக்குரவர் பெருமக்கள் (திருமுறை),பன்னிரு திருமுறைகள் / தேவாரம் & திருவாசகம்,Discography ; Lord Shiva Songs,https://www.youtube.com/watch?v=hoZZgL3xe9k,PT8M14S,2026-02-09T06:37:55Z
414,hp1ctMubVmo,லக்ஷ்மி 108 போற்றி | Lakshmi 108 Potri [Cinematic Amman Film],லக்ஷ்மி 108 போற்றி,Lakshmi 108 Potri,Cinematic Amman Film,61,அம்மன் / சக்தி (Goddess Amman),Cinematic Film / Video,வேத பாரம்பரியம்,ஸ்ரீ சரஸ்வதி அஷ்டோத்தர சத நாமாவளி,Discography ; Goddess Amman Songs,https://www.youtube.com/watch?v=hp1ctMubVmo,PT14M57S,2026-04-25T02:17:32Z
415,hrg_nAlW7VQ,அதிகாரம் 51 - தெரிந்து தெளிதல் (Original) | Therinthu Thelithal [Original Audio],அதிகாரம் 51 - தெரிந்து தெளிதல் (Original),Therinthu Thelithal,Original Audio,80,திருக்குறள் (Thirukkural),Audio Track (Master Composition),திருவள்ளுவர் (Thiruvalluvar),திருக்குறள் — அதிகாரம்: தெரிந்து தெளிதல்,Discography ; திருக்குறள் | Thirukkural — Master Collection,https://www.youtube.com/watch?v=hrg_nAlW7VQ,PT6M38S,2026-09-20T20:28:23Z
416,huastC0A3-8,கோயிலாகநல் - பழமொழிமேல் 2026 | Koiyilakanal | Full Song Film,கோயிலாகநல் - பழமொழிமேல் 2026,Koiyilakanal,,60,மரபு & கலாச்சாரம் (Cultural & Heritage),Cinematic Film / Video,வள்ளலார் இராமலிங்க அடிகளார் / மகாகவி பாரதியார்,திருவருட்பா / தேசிய ஆன்மீகப் பனுவல்,Discography ; Other Songs,https://www.youtube.com/watch?v=huastC0A3-8,PT12M56S,2026-09-27T19:08:37Z
417,i6XFZE1q9uo,உள்ளம் ஒரு கோவில் 2026 | Ullam Oru Kovil | Full Song Film,உள்ளம் ஒரு கோவில் 2026,Ullam Oru Kovil,,57,மரபு & கலாச்சாரம் (Cultural & Heritage),Cinematic Film / Video,வள்ளலார் இராமலிங்க அடிகளார் / மகாகவி பாரதியார்,திருவருட்பா / தேசிய ஆன்மீகப் பனுவல்,Discography ; Other Songs,https://www.youtube.com/watch?v=i6XFZE1q9uo,PT6M34S,2026-09-27T18:13:37Z
418,i8h-2dDFnhI,தாமரை மலரே! | Thamarai Malare | Full Song Film,தாமரை மலரே!,Thamarai Malare,,46,மரபு & கலாச்சாரம் (Cultural & Heritage),Cinematic Film / Video,வள்ளலார் இராமலிங்க அடிகளார் / மகாகவி பாரதியார்,திருவருட்பா / தேசிய ஆன்மீகப் பனுவல்,Discography ; Other Songs,https://www.youtube.com/watch?v=i8h-2dDFnhI,PT2M47S,2026-09-27T18:14:04Z
419,iJ-3SHR2MKw,ஸ்கந்த மந்திரம் (Original) | Skanda Mantram Cinematic Film,ஸ்கந்த மந்திரம் (Original),Skanda Mantram Cinematic Film,,58,முருகப் பெருமான் (Lord Murugar),Cinematic Film / Video,அருணகிரிநாதர் & சைவப் புலவர்கள்,கந்தர் அநுபூதி / திருப்புகழ்,Discography ; Lord Murugar Songs,https://www.youtube.com/watch?v=iJ-3SHR2MKw,PT5M10S,2026-09-27T13:25:36Z
420,iKIsoxTz5-k,Poovar Senni Mannan (Thiruvasagam) | Yaththirai Paththu,Poovar Senni Mannan (Thiruvasagam),Yaththirai Paththu,,55,சிவபெருமான் (Lord Shiva),Audio Track (Master Composition),சமயக்குரவர் பெருமக்கள் (திருமுறை),பன்னிரு திருமுறைகள் / தேவாரம் & திருவாசகம்,Discography ; Lord Shiva Songs,https://www.youtube.com/watch?v=iKIsoxTz5-k,PT15M6S,2026-02-11T13:05:30Z
421,iPFEtwdcIxc,திருப்புகழ் 712 - சீர் உலாவிய (திருப்போரூர் II) | Seer Ulaaviya II,திருப்புகழ் 712 - சீர் உலாவிய (திருப்போரூர் II),Seer Ulaaviya II,,66,முருகப் பெருமான் (Lord Murugar),Audio Track (Master Composition),அருணகிரிநாத சுவாமிகள்,திருப்புகழ் (விநாயகர் துதி),Discography ; Lord Murugar Songs,https://www.youtube.com/watch?v=iPFEtwdcIxc,PT3M29S,2026-08-20T18:37:37Z
422,iTALOLp7MkQ,திருவையாறு திருமுறை | Thiruvaiyaaru Thirumurai Cinematic Devotional Film,திருவையாறு திருமுறை,Thiruvaiyaaru Thirumurai Cinematic Devotional Film,,72,சிவபெருமான் (Lord Shiva),Cinematic Film / Video,சமயக்குரவர் பெருமக்கள் (திருமுறை),பன்னிரு திருமுறைகள் / தேவாரம் & திருவாசகம்,Discography ; Lord Shiva Songs,https://www.youtube.com/watch?v=iTALOLp7MkQ,PT5M47S,2026-09-27T04:31:21Z
423,irx33IVWrPY,அதிகாரம் 75 - அரண் (Symphony) | Aran Symphony Cinematic Thirukkural Film,அதிகாரம் 75 - அரண் (Symphony),Aran Symphony Cinematic Thirukkural Film,,72,திருக்குறள் (Thirukkural),Cinematic Film / Video,திருவள்ளுவர் (Thiruvalluvar),திருக்குறள் — அதிகாரம்: அரண்,Discography ; திருக்குறள் | Thirukkural — Master Collection,https://www.youtube.com/watch?v=irx33IVWrPY,PT3M46S,2026-09-28T15:47:00Z
424,isCeNcUwBTw,தமிழ்த்தாய் வாழ்த்து | Tamil Thai Vazhthu Cinematic Film,தமிழ்த்தாய் வாழ்த்து,Tamil Thai Vazhthu Cinematic Film,,56,மரபு & கலாச்சாரம் (Cultural & Heritage),Cinematic Film / Video,வள்ளலார் இராமலிங்க அடிகளார் / மகாகவி பாரதியார்,திருவருட்பா / தேசிய ஆன்மீகப் பனுவல்,,https://www.youtube.com/watch?v=isCeNcUwBTw,PT4M12S,2026-09-26T21:47:00Z
425,ixQGKe_IH80,ஆதியும் அந்தமும் | Aadhiyum Anthamum Cinematic Devotional Film,ஆதியும் அந்தமும்,Aadhiyum Anthamum Cinematic Devotional Film,,62,சிவபெருமான் (Lord Shiva),Cinematic Film / Video,சமயக்குரவர் பெருமக்கள் (திருமுறை),பன்னிரு திருமுறைகள் / தேவாரம் & திருவாசகம்,Discography ; Lord Shiva Songs,https://www.youtube.com/watch?v=ixQGKe_IH80,PT4M3S,2026-09-27T13:05:44Z
426,izHLRwITs_Q,கிருஷ்ண மந்திரம் I | கிருஷ்ண மந்திரம் I [Cinematic Devotional Film],கிருஷ்ண மந்திரம் I,கிருஷ்ண மந்திரம் I,Cinematic Devotional Film,67,விஷ்ணு / கிருஷ்ணர் (Lord Vishnu & Krishna),Cinematic Film / Video,வேத பாரம்பரியம்,ஸ்ரீமத் பாகவதம் & மகாபாரதம்,Discography ; Lord Krishnar Songs,https://www.youtube.com/watch?v=izHLRwITs_Q,PT1M52S,2026-09-05T03:14:49Z
427,j1tzixa2raU,தென்னாடுடைய சிவனே போற்றி! 2026 | தென்னாடுடைய சிவனே போற்றி! 2026 [Cinematic Shiva Film],தென்னாடுடைய சிவனே போற்றி! 2026,தென்னாடுடைய சிவனே போற்றி! 2026,Cinematic Shiva Film,86,சிவபெருமான் (Lord Shiva),Cinematic Film / Video,சமயக்குரவர் பெருமக்கள் (திருமுறை),பன்னிரு திருமுறைகள் / தேவாரம் & திருவாசகம்,Discography ; Lord Shiva Songs,https://www.youtube.com/watch?v=j1tzixa2raU,PT3M43S,2026-03-13T04:42:23Z
428,jBA9wlyNjAE,அதிகாரம் 64 - அமைச்சு (Original) | Amaichu [Original Audio],அதிகாரம் 64 - அமைச்சு (Original),Amaichu,Original Audio,59,திருக்குறள் (Thirukkural),Audio Track (Master Composition),திருவள்ளுவர் (Thiruvalluvar),திருக்குறள் — அதிகாரம்: அமைச்சு,Discography ; திருக்குறள் | Thirukkural — Master Collection,https://www.youtube.com/watch?v=jBA9wlyNjAE,PT5M8S,2026-09-22T15:32:20Z
429,jO2i4bcZ2ts,அதிகாரம் 8 - அன்புடைமை | Anbudaimai Cinematic Thirukkural Film,அதிகாரம் 8 - அன்புடைமை,Anbudaimai Cinematic Thirukkural Film,,62,திருக்குறள் (Thirukkural),Cinematic Film / Video,திருவள்ளுவர் (Thiruvalluvar),திருக்குறள்,,https://www.youtube.com/watch?v=jO2i4bcZ2ts,PT3M35S,2026-09-20T17:29:57Z
430,jXOalu0JJoA,அதிகாரம் 29 - கள்ளாமை (Symphony) | Kallaamai [Symphony],அதிகாரம் 29 - கள்ளாமை (Symphony),Kallaamai,Symphony,55,திருக்குறள் (Thirukkural),Audio Track (Master Composition),திருவள்ளுவர் (Thiruvalluvar),திருக்குறள் — அதிகாரம்: கள்ளாமை,Discography ; திருக்குறள் | Thirukkural — Master Collection,https://www.youtube.com/watch?v=jXOalu0JJoA,PT4M59S,2026-09-14T14:09:29Z
431,jZFTlpJwn6A,தியாக வண்ணப் பதிகம் | Thiyaga Vanna Pathigam Cinematic Shiva Film,தியாக வண்ணப் பதிகம்,Thiyaga Vanna Pathigam Cinematic Shiva Film,,65,சிவபெருமான் (Lord Shiva),Cinematic Film / Video,சமயக்குரவர் பெருமக்கள் (திருமுறை),பன்னிரு திருமுறைகள் / தேவாரம் & திருவாசகம்,Lord Shiva Songs,https://www.youtube.com/watch?v=jZFTlpJwn6A,PT4M37S,2026-09-29T07:28:53Z
432,jZI2pTITtBY,திருவருட்பா - வடிவுடை மாணிக்கமாலை | Vadivudai Manikkamalai [Amman Film],திருவருட்பா - வடிவுடை மாணிக்கமாலை,Vadivudai Manikkamalai,Amman Film,71,அம்மன் / சக்தி (Goddess Amman),Cinematic Film / Video,அபிராமி பட்டர் / தேவி உபாசகர்கள்,அபிராமி அந்தாதி / லலிதா போற்றி,Discography ; Goddess Amman Songs,https://www.youtube.com/watch?v=jZI2pTITtBY,PT14M36S,2026-07-14T05:14:57Z
433,jdvz-yoK5eI,அதிகாரம் 79 - நட்பு | Natpu | Full Song Film,அதிகாரம் 79 - நட்பு,Natpu,,44,திருக்குறள் (Thirukkural),Cinematic Film / Video,திருவள்ளுவர் (Thiruvalluvar),திருக்குறள் — அதிகாரம்: நட்பு,Discography ; திருக்குறள் | Thirukkural — Master Collection,https://www.youtube.com/watch?v=jdvz-yoK5eI,PT4M30S,2026-09-28T16:54:02Z
434,jfXxy-Y9zuA,இராம ராம ராம ஹரே ஹரே | Rama Rama Rama Hare Hare [Cinematic Devotional Film],இராம ராம ராம ஹரே ஹரே,Rama Rama Rama Hare Hare,Cinematic Devotional Film,75,விஷ்ணு / கிருஷ்ணர் (Lord Vishnu & Krishna),Cinematic Film / Video,வேத பாரம்பரியம்,ஸ்ரீமத் பாகவதம் & மகாபாரதம்,Discography ; Lord Vishnu Songs,https://www.youtube.com/watch?v=jfXxy-Y9zuA,PT2M50S,2026-03-15T18:19:35Z
435,jpCBad1MjgI,ஆறுமுகம் ஆறுமுகம் | Arumugam Arumugam [Cinematic Murugan Film],ஆறுமுகம் ஆறுமுகம்,Arumugam Arumugam,Cinematic Murugan Film,62,முருகப் பெருமான் (Lord Murugar),Cinematic Film / Video,பாரம்பரிய முருகன் திருப்புகழ்,முருகன் பக்திப் பனுவல்,Discography ; Lord Murugar Songs,https://www.youtube.com/watch?v=jpCBad1MjgI,PT3M53S,2026-02-11T01:57:51Z
436,jsFIjA8ZOkw,திருவாசகம் - குழைத்த பத்து - 2026 | II [Cinematic Devotional Film],திருவாசகம் - குழைத்த பத்து - 2026,II,Cinematic Devotional Film,66,சிவபெருமான் (Lord Shiva),Cinematic Film / Video,சமயக்குரவர் பெருமக்கள் (திருமுறை),பன்னிரு திருமுறைகள் / தேவாரம் & திருவாசகம்,Discography ; Lord Shiva Songs,https://www.youtube.com/watch?v=jsFIjA8ZOkw,PT9M19S,2026-06-15T18:00:24Z
437,juGQ6ncADIg,அதிகாரம் 16 - பொறையுடைமை | Porai Udaimai Cinematic Thirukkural Film,அதிகாரம் 16 - பொறையுடைமை,Porai Udaimai Cinematic Thirukkural Film,,67,திருக்குறள் (Thirukkural),Cinematic Film / Video,திருவள்ளுவர் (Thiruvalluvar),திருக்குறள் — அதிகாரம்: பொறையுடைமை,Discography ; திருக்குறள் | Thirukkural — Master Collection,https://www.youtube.com/watch?v=juGQ6ncADIg,N/A,2026
438,juuVtFBK3X8,திருவருட்பா - ஆடலமுதப் பத்து | Aadalamudha Pathu [Full Song],திருவருட்பா - ஆடலமுதப் பத்து,Aadalamudha Pathu,Full Song,60,சிவபெருமான் (Lord Shiva),Audio Track (Master Composition),சமயக்குரவர் பெருமக்கள் (திருமுறை),பன்னிரு திருமுறைகள் / தேவாரம் & திருவாசகம்,Discography ; Lord Shiva Songs,https://www.youtube.com/watch?v=juuVtFBK3X8,PT5M45S,2026-08-04T23:43:42Z
439,kA_mQ4bRB2E,அதிகாரம் 1 - கடவுள் வாழ்த்து | Kadavul Vazhthu [Full Song Film],அதிகாரம் 1 - கடவுள் வாழ்த்து,Kadavul Vazhthu,Full Song Film,63,திருக்குறள் (Thirukkural),Cinematic Film / Video,திருவள்ளுவர் (Thiruvalluvar),திருக்குறள் — அதிகாரம்: கடவுள் வாழ்த்து,Discography ; திருக்குறள் | Thirukkural — Master Collection,https://www.youtube.com/watch?v=kA_mQ4bRB2E,PT5M29S,2026-09-12T21:06:16Z
440,kFmUrNPXsso,தமிழ்த்தாய் வாழ்த்து | Land and People Cinematic Film,தமிழ்த்தாய் வாழ்த்து,Land and People Cinematic Film,,53,மரபு & கலாச்சாரம் (Cultural & Heritage),Cinematic Film / Video,வள்ளலார் இராமலிங்க அடிகளார் / மகாகவி பாரதியார்,திருவருட்பா / தேசிய ஆன்மீகப் பனுவல்,Discography ; Other Songs,https://www.youtube.com/watch?v=kFmUrNPXsso,PT4M12S,2026-09-27T11:08:09Z
441,kGhg01-hWos,அருட்பெருஞ்சோதி அகவல் II | Arutperunjothi Agaval II | Full Song Film,அருட்பெருஞ்சோதி அகவல் II,Arutperunjothi Agaval II,,68,வள்ளலார் / சன்மார்க்கம் (Thiruvarutpa / Sanmargam),Cinematic Film / Video,வள்ளலார் இராமலிங்க அடிகளார்,திருவருட்பா (அருட்பெருஞ்சோதி அகவல்),Discography ; Other Songs,https://www.youtube.com/watch?v=kGhg01-hWos,PT4M40S,2026-09-27T21:23:09Z
442,kdZSlrXEfvs,அதிகாரம் 73 - அவையஞ்சாமை (Female) | Avai Anjaamai [Full Song Film],அதிகாரம் 73 - அவையஞ்சாமை (Female),Avai Anjaamai,Full Song Film,66,திருக்குறள் (Thirukkural),Cinematic Film / Video,திருவள்ளுவர் (Thiruvalluvar),திருக்குறள் உலகப் பொதுமறை,Discography ; திருக்குறள் | Thirukkural — Master Collection,https://www.youtube.com/watch?v=kdZSlrXEfvs,PT3M48S,2026-09-24T08:20:16Z
443,kkDJM6dKTxs,திருவருட்பா - இங்கித மாலை 2026 | Ingitha Maalai [Cinematic Devotional Film],திருவருட்பா - இங்கித மாலை 2026,Ingitha Maalai,Cinematic Devotional Film,75,வள்ளலார் / சன்மார்க்கம் (Thiruvarutpa / Sanmargam),Cinematic Film / Video,வள்ளலார் இராமலிங்க அடிகளார் / மகாகவி பாரதியார்,திருவருட்பா / தேசிய ஆன்மீகப் பனுவல்,Discography ; Other Songs,https://www.youtube.com/watch?v=kkDJM6dKTxs,PT11M5S,2026-07-14T09:16:29Z
444,klSi7r6YhCU,தென் நாடுடைய சிவனே போற்றி! (Female) | Cinematic Shiva Film,தென் நாடுடைய சிவனே போற்றி! (Female),Cinematic Shiva Film,,58,சிவபெருமான் (Lord Shiva),Cinematic Film / Video,ஆழ்வார்கள் / நாலாயிர திவ்வியப் பிரபந்தம்,திருப்பாவை & நாலாயிர திவ்வியப் பிரபந்தம்,Lord Shiva Songs ; Lord Vishnu Songs,https://www.youtube.com/watch?v=klSi7r6YhCU,PT3M25S,2026-09-29T07:19:31Z
445,kshlDPh2IqE,திருவருட்பா - அபராதத்து ஆற்றாமை | Abaraathathu Aatraamai [Full Song],திருவருட்பா - அபராதத்து ஆற்றாமை,Abaraathathu Aatraamai,Full Song,68,சிவபெருமான் (Lord Shiva),Audio Track (Master Composition),சமயக்குரவர் பெருமக்கள் (திருமுறை),பன்னிரு திருமுறைகள் / தேவாரம் & திருவாசகம்,Discography ; Lord Shiva Songs,https://www.youtube.com/watch?v=kshlDPh2IqE,PT4M49S,2026-07-23T04:56:44Z
446,kyiaup-gjMc,திருவருட்பா - எழுத்தறியும் பெருமான் மாலை | Ezhuthariyum Peruman Maalai,திருவருட்பா - எழுத்தறியும் பெருமான் மாலை,Ezhuthariyum Peruman Maalai,,70,சிவபெருமான் (Lord Shiva),Audio Track (Master Composition),சமயக்குரவர் பெருமக்கள் (திருமுறை),பன்னிரு திருமுறைகள் / தேவாரம் & திருவாசகம்,Discography ; Lord Shiva Songs,https://www.youtube.com/watch?v=kyiaup-gjMc,PT20M58S,2026-07-28T12:40:45Z
447,l-JJXW1QKdg,Thillai Vazh Anthanar Tham | Thillai Vazh Anthanar Tham [Cinematic Shiva Film],Thillai Vazh Anthanar Tham,Thillai Vazh Anthanar Tham,Cinematic Shiva Film,78,சிவபெருமான் (Lord Shiva),Cinematic Film / Video,சமயக்குரவர் பெருமக்கள் (திருமுறை),பன்னிரு திருமுறைகள் / தேவாரம் & திருவாசகம்,Discography ; Lord Shiva Songs,https://www.youtube.com/watch?v=l-JJXW1QKdg,PT15M14S,2026-01-11T19:16:19Z
448,l3E27q5r-nk,திருவருட்பா - திருப்புகழ் விலாசம் | Thiruppugazh Vilasam | Full Song Film,திருவருட்பா - திருப்புகழ் விலாசம்,Thiruppugazh Vilasam,,73,முருகப் பெருமான் (Lord Murugar),Cinematic Film / Video,அருணகிரிநாத சுவாமிகள்,திருப்புகழ் (விநாயகர் துதி),Discography ; Other Songs,https://www.youtube.com/watch?v=l3E27q5r-nk,PT4M2S,2026-09-27T20:23:41Z
449,lAWfE9YSJME,திருவருட்பா - பரசிவ வணக்கம் | Parasiva Vanakkam [Full Song],திருவருட்பா - பரசிவ வணக்கம்,Parasiva Vanakkam,Full Song,59,சிவபெருமான் (Lord Shiva),Audio Track (Master Composition),சமயக்குரவர் பெருமக்கள் (திருமுறை),பன்னிரு திருமுறைகள் / தேவாரம் & திருவாசகம்,Discography ; Lord Shiva Songs,https://www.youtube.com/watch?v=lAWfE9YSJME,PT3M48S,2026-08-12T10:17:20Z
450,lCBVB2Yj_7U,அதிகாரம் 55 - செங்கோன்மை | Sengonmai | Full Song Film,அதிகாரம் 55 - செங்கோன்மை,Sengonmai,,53,திருக்குறள் (Thirukkural),Cinematic Film / Video,திருவள்ளுவர் (Thiruvalluvar),திருக்குறள் — அதிகாரம்: செங்கோன்மை,திருக்குறள் | Thirukkural — Master Collection,https://www.youtube.com/watch?v=lCBVB2Yj_7U,PT4M57S,2026-09-28T14:19:37Z
451,lD6far4EmHY,திருவோத்தூர் பதிகம் III | Thiruvothur Pathigam III Cinematic Shiva Film,திருவோத்தூர் பதிகம் III,Thiruvothur Pathigam III Cinematic Shiva Film,,71,சிவபெருமான் (Lord Shiva),Cinematic Film / Video,சமயக்குரவர் பெருமக்கள் (திருமுறை),பன்னிரு திருமுறைகள் / தேவாரம் & திருவாசகம்,Discography ; Lord Shiva Songs,https://www.youtube.com/watch?v=lD6far4EmHY,PT5M18S,2026-09-28T16:06:10Z
452,lEHLSYxnpbU,கண நாதா ஓம் | Gana Natha Om Cinematic Devotional Film,கண நாதா ஓம்,Gana Natha Om Cinematic Devotional Film,,53,விநாயகர் (Lord Vinayagar),Cinematic Film / Video,பாரம்பரிய விநாயகர் துதி,விநாயகர் நாம சங்கீர்த்தனம்,Discography ; Lord Vinayagar Songs,https://www.youtube.com/watch?v=lEHLSYxnpbU,PT3M48S,2026-09-26T18:57:35Z
453,lG5AT1rN9Us,அருட்பெருஞ்சோதி அகவல் 2026 IV | Arutperunjothi IV | Full Song Film,அருட்பெருஞ்சோதி அகவல் 2026 IV,Arutperunjothi IV,,66,வள்ளலார் / சன்மார்க்கம் (Thiruvarutpa / Sanmargam),Cinematic Film / Video,வள்ளலார் இராமலிங்க அடிகளார்,திருவருட்பா (அருட்பெருஞ்சோதி அகவல்),Discography ; Other Songs,https://www.youtube.com/watch?v=lG5AT1rN9Us,PT5M18S,2026-09-27T21:05:01Z
454,ldsJ6l90zLs,ஆனந்த மாலை | Anandha Maalai Cinematic Devotional Film,ஆனந்த மாலை,Anandha Maalai Cinematic Devotional Film,,53,சிவபெருமான் (Lord Shiva),Cinematic Film / Video,சமயக்குரவர் பெருமக்கள் (திருமுறை),பன்னிரு திருமுறைகள் / தேவாரம் & திருவாசகம்,Discography ; Lord Shiva Songs,https://www.youtube.com/watch?v=ldsJ6l90zLs,PT5M2S,2026-09-27T13:13:57Z
455,leIJDxweGiM,இராம கிருஷ்ண துதி | Rama Krishna Thuthi Cinematic Devotional Film,இராம கிருஷ்ண துதி,Rama Krishna Thuthi Cinematic Devotional Film,,65,விஷ்ணு / கிருஷ்ணர் (Lord Vishnu & Krishna),Cinematic Film / Video,வேத பாரம்பரியம்,ஸ்ரீமத் பாகவதம் & மகாபாரதம்,Discography ; Lord Vishnu Songs,https://www.youtube.com/watch?v=leIJDxweGiM,PT8M26S,2026-09-08T06:56:51Z
456,lg5W3VaLQNQ,திருவருட்பா - அறிவரும் பெருமை | Arivarum Perumai | Full Song Film,திருவருட்பா - அறிவரும் பெருமை,Arivarum Perumai,,65,வள்ளலார் / சன்மார்க்கம் (Thiruvarutpa / Sanmargam),Cinematic Film / Video,வள்ளலார் இராமலிங்க அடிகளார் / மகாகவி பாரதியார்,திருவருட்பா / தேசிய ஆன்மீகப் பனுவல்,Discography ; Other Songs,https://www.youtube.com/watch?v=lg5W3VaLQNQ,PT6M51S,2026-09-27T20:12:44Z
457,lneosghJWgs,அதிகாரம் 8 - அன்புடைமை | Anbudaimai [Full Song Film],அதிகாரம் 8 - அன்புடைமை,Anbudaimai,Full Song Film,52,திருக்குறள் (Thirukkural),Cinematic Film / Video,திருவள்ளுவர் (Thiruvalluvar),திருக்குறள்,,https://www.youtube.com/watch?v=lneosghJWgs,PT3M35S,2026-09-08T04:54:46Z
458,lpOcAVJIax0,அதிகாரம் 125 - நெஞ்சறிவுறுத்தல் (பகுதி 2) | Compassion Journey Cinematic Film,அதிகாரம் 125 - நெஞ்சறிவுறுத்தல் (பகுதி 2),Compassion Journey Cinematic Film,,77,திருக்குறள் (Thirukkural),Cinematic Film / Video,திருவள்ளுவர் (Thiruvalluvar),திருக்குறள் — அதிகாரம்: நெஞ்சறிவுறுத்தல்,Discography ; Other Songs ; திருக்குறள் | Thirukkural — Master Collection,https://www.youtube.com/watch?v=lpOcAVJIax0,PT4M24S,2026-09-27T06:54:37Z
459,lw2nEZfR7Kc,அன்பே சரணம் அருளே சரணம் | Anbe Saranam Arule Saranam [Cinematic Film],அன்பே சரணம் அருளே சரணம்,Anbe Saranam Arule Saranam,Cinematic Film,69,மரபு & கலாச்சாரம் (Cultural & Heritage),Cinematic Film / Video,வள்ளலார் இராமலிங்க அடிகளார்,திருவருட்பா (சன்மார்க்கக் கானம்),Discography ; Other Songs,https://www.youtube.com/watch?v=lw2nEZfR7Kc,PT8M9S,2026-05-09T23:49:16Z
460,mCkB-h75-dE,குறி கலந்த இசை | Kuri Kalandha Isai Cinematic Devotional Film,குறி கலந்த இசை,Kuri Kalandha Isai Cinematic Devotional Film,,61,சிவபெருமான் (Lord Shiva),Cinematic Film / Video,சமயக்குரவர் பெருமக்கள் (திருமுறை),பன்னிரு திருமுறைகள் / தேவாரம் & திருவாசகம்,Discography ; Lord Shiva Songs,https://www.youtube.com/watch?v=mCkB-h75-dE,PT14M,2026-09-27T16:54:16Z
461,mCwNR1Bytj4,அதிகாரம் 39 - இறைமாட்சி | Irai Maatchi | Full Song Film,அதிகாரம் 39 - இறைமாட்சி,Irai Maatchi,,55,திருக்குறள் (Thirukkural),Cinematic Film / Video,திருவள்ளுவர் (Thiruvalluvar),திருக்குறள்,,https://www.youtube.com/watch?v=mCwNR1Bytj4,PT3M48S,2026-09-28T15:38:24Z
462,mIC0hJwu8F0,திரு சனி பகவான் துதி 2026 | Sani Bhagavan Thuthi Cinematic Devotional Film,திரு சனி பகவான் துதி 2026,Sani Bhagavan Thuthi Cinematic Devotional Film,,74,மரபு & கலாச்சாரம் (Cultural & Heritage),Cinematic Film / Video,வள்ளலார் இராமலிங்க அடிகளார் / மகாகவி பாரதியார்,திருவருட்பா / தேசிய ஆன்மீகப் பனுவல்,Discography ; Other Songs,https://www.youtube.com/watch?v=mIC0hJwu8F0,PT4M20S,2026-09-27T17:20:12Z
463,mPypwIgdo-E,திருப்புலம்பல் 2026 (திருவாசகம்) | Thiruppulambal Cinematic Devotional Film,திருப்புலம்பல் 2026 (திருவாசகம்),Thiruppulambal Cinematic Devotional Film,,75,சிவபெருமான் (Lord Shiva),Cinematic Film / Video,சமயக்குரவர் பெருமக்கள் (திருமுறை),பன்னிரு திருமுறைகள் / தேவாரம் & திருவாசகம்,Discography ; Lord Shiva Songs,https://www.youtube.com/watch?v=mPypwIgdo-E,PT3M44S,2026-09-27T17:26:15Z
464,mQpQEuXiEZ4,திகட சக்கர | Thigada Sakkara Cinematic Devotional Film,திகட சக்கர,Thigada Sakkara Cinematic Devotional Film,,54,விநாயகர் (Lord Vinayagar),Cinematic Film / Video,பாரம்பரிய விநாயகர் துதி,விநாயகர் நாம சங்கீர்த்தனம்,Discography ; Lord Vinayagar Songs,https://www.youtube.com/watch?v=mQpQEuXiEZ4,PT4M35S,2026-09-27T06:55:27Z
465,mVQJIrLtnCk,விழியிலே மலர்ந்தது (REMIX) 2026 | Vizhiyile Malarnthathu | Full Song Film,விழியிலே மலர்ந்தது (REMIX) 2026,Vizhiyile Malarnthathu,,73,மரபு & கலாச்சாரம் (Cultural & Heritage),Cinematic Film / Video,வள்ளலார் இராமலிங்க அடிகளார் / மகாகவி பாரதியார்,திருவருட்பா / தேசிய ஆன்மீகப் பனுவல்,Discography ; Other Songs,https://www.youtube.com/watch?v=mVQJIrLtnCk,PT3M22S,2026-09-27T18:42:57Z
466,mb-lljpUJ5g,தென்னாடுடைய சிவனே போற்றி | Thennadudaiya Sivaney Potri [Cinematic Shiva Film],தென்னாடுடைய சிவனே போற்றி,Thennadudaiya Sivaney Potri,Cinematic Shiva Film,77,சிவபெருமான் (Lord Shiva),Cinematic Film / Video,சமயக்குரவர் பெருமக்கள் (திருமுறை),பன்னிரு திருமுறைகள் / தேவாரம் & திருவாசகம்,Discography ; Lord Shiva Songs,https://www.youtube.com/watch?v=mb-lljpUJ5g,PT3M39S,2026-07-31T15:05:41Z
467,meXI3QsNHhE,திருப்புகழ் 566 இரத்னகிரி I | Rathinagiri Thiruppugazh Cinematic Film,திருப்புகழ் 566 இரத்னகிரி I,Rathinagiri Thiruppugazh Cinematic Film,,69,முருகப் பெருமான் (Lord Murugar),Cinematic Film / Video,அருணகிரிநாத சுவாமிகள்,திருப்புகழ் (விநாயகர் துதி),Discography ; Lord Murugar Songs,https://www.youtube.com/watch?v=meXI3QsNHhE,PT4M15S,2026-09-27T13:01:58Z
468,mpgnALSm7wk,அதிகாரம் 47 - தெரிந்து செயல்வகை (Female) | Therinthu Seyalvagai [Full Song Film],அதிகாரம் 47 - தெரிந்து செயல்வகை (Female),Therinthu Seyalvagai,Full Song Film,80,திருக்குறள் (Thirukkural),Cinematic Film / Video,திருவள்ளுவர் (Thiruvalluvar),திருக்குறள் — அதிகாரம்: தெரிந்து செயல்வகை,Discography ; திருக்குறள் | Thirukkural — Master Collection,https://www.youtube.com/watch?v=mpgnALSm7wk,PT3M48S,2026-09-20T20:13:19Z
469,mv7AezrLzoU,அதிகாரம் 58 - கண்ணோட்டம் | Kannottam | Full Song Film,அதிகாரம் 58 - கண்ணோட்டம்,Kannottam,,53,திருக்குறள் (Thirukkural),Cinematic Film / Video,திருவள்ளுவர் (Thiruvalluvar),திருக்குறள் — அதிகாரம்: கண்ணோட்டம்,திருக்குறள் | Thirukkural — Master Collection,https://www.youtube.com/watch?v=mv7AezrLzoU,PT5M15S,2026-09-28T13:34:28Z
470,mvOSVEFhvDc,அதிகாரம் 28 - கூடா ஒழுக்கம் (Original) | Kooda Ozhukkam [Original Audio],அதிகாரம் 28 - கூடா ஒழுக்கம் (Original),Kooda Ozhukkam,Original Audio,72,திருக்குறள் (Thirukkural),Audio Track (Master Composition),திருவள்ளுவர் (Thiruvalluvar),திருக்குறள் — அதிகாரம்: கூடா ஒழுக்கம்,Discography ; திருக்குறள் | Thirukkural — Master Collection,https://www.youtube.com/watch?v=mvOSVEFhvDc,PT4M23S,2026-09-14T13:02:02Z
471,nGBmGzsD-kM,திருவருட்பா - கொடைமடப் புகழ்ச்சி | Kodaimada Pugazhchi [Full Song],திருவருட்பா - கொடைமடப் புகழ்ச்சி,Kodaimada Pugazhchi,Full Song,66,சிவபெருமான் (Lord Shiva),Audio Track (Master Composition),சமயக்குரவர் பெருமக்கள் (திருமுறை),பன்னிரு திருமுறைகள் / தேவாரம் & திருவாசகம்,Discography ; Lord Shiva Songs,https://www.youtube.com/watch?v=nGBmGzsD-kM,PT10M23S,2026-07-25T05:41:59Z
472,nHj4Q196kU4,அதிகாரம் 60 - ஊக்கமுடைமை (Original) | Ookkamudaimai [Original Audio],அதிகாரம் 60 - ஊக்கமுடைமை (Original),Ookkamudaimai,Original Audio,68,திருக்குறள் (Thirukkural),Audio Track (Master Composition),திருவள்ளுவர் (Thiruvalluvar),திருக்குறள் — அதிகாரம்: ஊக்கமுடைமை,Discography ; திருக்குறள் | Thirukkural — Master Collection,https://www.youtube.com/watch?v=nHj4Q196kU4,PT5M8S,2026-09-21T23:59:44Z
473,nR7R0TWyZHk,அதிகாரம் 69 - தூது | Thoothu | Full Song Film,அதிகாரம் 69 - தூது,Thoothu,,45,திருக்குறள் (Thirukkural),Cinematic Film / Video,திருவள்ளுவர் (Thiruvalluvar),திருக்குறள் — அதிகாரம்: தூது,திருக்குறள் | Thirukkural — Master Collection,https://www.youtube.com/watch?v=nR7R0TWyZHk,PT4M3S,2026-09-28T15:36:00Z
474,nSQKZ2htJ-o,Maasil Veenaiyum | Maasil Veenaiyum [Cinematic Shiva Film],Maasil Veenaiyum,Maasil Veenaiyum,Cinematic Shiva Film,58,சிவபெருமான் (Lord Shiva),Cinematic Film / Video,திருநாவுக்கரசு சுவாமிகள் (அப்பர்),தேவாரம் (நமச்சிவாயப் பதிகம்),Discography ; Lord Shiva Songs,https://www.youtube.com/watch?v=nSQKZ2htJ-o,PT4M22S,2026-01-11T19:16:19Z
475,nf8EO1GdKlY,அதிகாரம் 74 - நாடு (Original) | Naadu [Original Audio],அதிகாரம் 74 - நாடு (Original),Naadu,Original Audio,54,திருக்குறள் (Thirukkural),Audio Track (Master Composition),திருவள்ளுவர் (Thiruvalluvar),திருக்குறள் — அதிகாரம்: நாடு,Discography ; திருக்குறள் | Thirukkural — Master Collection,https://www.youtube.com/watch?v=nf8EO1GdKlY,PT3M39S,2026-09-24T09:49:23Z
476,nnlH4ydFRQw,பிரார்த்தனைப் பத்து 2026 (திருவாசகம்) | Cinematic Devotional Film,பிரார்த்தனைப் பத்து 2026 (திருவாசகம்),Cinematic Devotional Film,,65,சிவபெருமான் (Lord Shiva),Cinematic Film / Video,சமயக்குரவர் பெருமக்கள் (திருமுறை),பன்னிரு திருமுறைகள் / தேவாரம் & திருவாசகம்,Discography ; Lord Shiva Songs,https://www.youtube.com/watch?v=nnlH4ydFRQw,PT10M34S,2026-09-27T19:46:06Z
477,npc-0cJdpt0,திருவருட்பா - அன்பு மாலை - 2026 (II) | Anbu Maalai II Cinematic Shiva Film,திருவருட்பா - அன்பு மாலை - 2026 (II),Anbu Maalai II Cinematic Shiva Film,,74,சிவபெருமான் (Lord Shiva),Cinematic Film / Video,ஆழ்வார்கள் / நாலாயிர திவ்வியப் பிரபந்தம்,திருப்பாவை & நாலாயிர திவ்வியப் பிரபந்தம்,Lord Shiva Songs ; Lord Vishnu Songs,https://www.youtube.com/watch?v=npc-0cJdpt0,PT4M40S,2026-09-29T07:15:22Z
478,nsWHXJGDYA8,அன்னைப்பத்து 2026 (திருவாசகம்) | Annaippathu [Cinematic Shiva Film],அன்னைப்பத்து 2026 (திருவாசகம்),Annaippathu,Cinematic Shiva Film,67,சிவபெருமான் (Lord Shiva),Cinematic Film / Video,மாணிக்கவாசகப் பெருமான்,திருவாசகம் (அன்னைப்பத்து),Discography ; Lord Shiva Songs,https://www.youtube.com/watch?v=nsWHXJGDYA8,PT8M54S,2026-02-09T06:37:55Z
479,nuSx1NgiCuo,நாத விந்துகள் | Naatha Vindhugal Pazhani Thiruppugazh Cinematic Devotional Film,நாத விந்துகள்,Naatha Vindhugal Pazhani Thiruppugazh Cinematic Devotional Film,,79,முருகப் பெருமான் (Lord Murugar),Cinematic Film / Video,அருணகிரிநாத சுவாமிகள்,திருப்புகழ் (விநாயகர் துதி),Discography ; Lord Murugar Songs,https://www.youtube.com/watch?v=nuSx1NgiCuo,PT5M55S,2026-09-27T11:20:05Z
480,nutm-A24QcM,பிடியதன் உருவுமை | Pidiyathan Uruvumai [Cinematic Shiva Film],பிடியதன் உருவுமை,Pidiyathan Uruvumai,Cinematic Shiva Film,61,சிவபெருமான் (Lord Shiva),Cinematic Film / Video,சமயக்குரவர் பெருமக்கள் (திருமுறை),பன்னிரு திருமுறைகள் / தேவாரம் & திருவாசகம்,Discography ; Lord Shiva Songs,https://www.youtube.com/watch?v=nutm-A24QcM,PT9M55S,2026-06-19T21:31:16Z
481,o2cv5Oaii4M,தென்னாடுடைய சிவனே போற்றி | Thennadudaiya Sivaney Potri [Cinematic Journey],தென்னாடுடைய சிவனே போற்றி,Thennadudaiya Sivaney Potri,Cinematic Journey,74,சிவபெருமான் (Lord Shiva),Cinematic Film / Video,சமயக்குரவர் பெருமக்கள் (திருமுறை),பன்னிரு திருமுறைகள் / தேவாரம் & திருவாசகம்,Discography ; Lord Shiva Songs,https://www.youtube.com/watch?v=o2cv5Oaii4M,PT3M39S,2026-09-27T06:52:45Z
482,o5PVED0ZcfU,திருவெண்பா 2026 (திருவாசகம்) | Thiruvenba HipHop [Cinematic Shiva Film],திருவெண்பா 2026 (திருவாசகம்),Thiruvenba HipHop,Cinematic Shiva Film,71,சிவபெருமான் (Lord Shiva),Cinematic Film / Video,சமயக்குரவர் பெருமக்கள் (திருமுறை),பன்னிரு திருமுறைகள் / தேவாரம் & திருவாசகம்,Discography ; Lord Shiva Songs,https://www.youtube.com/watch?v=o5PVED0ZcfU,PT3M14S,2026-02-09T06:37:55Z
483,oEQ3sx6ujQc,அதிகாரம் 50 - இடனறிதல் (Remix) | Idanarithal Remix Cinematic Thirukkural Film,அதிகாரம் 50 - இடனறிதல் (Remix),Idanarithal Remix Cinematic Thirukkural Film,,77,திருக்குறள் (Thirukkural),Cinematic Film / Video,திருவள்ளுவர் (Thiruvalluvar),திருக்குறள் — அதிகாரம்: இடனறிதல்,Discography ; திருக்குறள் | Thirukkural — Master Collection,https://www.youtube.com/watch?v=oEQ3sx6ujQc,PT4M38S,2026-09-28T15:56:59Z
484,oOGRP4cqGP8,திருவோத்தூர் பதிகம் | V [Cinematic Devotional Film],திருவோத்தூர் பதிகம்,V,Cinematic Devotional Film,51,சிவபெருமான் (Lord Shiva),Cinematic Film / Video,சமயக்குரவர் பெருமக்கள் (திருமுறை),பன்னிரு திருமுறைகள் / தேவாரம் & திருவாசகம்,Discography ; Lord Shiva Songs,https://www.youtube.com/watch?v=oOGRP4cqGP8,PT5M43S,2026-08-18T11:35:46Z
485,orWUAxhBOsg,திருமுல்லைவாயில் | Thirumullaivayil Cinematic Shiva Film,திருமுல்லைவாயில்,Thirumullaivayil Cinematic Shiva Film,,56,சிவபெருமான் (Lord Shiva),Cinematic Film / Video,சமயக்குரவர் பெருமக்கள் (திருமுறை),பன்னிரு திருமுறைகள் / தேவாரம் & திருவாசகம்,Discography ; Lord Shiva Songs,https://www.youtube.com/watch?v=orWUAxhBOsg,PT6M39S,2026-09-29T07:37:46Z
486,p1KPCpSX53U,தோடுடையார் | வள்ளலார் திருவருட்பா (திருவருள் வழக்க விளக்கம்),தோடுடையார்,வள்ளலார் திருவருட்பா (திருவருள் வழக்க விளக்கம்),,60,சிவபெருமான் (Lord Shiva),Cinematic Film / Video,திருஞானசம்பந்த மூர்த்தி நாயனார்,தேவாரம் (முதல் திருமுறை),Discography ; Lord Shiva Songs,https://www.youtube.com/watch?v=p1KPCpSX53U,PT13M23S,2026-10-02T16:33:32Z
487,pF7fYFU5fKs,திருஅருட்பா (திருவடிப் புகழ்ச்சி) | திருஅருட்பா (திருவடிப் புகழ்ச்சி) [Cinematic Shiva Film],திருஅருட்பா (திருவடிப் புகழ்ச்சி),திருஅருட்பா (திருவடிப் புகழ்ச்சி),Cinematic Shiva Film,92,சிவபெருமான் (Lord Shiva),Cinematic Film / Video,சமயக்குரவர் பெருமக்கள் (திருமுறை),பன்னிரு திருமுறைகள் / தேவாரம் & திருவாசகம்,Discography ; Lord Shiva Songs,https://www.youtube.com/watch?v=pF7fYFU5fKs,PT4M36S,2026-05-31T02:02:11Z
488,pLVPFb8LJEk,ஈஸ்வர நாமவளி சரணம்! (I) | Eeswara Naamavali Cinematic Devotional Film,ஈஸ்வர நாமவளி சரணம்! (I),Eeswara Naamavali Cinematic Devotional Film,,69,சிவபெருமான் (Lord Shiva),Cinematic Film / Video,சமயக்குரவர் பெருமக்கள் (திருமுறை),பன்னிரு திருமுறைகள் / தேவாரம் & திருவாசகம்,Discography ; Lord Shiva Songs,https://www.youtube.com/watch?v=pLVPFb8LJEk,PT3M7S,2026-09-27T18:56:14Z
489,pTxTsQzF8Xs,அதிகாரம் 53 - சுற்றந்தழால் (Original) | Suttranthazhaal [Original Audio],அதிகாரம் 53 - சுற்றந்தழால் (Original),Suttranthazhaal,Original Audio,72,திருக்குறள் (Thirukkural),Audio Track (Master Composition),திருவள்ளுவர் (Thiruvalluvar),திருக்குறள் — அதிகாரம்: சுற்றந்தழால்,Discography ; திருக்குறள் | Thirukkural — Master Collection,https://www.youtube.com/watch?v=pTxTsQzF8Xs,PT6M54S,2026-09-20T22:21:14Z
490,pWSY0_0UQwc,திருவோத்தூர் பதிகம் (சாரம்) | Thiruvothur Saram [Cinematic Shiva Film],திருவோத்தூர் பதிகம் (சாரம்),Thiruvothur Saram,Cinematic Shiva Film,70,சிவபெருமான் (Lord Shiva),Cinematic Film / Video,சமயக்குரவர் பெருமக்கள் (திருமுறை),பன்னிரு திருமுறைகள் / தேவாரம் & திருவாசகம்,Discography ; Lord Shiva Songs,https://www.youtube.com/watch?v=pWSY0_0UQwc,PT5M40S,2026-06-19T01:39:58Z
491,pYh67ltckLQ,நாள் என் செய்யும் | Naal En Seyyum [Cinematic Murugan Film],நாள் என் செய்யும்,Naal En Seyyum,Cinematic Murugan Film,59,முருகப் பெருமான் (Lord Murugar),Cinematic Film / Video,அருளாளர்கள் / சைவத் திருமுறை ஆசிரியர்கள்,குரு குல தேசம் திருமுறை வெளியீடு,Discography ; Lord Murugar Songs,https://www.youtube.com/watch?v=pYh67ltckLQ,PT5M54S,2026-07-15T14:33:15Z
492,pYuwzoJkhTE,மகா கணேச பஞ்சரத்னம் | Maha Ganesha Pancharatnam Cinematic Devotional Film,மகா கணேச பஞ்சரத்னம்,Maha Ganesha Pancharatnam Cinematic Devotional Film,,73,விநாயகர் (Lord Vinayagar),Cinematic Film / Video,ஸ்ரீ ஆதி சங்கர பகவத் பாதாள்,ஸ்ரீ மகா கணேச பஞ்சரத்னம்,Discography ; Lord Vinayagar Songs,https://www.youtube.com/watch?v=pYuwzoJkhTE,PT4M38S,2026-09-27T10:36:44Z
493,peEwj9A2blw,திருவசிய மந்திரம் 2026 | Thiruvasiyam Mantra | Full Song Film,திருவசிய மந்திரம் 2026,Thiruvasiyam Mantra,,61,சிவபெருமான் (Lord Shiva),Cinematic Film / Video,சமயக்குரவர் பெருமக்கள் (திருமுறை),பன்னிரு திருமுறைகள் / தேவாரம் & திருவாசகம்,Discography ; Lord Shiva Songs ; Other Songs,https://www.youtube.com/watch?v=peEwj9A2blw,PT4M54S,2026-09-27T18:14:37Z
494,phlMcxN_Cfw,திருப்பாவை - 2 (வையத்து வாழ்வீர்காள்) | Thiruppavai 2 [Cinematic Devotional Film],திருப்பாவை - 2 (வையத்து வாழ்வீர்காள்),Thiruppavai 2,Cinematic Devotional Film,81,விஷ்ணு / கிருஷ்ணர் (Lord Vishnu & Krishna),Cinematic Film / Video,ஸ்ரீ ஆண்டாள் நாச்சியார்,நாலாயிர திவ்வியப் பிரபந்தம் (திருப்பாவை),Discography ; Lord Vishnu Songs,https://www.youtube.com/watch?v=phlMcxN_Cfw,PT3M48S,2026-03-13T03:23:53Z
495,pkbzO9Clp2w,சிவபுண்ணியத் தேற்றம் | Sivapunniya Thetram Cinematic Shiva Film,சிவபுண்ணியத் தேற்றம்,Sivapunniya Thetram Cinematic Shiva Film,,63,சிவபெருமான் (Lord Shiva),Cinematic Film / Video,சமயக்குரவர் பெருமக்கள் (திருமுறை),பன்னிரு திருமுறைகள் / தேவாரம் & திருவாசகம்,Discography ; Lord Shiva Songs,https://www.youtube.com/watch?v=pkbzO9Clp2w,PT13M39S,2026-09-29T07:36:43Z
496,poRjt6i3SrU,திருவாசகம் - நடராஜர் பத்து | Natarajar Pathu Cinematic Shiva Film,திருவாசகம் - நடராஜர் பத்து,Natarajar Pathu Cinematic Shiva Film,,65,சிவபெருமான் (Lord Shiva),Cinematic Film / Video,சமயக்குரவர் பெருமக்கள் (திருமுறை),பன்னிரு திருமுறைகள் / தேவாரம் & திருவாசகம்,Discography ; Lord Shiva Songs,https://www.youtube.com/watch?v=poRjt6i3SrU,PT35M5S,2026-09-29T07:21:21Z
497,pzW2LiiPSVo,பண்டாய நான்மறை | Pandaaya Naanmarai Cinematic Devotional Film,பண்டாய நான்மறை,Pandaaya Naanmarai Cinematic Devotional Film,,61,சிவபெருமான் (Lord Shiva),Cinematic Film / Video,சமயக்குரவர் பெருமக்கள் (திருமுறை),பன்னிரு திருமுறைகள் / தேவாரம் & திருவாசகம்,Discography ; Lord Shiva Songs,https://www.youtube.com/watch?v=pzW2LiiPSVo,PT5M48S,2026-09-27T19:00:41Z
498,q2oGlYiV-qg,அதிகாரம் 65 - சொல்வன்மை (Remix) | Solvanmai [Remix Audio],அதிகாரம் 65 - சொல்வன்மை (Remix),Solvanmai,Remix Audio,57,திருக்குறள் (Thirukkural),Audio Track (Master Composition),திருவள்ளுவர் (Thiruvalluvar),திருக்குறள் — அதிகாரம்: சொல்வன்மை,Discography ; திருக்குறள் | Thirukkural — Master Collection,https://www.youtube.com/watch?v=q2oGlYiV-qg,PT5M36S,2026-09-22T19:31:08Z
499,q6Rg5CUbOD0,அதிகாரம் 65 - சொல்வன்மை | Solvanmai | Full Song Film,அதிகாரம் 65 - சொல்வன்மை,Solvanmai,,52,திருக்குறள் (Thirukkural),Cinematic Film / Video,திருவள்ளுவர் (Thiruvalluvar),திருக்குறள் — அதிகாரம்: சொல்வன்மை,திருக்குறள் | Thirukkural — Master Collection,https://www.youtube.com/watch?v=q6Rg5CUbOD0,PT5M39S,2026-09-28T14:23:31Z
500,qQqwD3gjenE,திருப்புலம்பல் 2026 (திருவாசகம்) | Thiruppulambal [Cinematic Shiva Film],திருப்புலம்பல் 2026 (திருவாசகம்),Thiruppulambal,Cinematic Shiva Film,72,சிவபெருமான் (Lord Shiva),Cinematic Film / Video,சமயக்குரவர் பெருமக்கள் (திருமுறை),பன்னிரு திருமுறைகள் / தேவாரம் & திருவாசகம்,Discography ; Lord Shiva Songs,https://www.youtube.com/watch?v=qQqwD3gjenE,PT3M44S,2026-02-09T06:37:55Z
501,qRZuTdyAghw,திருவருட்பா - நற்றுணை விளக்கம் 2026 | Cinematic Lord Shiva Devotional Film,திருவருட்பா - நற்றுணை விளக்கம் 2026,Cinematic Lord Shiva Devotional Film,,74,சிவபெருமான் (Lord Shiva),Cinematic Film / Video,சமயக்குரவர் பெருமக்கள் (திருமுறை),பன்னிரு திருமுறைகள் / தேவாரம் & திருவாசகம்,Discography ; Lord Shiva Songs,https://www.youtube.com/watch?v=qRZuTdyAghw,PT18M30S,2026-09-29T07:03:35Z
502,qRqkS1Kf8lA,மகரம் அளறு இடை | Original [Cinematic Devotional Film],மகரம் அளறு இடை,Original,Cinematic Devotional Film,53,முருகப் பெருமான் (Lord Murugar),Cinematic Film / Video,அருணகிரிநாதர் & சைவப் புலவர்கள்,கந்தர் அநுபூதி / திருப்புகழ்,Discography ; Lord Murugar Songs,https://www.youtube.com/watch?v=qRqkS1Kf8lA,PT3M55S,2026-09-02T08:49:42Z
503,qUsv2Gyk3d4,திருநீற்றுப் பதிகம் | Thiruneetru Pathigam Cinematic Devotional Film,திருநீற்றுப் பதிகம்,Thiruneetru Pathigam Cinematic Devotional Film,,68,சிவபெருமான் (Lord Shiva),Cinematic Film / Video,சமயக்குரவர் பெருமக்கள் (திருமுறை),பன்னிரு திருமுறைகள் / தேவாரம் & திருவாசகம்,Discography ; Lord Shiva Songs,https://www.youtube.com/watch?v=qUsv2Gyk3d4,PT4M49S,2026-09-10T05:50:46Z
504,qW6CZgELq1o,இராம ராம ராம ஹரே ஹரே | Rama Rama Rama Hare Hare [Cinematic Devotional Film],இராம ராம ராம ஹரே ஹரே,Rama Rama Rama Hare Hare,Cinematic Devotional Film,75,விஷ்ணு / கிருஷ்ணர் (Lord Vishnu & Krishna),Cinematic Film / Video,வேத பாரம்பரியம்,ஸ்ரீமத் பாகவதம் & மகாபாரதம்,Discography ; Lord Vishnu Songs,https://www.youtube.com/watch?v=qW6CZgELq1o,PT2M50S,2026-09-27T10:31:58Z
505,qWSwrdJMbSg,இராம கிருஷ்ண துதி | Rama Krishna Thuthi [Cinematic Devotional Film],இராம கிருஷ்ண துதி,Rama Krishna Thuthi,Cinematic Devotional Film,67,விஷ்ணு / கிருஷ்ணர் (Lord Vishnu & Krishna),Cinematic Film / Video,வேத பாரம்பரியம்,ஸ்ரீமத் பாகவதம் & மகாபாரதம்,Discography ; Lord Krishnar Songs ; Lord Vishnu Songs,https://www.youtube.com/watch?v=qWSwrdJMbSg,PT8M26S,2026-08-28T06:54:29Z
506,qYVo1gCko5Q,அருட்பெருஞ்சோதி அகவல் I | Arutperunjothi Agaval I | Full Song Film,அருட்பெருஞ்சோதி அகவல் I,Arutperunjothi Agaval I,,66,வள்ளலார் / சன்மார்க்கம் (Thiruvarutpa / Sanmargam),Cinematic Film / Video,வள்ளலார் இராமலிங்க அடிகளார்,திருவருட்பா (அருட்பெருஞ்சோதி அகவல்),Discography ; Other Songs,https://www.youtube.com/watch?v=qYVo1gCko5Q,PT4M50S,2026-09-27T21:21:18Z
507,qdaQ-ffeBso,நமச்சிவாய வாழ்க! (Children) | Namasivaya Vaazhga Cinematic Shiva Film,நமச்சிவாய வாழ்க! (Children),Namasivaya Vaazhga Cinematic Shiva Film,,69,சிவபெருமான் (Lord Shiva),Cinematic Film / Video,ஆழ்வார்கள் / நாலாயிர திவ்வியப் பிரபந்தம்,திருப்பாவை & நாலாயிர திவ்வியப் பிரபந்தம்,Lord Shiva Songs ; Lord Vishnu Songs,https://www.youtube.com/watch?v=qdaQ-ffeBso,PT13M12S,2026-09-29T07:22:39Z
508,qjxmrb4fmjA,திருவோத்தூர் பதிகம் I | Thiruvothur I [Cinematic Shiva Film],திருவோத்தூர் பதிகம் I,Thiruvothur I,Cinematic Shiva Film,60,சிவபெருமான் (Lord Shiva),Cinematic Film / Video,சமயக்குரவர் பெருமக்கள் (திருமுறை),பன்னிரு திருமுறைகள் / தேவாரம் & திருவாசகம்,Discography ; Lord Shiva Songs,https://www.youtube.com/watch?v=qjxmrb4fmjA,PT7M44S,2026-06-19T01:39:58Z
509,qqpvlkv0mSY,திருவோத்தூர் பதிகம் - பூத்தேர்ந்து ஆயன II | Thiruvothur Pathigam [Full Song],திருவோத்தூர் பதிகம் - பூத்தேர்ந்து ஆயன II,Thiruvothur Pathigam,Full Song,76,சிவபெருமான் (Lord Shiva),Audio Track (Master Composition),சமயக்குரவர் பெருமக்கள் (திருமுறை),பன்னிரு திருமுறைகள் / தேவாரம் & திருவாசகம்,Discography ; Lord Shiva Songs,https://www.youtube.com/watch?v=qqpvlkv0mSY,PT8M52S,2026-08-12T01:12:01Z
510,qr5jAhLRLUE,முருகர் வார வழிபாடு 2026 | முருகர் வார வழிபாடு 2026 [Cinematic Murugan Film],முருகர் வார வழிபாடு 2026,முருகர் வார வழிபாடு 2026,Cinematic Murugan Film,76,முருகப் பெருமான் (Lord Murugar),Cinematic Film / Video,அருணகிரிநாதர் & சைவப் புலவர்கள்,கந்தர் அநுபூதி / திருப்புகழ்,Discography ; Lord Murugar Songs,https://www.youtube.com/watch?v=qr5jAhLRLUE,PT6M47S,2026-09-18T11:30:09Z
511,r16aFXrl-Ig,பிடியதன் உருவுமை | Pidiyathan Uruvumai Cinematic Shiva Film,பிடியதன் உருவுமை,Pidiyathan Uruvumai Cinematic Shiva Film,,59,சிவபெருமான் (Lord Shiva),Cinematic Film / Video,சமயக்குரவர் பெருமக்கள் (திருமுறை),பன்னிரு திருமுறைகள் / தேவாரம் & திருவாசகம்,Discography ; Lord Shiva Songs,https://www.youtube.com/watch?v=r16aFXrl-Ig,PT9M50S,2026-09-29T07:14:26Z
512,r2ulXHQihY0,நெஞ்சறிவுறுத்தல் - ஒன்றாய்ப் பலவாய் | Nenjari Vuruthal [Devotional Film],நெஞ்சறிவுறுத்தல் - ஒன்றாய்ப் பலவாய்,Nenjari Vuruthal,Devotional Film,72,மரபு & கலாச்சாரம் (Cultural & Heritage),Cinematic Film / Video,வள்ளலார் இராமலிங்க அடிகளார் / மகாகவி பாரதியார்,திருவருட்பா / தேசிய ஆன்மீகப் பனுவல்,Discography ; Other Songs,https://www.youtube.com/watch?v=r2ulXHQihY0,PT18M24S,2026-09-02T05:17:38Z
513,r3APrd3opOs,ஆதியும் அந்தமும் (திருவெம்பாவை) | ஆதியும் அந்தமும் (திருவெம்பாவை) [Cinematic Shiva Film],ஆதியும் அந்தமும் (திருவெம்பாவை),ஆதியும் அந்தமும் (திருவெம்பாவை),Cinematic Shiva Film,88,சிவபெருமான் (Lord Shiva),Cinematic Film / Video,சமயக்குரவர் பெருமக்கள் (திருமுறை),பன்னிரு திருமுறைகள் / தேவாரம் & திருவாசகம்,Discography ; Lord Shiva Songs,https://www.youtube.com/watch?v=r3APrd3opOs,PT4M3S,2026-03-13T03:23:53Z
514,r55zzDkNtF4,அன்பே சரணம் அருளே சரணம் | Anbe Saranam Arule Saranam Cinematic Devotional Film,அன்பே சரணம் அருளே சரணம்,Anbe Saranam Arule Saranam Cinematic Devotional Film,,78,மரபு & கலாச்சாரம் (Cultural & Heritage),Cinematic Film / Video,வள்ளலார் இராமலிங்க அடிகளார்,திருவருட்பா (சன்மார்க்கக் கானம்),Discography ; Other Songs,https://www.youtube.com/watch?v=r55zzDkNtF4,PT8M9S,2026-09-27T18:00:51Z
515,r75xdfETSbE,அதிகாரம் 42 - கேள்வி (Remix) | Kelvi Selvam [Remix Audio],அதிகாரம் 42 - கேள்வி (Remix),Kelvi Selvam,Remix Audio,57,திருக்குறள் (Thirukkural),Audio Track (Master Composition),திருவள்ளுவர் (Thiruvalluvar),திருக்குறள்,,https://www.youtube.com/watch?v=r75xdfETSbE,PT4M13S,2026-09-18T20:13:18Z
516,rBeSH7tNEzA,அதிகாரம் 33 - கொல்லாமை | Kollaamai [Full Song Film],அதிகாரம் 33 - கொல்லாமை,Kollaamai,Full Song Film,51,திருக்குறள் (Thirukkural),Cinematic Film / Video,திருவள்ளுவர் (Thiruvalluvar),திருக்குறள் — அதிகாரம்: கொல்லாமை,Discography ; திருக்குறள் | Thirukkural — Master Collection,https://www.youtube.com/watch?v=rBeSH7tNEzA,PT4M38S,2026-09-15T14:28:47Z
517,rOowxP53oWA,அதிகாரம் 65 - சொல்வன்மை (Remix) | Solvanmai Remix Cinematic Thirukkural Film,அதிகாரம் 65 - சொல்வன்மை (Remix),Solvanmai Remix Cinematic Thirukkural Film,,76,திருக்குறள் (Thirukkural),Cinematic Film / Video,திருவள்ளுவர் (Thiruvalluvar),திருக்குறள் — அதிகாரம்: சொல்வன்மை,Discography ; திருக்குறள் | Thirukkural — Master Collection,https://www.youtube.com/watch?v=rOowxP53oWA,PT5M36S,2026-09-28T18:06:38Z
518,rRoJfeRQiaM,திருவையாறு திருமுறை | Kaveri Pilgrimage Cinematic Film,திருவையாறு திருமுறை,Kaveri Pilgrimage Cinematic Film,,54,சிவபெருமான் (Lord Shiva),Cinematic Film / Video,சமயக்குரவர் பெருமக்கள் (திருமுறை),பன்னிரு திருமுறைகள் / தேவாரம் & திருவாசகம்,Discography ; Lord Shiva Songs,https://www.youtube.com/watch?v=rRoJfeRQiaM,PT5M47S,2026-09-27T10:18:55Z
519,rYUfISYky0g,காயத்ரி மந்திரம் 2026 | Gayathri Mantra Cinematic Devotional Film,காயத்ரி மந்திரம் 2026,Gayathri Mantra Cinematic Devotional Film,,65,அம்மன் / சக்தி (Goddess Amman),Cinematic Film / Video,வேத பாரம்பரியம்,ஸ்ரீ சரஸ்வதி அஷ்டோத்தர சத நாமாவளி,Discography ; Goddess Amman Songs,https://www.youtube.com/watch?v=rYUfISYky0g,PT21M8S,2026-09-27T16:31:52Z
520,rZvXZu39OHc,ஹரே கிருஷ்ணா ஹரே ராமா | Hare Krishna Hare Rama Cinematic Devotional Film,ஹரே கிருஷ்ணா ஹரே ராமா,Hare Krishna Hare Rama Cinematic Devotional Film,,72,விஷ்ணு / கிருஷ்ணர் (Lord Vishnu & Krishna),Cinematic Film / Video,வேத பாரம்பரியம்,ஸ்ரீமத் பாகவதம் & மகாபாரதம்,Discography ; Lord Krishnar Songs,https://www.youtube.com/watch?v=rZvXZu39OHc,PT4M32S,2026-09-10T05:50:06Z
521,rm7aFPyapA0,அதிகாரம் 25 - அருளுடைமை | Aruludaimai [Original Audio],அதிகாரம் 25 - அருளுடைமை,Aruludaimai,Original Audio,54,திருக்குறள் (Thirukkural),Audio Track (Master Composition),திருவள்ளுவர் (Thiruvalluvar),திருக்குறள் — அதிகாரம்: அருளுடைமை,Discography ; திருக்குறள் | Thirukkural — Master Collection,https://www.youtube.com/watch?v=rm7aFPyapA0,N/A,2026
522,rq7PXPBI7SA,அதிகாரம் 35 - துறவு (Symphony) | Thuravu [Symphony],அதிகாரம் 35 - துறவு (Symphony),Thuravu,Symphony,51,திருக்குறள் (Thirukkural),Audio Track (Master Composition),திருவள்ளுவர் (Thiruvalluvar),திருக்குறள் — அதிகாரம்: துறவு,Discography ; திருக்குறள் | Thirukkural — Master Collection,https://www.youtube.com/watch?v=rq7PXPBI7SA,PT4M12S,2026-09-18T00:57:24Z
523,rr1zamJEIdg,பண்டாய நான்மறை | Pandaaya Naanmarai [Cinematic Shiva Film],பண்டாய நான்மறை,Pandaaya Naanmarai,Cinematic Shiva Film,58,சிவபெருமான் (Lord Shiva),Cinematic Film / Video,சமயக்குரவர் பெருமக்கள் (திருமுறை),பன்னிரு திருமுறைகள் / தேவாரம் & திருவாசகம்,Discography ; Lord Shiva Songs,https://www.youtube.com/watch?v=rr1zamJEIdg,PT5M48S,2026-02-11T05:38:11Z
524,s42Po5EpzyI,நமோ நாராயணம் (தசாவதாரம்) | Namo Narayanam [Image Motion Devotional Film],நமோ நாராயணம் (தசாவதாரம்),Namo Narayanam,Image Motion Devotional Film,72,விஷ்ணு / கிருஷ்ணர் (Lord Vishnu & Krishna),Cinematic Film / Video,ஆழ்வார்கள் / நாலாயிர திவ்வியப் பிரபந்தம்,திருப்பாவை & நாலாயிர திவ்வியப் பிரபந்தம்,Discography ; Lord Vishnu Songs,https://www.youtube.com/watch?v=s42Po5EpzyI,PT7M35S,2026-09-27T06:28:25Z
525,s7idxr-uVfQ,திருவருட்பா - திருவருண் முறையீடு | Thiruvarun Muraiyidu | Full Song Film,திருவருட்பா - திருவருண் முறையீடு,Thiruvarun Muraiyidu,,72,வள்ளலார் / சன்மார்க்கம் (Thiruvarutpa / Sanmargam),Cinematic Film / Video,வள்ளலார் இராமலிங்க அடிகளார் / மகாகவி பாரதியார்,திருவருட்பா / தேசிய ஆன்மீகப் பனுவல்,Discography ; Other Songs,https://www.youtube.com/watch?v=s7idxr-uVfQ,PT9M14S,2026-09-27T19:32:35Z
526,sAgX9WX86Rw,அதிகாரம் 80 - நட்பாராய்தல் | Natpaaraaythal | Full Song Film,அதிகாரம் 80 - நட்பாராய்தல்,Natpaaraaythal,,60,திருக்குறள் (Thirukkural),Cinematic Film / Video,திருவள்ளுவர் (Thiruvalluvar),திருக்குறள் — அதிகாரம்: நட்பாராய்தல்,Discography ; திருக்குறள் | Thirukkural — Master Collection,https://www.youtube.com/watch?v=sAgX9WX86Rw,PT4M48S,2026-09-28T17:17:46Z
527,sHSkPTQRtH8,வான் முகில் வழாது பெய்க | Vaan Mugil Cinematic Devotional Film,வான் முகில் வழாது பெய்க,Vaan Mugil Cinematic Devotional Film,,62,மரபு & கலாச்சாரம் (Cultural & Heritage),Cinematic Film / Video,வள்ளலார் இராமலிங்க அடிகளார் / மகாகவி பாரதியார்,திருவருட்பா / தேசிய ஆன்மீகப் பனுவல்,Discography ; Other Songs,https://www.youtube.com/watch?v=sHSkPTQRtH8,PT1M59S,2026-09-08T07:04:29Z
528,sScywbUNArA,அதிகாரம் 55 - செங்கோன்மை (Original) | Sengonmai [Original Audio],அதிகாரம் 55 - செங்கோன்மை (Original),Sengonmai,Original Audio,64,திருக்குறள் (Thirukkural),Audio Track (Master Composition),திருவள்ளுவர் (Thiruvalluvar),திருக்குறள் — அதிகாரம்: செங்கோன்மை,Discography ; திருக்குறள் | Thirukkural — Master Collection,https://www.youtube.com/watch?v=sScywbUNArA,PT4M57S,2026-09-21T02:45:06Z
529,sTSKhkPNI64,வாழ்வது தமிழ் ஆகட்டும் | Vaazvathu Thamiz Aagattum [Cinematic Film],வாழ்வது தமிழ் ஆகட்டும்,Vaazvathu Thamiz Aagattum,Cinematic Film,67,மரபு & கலாச்சாரம் (Cultural & Heritage),Cinematic Film / Video,வள்ளலார் இராமலிங்க அடிகளார் / மகாகவி பாரதியார்,திருவருட்பா / தேசிய ஆன்மீகப் பனுவல்,Discography ; Other Songs,https://www.youtube.com/watch?v=sTSKhkPNI64,PT4M50S,2026-01-13T19:39:13Z
530,sa5f7NcYuRQ,அதிகாரம் 27 - தவம் | Thavam Cinematic Thirukkural Film,அதிகாரம் 27 - தவம்,Thavam Cinematic Thirukkural Film,,54,திருக்குறள் (Thirukkural),Cinematic Film / Video,திருவள்ளுவர் (Thiruvalluvar),திருக்குறள் — அதிகாரம் 27: தவம்,Discography ; திருக்குறள் | Thirukkural — Master Collection,https://www.youtube.com/watch?v=sa5f7NcYuRQ,N/A,2026
531,scUcWDtCge8,அதிகாரம் 38 - ஊழ் | Oozh Vinai [Full Song Film],அதிகாரம் 38 - ஊழ்,Oozh Vinai,Full Song Film,47,திருக்குறள் (Thirukkural),Cinematic Film / Video,திருவள்ளுவர் (Thiruvalluvar),திருக்குறள் — அதிகாரம்: ஊழ்,Discography ; திருக்குறள் | Thirukkural — Master Collection,https://www.youtube.com/watch?v=scUcWDtCge8,PT3M55S,2026-09-13T05:17:06Z
532,ssOkftpUcLE,சிவ சுப்ரமணியர் திருவிருத்தம் | Siva Subramaniyar Thiruvirutham Cinematic Devotional Film,சிவ சுப்ரமணியர் திருவிருத்தம்,Siva Subramaniyar Thiruvirutham Cinematic Devotional Film,,89,சிவபெருமான் (Lord Shiva),Cinematic Film / Video,வேத பாரம்பரியம்,ஸ்ரீமத் பாகவதம் & மகாபாரதம்,Discography ; Lord Murugar Songs,https://www.youtube.com/watch?v=ssOkftpUcLE,PT11M12S,2026-09-10T05:53:47Z
533,t9Ke0-KMTyM,அதிகாரம் 73 - அவையஞ்சாமை (Symphony) | Avai Anjaamai [Symphony],அதிகாரம் 73 - அவையஞ்சாமை (Symphony),Avai Anjaamai,Symphony,62,திருக்குறள் (Thirukkural),Audio Track (Master Composition),திருவள்ளுவர் (Thiruvalluvar),திருக்குறள் உலகப் பொதுமறை,Discography ; திருக்குறள் | Thirukkural — Master Collection,https://www.youtube.com/watch?v=t9Ke0-KMTyM,PT3M42S,2026-09-24T08:20:16Z
534,tAlN-7BPL7k,சொற்பெரு மெய்ஞ்ஞான | Sorpperu Meygnana [Cinematic Devotional Film],சொற்பெரு மெய்ஞ்ஞான,Sorpperu Meygnana,Cinematic Devotional Film,66,மரபு & கலாச்சாரம் (Cultural & Heritage),Cinematic Film / Video,வள்ளலார் இராமலிங்க அடிகளார் / மகாகவி பாரதியார்,திருவருட்பா / தேசிய ஆன்மீகப் பனுவல்,Discography ; Other Songs,https://www.youtube.com/watch?v=tAlN-7BPL7k,PT4M42S,2026-07-12T04:54:02Z
535,tCxe5Q1ogPc,கந்த சஷ்டி கவசம் | Kandha Sashti Kavasam [Cinematic Murugan Film],கந்த சஷ்டி கவசம்,Kandha Sashti Kavasam,Cinematic Murugan Film,65,முருகப் பெருமான் (Lord Murugar),Cinematic Film / Video,பாலதேவராய சுவாமிகள்,கந்த சஷ்டி கவசம்,Discography ; Lord Murugar Songs,https://www.youtube.com/watch?v=tCxe5Q1ogPc,PT31M2S,2026-01-16T05:15:06Z
536,tLt9J-X9WOE,அதிகாரம் 51 - தெரிந்து தெளிதல் (Remix) | Therinthu Thelithal [Remix Audio],அதிகாரம் 51 - தெரிந்து தெளிதல் (Remix),Therinthu Thelithal,Remix Audio,74,திருக்குறள் (Thirukkural),Audio Track (Master Composition),திருவள்ளுவர் (Thiruvalluvar),திருக்குறள் — அதிகாரம்: தெரிந்து தெளிதல்,Discography ; திருக்குறள் | Thirukkural — Master Collection,https://www.youtube.com/watch?v=tLt9J-X9WOE,PT5M50S,2026-09-20T20:28:23Z
537,tMnJYH0SR9c,இந்திய தேசிய கீதம் 2026 | Indian National Anthem | Full Song Film,இந்திய தேசிய கீதம் 2026,Indian National Anthem,,65,மரபு & கலாச்சாரம் (Cultural & Heritage),Cinematic Film / Video,வள்ளலார் இராமலிங்க அடிகளார் / மகாகவி பாரதியார்,திருவருட்பா / தேசிய ஆன்மீகப் பனுவல்,Discography ; Other Songs,https://www.youtube.com/watch?v=tMnJYH0SR9c,PT3M52S,2026-09-27T19:19:41Z
538,tTQIGe4LJK4,சிவநேச வெண்பா | Sivanesa Venba Cinematic Devotional Film,சிவநேச வெண்பா,Sivanesa Venba Cinematic Devotional Film,,56,சிவபெருமான் (Lord Shiva),Cinematic Film / Video,சமயக்குரவர் பெருமக்கள் (திருமுறை),பன்னிரு திருமுறைகள் / தேவாரம் & திருவாசகம்,Discography ; Lord Shiva Songs,https://www.youtube.com/watch?v=tTQIGe4LJK4,PT7M5S,2026-09-27T17:28:50Z
539,tW9-r0H5rx8,திருப்படை ஆட்சி | hiphop [Cinematic Devotional Film],திருப்படை ஆட்சி,hiphop,Cinematic Devotional Film,52,சிவபெருமான் (Lord Shiva),Cinematic Film / Video,சமயக்குரவர் பெருமக்கள் (திருமுறை),பன்னிரு திருமுறைகள் / தேவாரம் & திருவாசகம்,Discography ; Lord Shiva Songs,https://www.youtube.com/watch?v=tW9-r0H5rx8,PT4M39S,2026-03-14T20:31:29Z
540,tX4JtRSOuxE,அதிகாரம் 2 - வான் சிறப்பு | Vaan Sirappu [Full Song Film],அதிகாரம் 2 - வான் சிறப்பு,Vaan Sirappu,Full Song Film,57,திருக்குறள் (Thirukkural),Cinematic Film / Video,திருவள்ளுவர் (Thiruvalluvar),திருக்குறள் — அதிகாரம்: வான் சிறப்பு,Discography ; Other Songs ; திருக்குறள் | Thirukkural — Master Collection,https://www.youtube.com/watch?v=tX4JtRSOuxE,PT5M13S,2026-01-13T19:39:13Z
541,tj_5hsasdyU,அதிகாரம் 59 - ஒற்றாடல் (Remix) | Ottraadal [Remix Audio],அதிகாரம் 59 - ஒற்றாடல் (Remix),Ottraadal,Remix Audio,56,திருக்குறள் (Thirukkural),Audio Track (Master Composition),திருவள்ளுவர் (Thiruvalluvar),திருக்குறள் — அதிகாரம்: ஒற்றாடல்,Discography ; திருக்குறள் | Thirukkural — Master Collection,https://www.youtube.com/watch?v=tj_5hsasdyU,PT5M40S,2026-09-21T23:01:58Z
542,toekDfqrzdI,மந்திரம் ஆவது நீறு | Mandhiram Aavadhu Neeru — Alternate Recording Film,மந்திரம் ஆவது நீறு,Mandhiram Aavadhu Neeru — Alternate Recording Film,,71,சிவபெருமான் (Lord Shiva),Cinematic Film / Video,திருஞானசம்பந்த மூர்த்தி நாயனார்,தேவாரம் (திருநீற்றுப் பதிகம்),Discography ; Lord Shiva Songs,https://www.youtube.com/watch?v=toekDfqrzdI,PT4M33S,2026-09-29T07:26:52Z
543,tqF2NBWp6_8,அதிகாரம் 56 - கொடுங்கோன்மை (Original) | Kodungonmai [Original Audio],அதிகாரம் 56 - கொடுங்கோன்மை (Original),Kodungonmai,Original Audio,68,திருக்குறள் (Thirukkural),Audio Track (Master Composition),திருவள்ளுவர் (Thiruvalluvar),திருக்குறள் — அதிகாரம்: கொடுங்கோன்மை,Discography ; திருக்குறள் | Thirukkural — Master Collection,https://www.youtube.com/watch?v=tqF2NBWp6_8,PT4M36S,2026-09-21T10:35:15Z
544,tzAYLpH3TkI,அதிகாரம் 29 - கள்ளாமை (Symphony) | Kallaamai Symphony Cinematic Thirukkural Film,அதிகாரம் 29 - கள்ளாமை (Symphony),Kallaamai Symphony Cinematic Thirukkural Film,,80,திருக்குறள் (Thirukkural),Cinematic Film / Video,திருவள்ளுவர் (Thiruvalluvar),திருக்குறள் — அதிகாரம்: கள்ளாமை,Discography ; திருக்குறள் | Thirukkural — Master Collection,https://www.youtube.com/watch?v=tzAYLpH3TkI,PT4M59S,2026-09-28T15:51:11Z
545,u41L3XgIgGc,சிவ புராணம் 2026 | Shiva Puranam (Thiruvasagam),சிவ புராணம் 2026,Shiva Puranam (Thiruvasagam),,47,சிவபெருமான் (Lord Shiva),Audio Track (Master Composition),மாணிக்கவாசகப் பெருமான்,திருவாசகம் (எட்டாம் திருமுறை),Discography ; Lord Shiva Songs,https://www.youtube.com/watch?v=u41L3XgIgGc,PT22M32S,2026-01-25T06:35:33Z
546,u9NeXaCHu-A,அதிகாரம் 70 - மன்னரைச் சேர்ந்தொழுதல் (Original) | Mannarai Sernthozhuthal [Original Audio],அதிகாரம் 70 - மன்னரைச் சேர்ந்தொழுதல் (Original),Mannarai Sernthozhuthal,Original Audio,90,திருக்குறள் (Thirukkural),Audio Track (Master Composition),திருவள்ளுவர் (Thiruvalluvar),திருக்குறள் — அதிகாரம்: மன்னரைச் சேர்ந்தொழுதல்,Discography ; திருக்குறள் | Thirukkural — Master Collection,https://www.youtube.com/watch?v=u9NeXaCHu-A,PT4M26S,2026-09-23T18:57:38Z
547,uGdn0wzpH6c,ஆஞ்சநேயர் துதி | Anjaneyar Thuthi Cinematic Devotional Film,ஆஞ்சநேயர் துதி,Anjaneyar Thuthi Cinematic Devotional Film,,59,மரபு & கலாச்சாரம் (Cultural & Heritage),Cinematic Film / Video,வள்ளலார் இராமலிங்க அடிகளார் / மகாகவி பாரதியார்,திருவருட்பா / தேசிய ஆன்மீகப் பனுவல்,Discography ; Other Songs,https://www.youtube.com/watch?v=uGdn0wzpH6c,PT3M10S,2026-09-27T16:57:48Z
548,uMK4LISQFE4,திருவருட்பா - திருமுல்லைவாயில் II | Thirumullaivayil II [Full Song],திருவருட்பா - திருமுல்லைவாயில் II,Thirumullaivayil II,Full Song,67,சிவபெருமான் (Lord Shiva),Audio Track (Master Composition),சமயக்குரவர் பெருமக்கள் (திருமுறை),பன்னிரு திருமுறைகள் / தேவாரம் & திருவாசகம்,Discography ; Lord Shiva Songs,https://www.youtube.com/watch?v=uMK4LISQFE4,PT4M21S,2026-07-23T05:04:46Z
549,uSHc6kdU_mY,போற்றித் திருஅகவல் (திருவாசகம்) | Cinematic Devotional Film,போற்றித் திருஅகவல் (திருவாசகம்),Cinematic Devotional Film,,59,சிவபெருமான் (Lord Shiva),Cinematic Film / Video,சமயக்குரவர் பெருமக்கள் (திருமுறை),பன்னிரு திருமுறைகள் / தேவாரம் & திருவாசகம்,Discography ; Lord Shiva Songs,https://www.youtube.com/watch?v=uSHc6kdU_mY,PT12M58S,2026-09-27T20:10:13Z
550,uadGicFNeqo,அதிகாரம் 40 - கல்வி | Kalvi [Original Audio],அதிகாரம் 40 - கல்வி,Kalvi,Original Audio,44,திருக்குறள் (Thirukkural),Audio Track (Master Composition),திருவள்ளுவர் (Thiruvalluvar),திருக்குறள் — அதிகாரம்: கல்வி,Discography ; திருக்குறள் | Thirukkural — Master Collection,https://www.youtube.com/watch?v=uadGicFNeqo,N/A,2026
551,ulW6fg4lkYA,அதிகாரம் 63 - இடுக்கண் அழியாமை (Remix) | Idukkan Azhiyaamai [Remix Audio],அதிகாரம் 63 - இடுக்கண் அழியாமை (Remix),Idukkan Azhiyaamai,Remix Audio,73,திருக்குறள் (Thirukkural),Audio Track (Master Composition),திருவள்ளுவர் (Thiruvalluvar),திருக்குறள் — அதிகாரம்: இடுக்கண் அழியாமை,Discography ; திருக்குறள் | Thirukkural — Master Collection,https://www.youtube.com/watch?v=ulW6fg4lkYA,PT5M30S,2026-09-22T12:28:55Z
552,um09tyT-2p0,அதிகாரம் 62 - ஆள்வினையுடைமை (Original) | Aalvinaiyudaimai [Original Audio],அதிகாரம் 62 - ஆள்வினையுடைமை (Original),Aalvinaiyudaimai,Original Audio,74,திருக்குறள் (Thirukkural),Audio Track (Master Composition),திருவள்ளுவர் (Thiruvalluvar),திருக்குறள் — அதிகாரம்: ஆள்வினையுடைமை,Discography ; திருக்குறள் | Thirukkural — Master Collection,https://www.youtube.com/watch?v=um09tyT-2p0,PT4M49S,2026-09-22T01:05:36Z
553,umo1jodWzXY,திருவோத்தூர் பதிகம் (V) | Thiruvothur V Cinematic Shiva Film,திருவோத்தூர் பதிகம் (V),Thiruvothur V Cinematic Shiva Film,,60,சிவபெருமான் (Lord Shiva),Cinematic Film / Video,சமயக்குரவர் பெருமக்கள் (திருமுறை),பன்னிரு திருமுறைகள் / தேவாரம் & திருவாசகம்,Lord Shiva Songs,https://www.youtube.com/watch?v=umo1jodWzXY,PT5M43S,2026-09-29T07:20:24Z
554,vFbw9hX0wO4,கண நாதா ஓம் (Symphony) | Gana Natha Om [Cinematic Vinayagar Film],கண நாதா ஓம் (Symphony),Gana Natha Om,Cinematic Vinayagar Film,65,முருகப் பெருமான் (Lord Murugar),Cinematic Film / Video,பாரம்பரிய விநாயகர் துதி,விநாயகர் நாம சங்கீர்த்தனம்,Discography ; Lord Vinayagar Songs,https://www.youtube.com/watch?v=vFbw9hX0wO4,PT3M48S,2026-09-14T23:11:44Z
555,vZyHNMkm8xU,திருவாசகம் - தென் நாடுடைய சிவனே போற்றி (Female) | Thennadudaiya Sivaney Potri,திருவாசகம் - தென் நாடுடைய சிவனே போற்றி (Female),Thennadudaiya Sivaney Potri,,77,சிவபெருமான் (Lord Shiva),Audio Track (Master Composition),சமயக்குரவர் பெருமக்கள் (திருமுறை),பன்னிரு திருமுறைகள் / தேவாரம் & திருவாசகம்,Discography ; Lord Shiva Songs,https://www.youtube.com/watch?v=vZyHNMkm8xU,PT3M25S,2026-08-16T00:05:49Z
556,v_Q_vKG_nHo,உள்ளம் ஒரு கோவில் (II) 2026 | Ullam Oru Kovil II | Full Song Film,உள்ளம் ஒரு கோவில் (II) 2026,Ullam Oru Kovil II,,65,மரபு & கலாச்சாரம் (Cultural & Heritage),Cinematic Film / Video,வள்ளலார் இராமலிங்க அடிகளார் / மகாகவி பாரதியார்,திருவருட்பா / தேசிய ஆன்மீகப் பனுவல்,Discography ; Other Songs,https://www.youtube.com/watch?v=v_Q_vKG_nHo,PT5M27S,2026-09-27T18:23:57Z
557,v_dsHTOvKP8,அதிகாரம் 5 - இல்வாழ்க்கை | Ilvaazhkkai [Full Song Film],அதிகாரம் 5 - இல்வாழ்க்கை,Ilvaazhkkai,Full Song Film,55,திருக்குறள் (Thirukkural),Cinematic Film / Video,திருவள்ளுவர் (Thiruvalluvar),திருக்குறள்,,https://www.youtube.com/watch?v=v_dsHTOvKP8,PT4M18S,2026-09-08T10:36:27Z
558,vaXLG5kUGVc,அன்னை ரேணுகாம்பாள் துதி | Annai Renukambal Cinematic Devotional Film,அன்னை ரேணுகாம்பாள் துதி,Annai Renukambal Cinematic Devotional Film,,68,அம்மன் / சக்தி (Goddess Amman),Cinematic Film / Video,அபிராமி பட்டர் / தேவி உபாசகர்கள்,அபிராமி அந்தாதி / லலிதா போற்றி,Discography ; Goddess Amman Songs,https://www.youtube.com/watch?v=vaXLG5kUGVc,PT3M10S,2026-09-27T06:45:56Z
559,vbMywONB5Wc,அதிகாரம் 42 - கேள்வி (கேள்விச் செல்வம்) (Remix) | Kelvi Selvam Remix Cinematic Thirukkural Film,அதிகாரம் 42 - கேள்வி (கேள்விச் செல்வம்) (Remix),Kelvi Selvam Remix Cinematic Thirukkural Film,,95,திருக்குறள் (Thirukkural),Cinematic Film / Video,திருவள்ளுவர் (Thiruvalluvar),திருக்குறள்,,https://www.youtube.com/watch?v=vbMywONB5Wc,PT4M13S,2026-09-28T16:04:17Z
560,vgB45NTmvK8,திருப்புலம்பல் | Storm to Dawn Cinematic Film,திருப்புலம்பல்,Storm to Dawn Cinematic Film,,45,சிவபெருமான் (Lord Shiva),Cinematic Film / Video,சமயக்குரவர் பெருமக்கள் (திருமுறை),பன்னிரு திருமுறைகள் / தேவாரம் & திருவாசகம்,Discography ; Lord Shiva Songs,https://www.youtube.com/watch?v=vgB45NTmvK8,PT3M44S,2026-09-27T06:53:49Z
561,w0lNqTk3QCU,அபிராமி அந்தாதி துதி | Abhirami Andhathi Thuthi [Cinematic Devotional Film],அபிராமி அந்தாதி துதி,Abhirami Andhathi Thuthi,Cinematic Devotional Film,75,விஷ்ணு / கிருஷ்ணர் (Lord Vishnu & Krishna),Cinematic Film / Video,அபிராமி பட்டர்,அபிராமி அந்தாதி,Discography ; Goddess Amman Songs,https://www.youtube.com/watch?v=w0lNqTk3QCU,PT4M15S,2026-02-14T13:24:56Z
562,wC45ZWg05eo,வேண்டுமே இத்தனையும் (திருவெம்பாவை) | வேண்டுமே இத்தனையும் (திருவெம்பாவை) [Cinematic Shiva Film],வேண்டுமே இத்தனையும் (திருவெம்பாவை),வேண்டுமே இத்தனையும் (திருவெம்பாவை),Cinematic Shiva Film,94,சிவபெருமான் (Lord Shiva),Cinematic Film / Video,சமயக்குரவர் பெருமக்கள் (திருமுறை),பன்னிரு திருமுறைகள் / தேவாரம் & திருவாசகம்,Discography ; Lord Shiva Songs,https://www.youtube.com/watch?v=wC45ZWg05eo,PT4M16S,2026-03-13T03:23:53Z
563,wCyrA4Be7cE,பெரியாழ்வார் திருமொழி தாலாட்டு 2026 (III) | Periyazhvar Lullaby Cinematic Film,பெரியாழ்வார் திருமொழி தாலாட்டு 2026 (III),Periyazhvar Lullaby Cinematic Film,,78,விஷ்ணு / கிருஷ்ணர் (Lord Vishnu & Krishna),Cinematic Film / Video,பெரியாழ்வார்,பெரியாழ்வார் திருமொழி (கண்ணன் தாலாட்டு),Discography ; Lord Krishnar Songs,https://www.youtube.com/watch?v=wCyrA4Be7cE,PT5M27S,2026-09-27T18:08:51Z
564,wGtcobqR01Q,திருவருள் வழக்க விளக்கம் | Thiruvarul Vazhakka Vilakkam Cinematic Shiva Film,திருவருள் வழக்க விளக்கம்,Thiruvarul Vazhakka Vilakkam Cinematic Shiva Film,,76,சிவபெருமான் (Lord Shiva),Cinematic Film / Video,வள்ளலார் இராமலிங்க அடிகளார்,திருவருட்பா (திருவருள் வழக்க விளக்கம்),Discography ; Lord Shiva Songs,https://www.youtube.com/watch?v=wGtcobqR01Q,PT14M39S,2026-09-29T07:30:10Z
565,wPT_1jgn2Ys,அதிகாரம் 28 - கூடா ஒழுக்கம் (Symphony) | Kooda Ozhukkam Symphony Cinematic Thirukkural Film,அதிகாரம் 28 - கூடா ஒழுக்கம் (Symphony),Kooda Ozhukkam Symphony Cinematic Thirukkural Film,,91,திருக்குறள் (Thirukkural),Cinematic Film / Video,திருவள்ளுவர் (Thiruvalluvar),திருக்குறள் — அதிகாரம்: கூடா ஒழுக்கம்,Discography ; திருக்குறள் | Thirukkural — Master Collection,https://www.youtube.com/watch?v=wPT_1jgn2Ys,PT4M43S,2026-09-28T16:08:03Z
566,wXD_lSlfiSQ,நமச்சிவாய வாழ்க! Symphony | நமச்சிவாய வாழ்க! Symphony [Cinematic Shiva Film],நமச்சிவாய வாழ்க! Symphony,நமச்சிவாய வாழ்க! Symphony,Cinematic Shiva Film,76,சிவபெருமான் (Lord Shiva),Cinematic Film / Video,சமயக்குரவர் பெருமக்கள் (திருமுறை),பன்னிரு திருமுறைகள் / தேவாரம் & திருவாசகம்,Discography ; Lord Shiva Songs,https://www.youtube.com/watch?v=wXD_lSlfiSQ,PT14M54S,2026-08-21T20:21:48Z
567,wehcVz3BMHo,மகாமாயி சமயபுரத்தாயே | Magamayi Samayapurathaye [Cinematic Devotional Film],மகாமாயி சமயபுரத்தாயே,Magamayi Samayapurathaye,Cinematic Devotional Film,75,அம்மன் / சக்தி (Goddess Amman),Cinematic Film / Video,அபிராமி பட்டர் / தேவி உபாசகர்கள்,அபிராமி அந்தாதி / லலிதா போற்றி,Discography ; Goddess Amman Songs,https://www.youtube.com/watch?v=wehcVz3BMHo,PT4M33S,2026-09-07T13:03:11Z
568,wnbjHShXh10,ஹரே ராமா ஹரே கிருஷ்ணா | Hare Rama Hare Krishna [Cinematic Devotional Film],ஹரே ராமா ஹரே கிருஷ்ணா,Hare Rama Hare Krishna,Cinematic Devotional Film,74,விஷ்ணு / கிருஷ்ணர் (Lord Vishnu & Krishna),Cinematic Film / Video,வேத பாரம்பரியம்,ஸ்ரீமத் பாகவதம் & மகாபாரதம்,Discography ; Lord Krishnar Songs ; Lord Vishnu Songs,https://www.youtube.com/watch?v=wnbjHShXh10,PT4M28S,2026-03-15T18:19:35Z
569,wyDIU74Rs7Y,அதிகாரம் 73 - அவையஞ்சாமை (Female) | Avai Anjaamai Female Cinematic Thirukkural Film,அதிகாரம் 73 - அவையஞ்சாமை (Female),Avai Anjaamai Female Cinematic Thirukkural Film,,83,திருக்குறள் (Thirukkural),Cinematic Film / Video,திருவள்ளுவர் (Thiruvalluvar),திருக்குறள் — அதிகாரம்: அவையஞ்சாமை,Discography ; திருக்குறள் | Thirukkural — Master Collection,https://www.youtube.com/watch?v=wyDIU74Rs7Y,PT3M48S,2026-09-28T16:09:04Z
570,wylRNpaJNmY,அதிகாரம் 46 - சிற்றினம் சேராமை (Remix) | Sittrinam Seramai Remix Cinematic Thirukkural Film,அதிகாரம் 46 - சிற்றினம் சேராமை (Remix),Sittrinam Seramai Remix Cinematic Thirukkural Film,,91,திருக்குறள் (Thirukkural),Cinematic Film / Video,திருவள்ளுவர் (Thiruvalluvar),திருக்குறள்,,https://www.youtube.com/watch?v=wylRNpaJNmY,PT5M31S,2026-09-28T16:06:53Z
571,wzdoeFDq0iQ,அதிகாரம் 56 - கொடுங்கோன்மை | Kodungonmai | Full Song Film,அதிகாரம் 56 - கொடுங்கோன்மை,Kodungonmai,,57,திருக்குறள் (Thirukkural),Cinematic Film / Video,திருவள்ளுவர் (Thiruvalluvar),திருக்குறள் — அதிகாரம்: கொடுங்கோன்மை,திருக்குறள் | Thirukkural — Master Collection,https://www.youtube.com/watch?v=wzdoeFDq0iQ,PT4M36S,2026-09-28T14:04:26Z
572,x355fpndpTI,கௌமாரம் ஸ்துதி 2026 | கௌமாரம் ஸ்துதி 2026 [Cinematic Murugan Film],கௌமாரம் ஸ்துதி 2026,கௌமாரம் ஸ்துதி 2026,Cinematic Murugan Film,66,முருகப் பெருமான் (Lord Murugar),Cinematic Film / Video,அருணகிரிநாதர் & சைவப் புலவர்கள்,கந்தர் அநுபூதி / திருப்புகழ்,Discography ; Lord Murugar Songs,https://www.youtube.com/watch?v=x355fpndpTI,PT3M48S,2026-09-18T15:05:48Z
573,x3CyxNH5bpQ,அதிகாரம் 69 - தூது (Remix) | Thoothu Remix Cinematic Thirukkural Film,அதிகாரம் 69 - தூது (Remix),Thoothu Remix Cinematic Thirukkural Film,,69,திருக்குறள் (Thirukkural),Cinematic Film / Video,திருவள்ளுவர் (Thiruvalluvar),திருக்குறள் — அதிகாரம்: தூது,Discography ; திருக்குறள் | Thirukkural — Master Collection,https://www.youtube.com/watch?v=x3CyxNH5bpQ,PT4M11S,2026-09-28T17:18:05Z
574,x8x7cnUdTE4,உள்ளம் ஒரு கோவில் (II) 2026 | Ullam Oru Kovil II [Cinematic Devotional Film],உள்ளம் ஒரு கோவில் (II) 2026,Ullam Oru Kovil II,Cinematic Devotional Film,76,மரபு & கலாச்சாரம் (Cultural & Heritage),Cinematic Film / Video,வள்ளலார் இராமலிங்க அடிகளார் / மகாகவி பாரதியார்,திருவருட்பா / தேசிய ஆன்மீகப் பனுவல்,Discography ; Other Songs,https://www.youtube.com/watch?v=x8x7cnUdTE4,PT5M27S,2026-05-11T19:29:56Z
575,xAgvuRIIl6o,திருவையாறு திருமுறை (சாரம்) | Thiruvaiyaaru Thirumurai [Cinematic Shiva Film],திருவையாறு திருமுறை (சாரம்),Thiruvaiyaaru Thirumurai,Cinematic Shiva Film,77,மரபு & கலாச்சாரம் (Cultural & Heritage),Cinematic Film / Video,வள்ளலார் இராமலிங்க அடிகளார் / மகாகவி பாரதியார்,திருவருட்பா / தேசிய ஆன்மீகப் பனுவல்,Discography ; Other Songs,https://www.youtube.com/watch?v=xAgvuRIIl6o,PT5M47S,2026-08-28T05:26:34Z
576,xGb7ZXDRvVU,துஞ்சலும் துஞ்சல் | Tunjalum Tunjal [Cinematic Shiva Film],துஞ்சலும் துஞ்சல்,Tunjalum Tunjal,Cinematic Shiva Film,58,சிவபெருமான் (Lord Shiva),Cinematic Film / Video,அருளாளர்கள் / சைவத் திருமுறை ஆசிரியர்கள்,குரு குல தேசம் திருமுறை வெளியீடு,Discography ; Lord Shiva Songs,https://www.youtube.com/watch?v=xGb7ZXDRvVU,PT7M56S,2026-07-15T14:19:50Z
577,xVyPWHTMXHw,அதிகாரம் 43 - அறிவுடைமை (Remix) | Arivudaimai Remix Cinematic Thirukkural Film,அதிகாரம் 43 - அறிவுடைமை (Remix),Arivudaimai Remix Cinematic Thirukkural Film,,78,திருக்குறள் (Thirukkural),Cinematic Film / Video,திருவள்ளுவர் (Thiruvalluvar),திருக்குறள் — அதிகாரம்: அறிவுடைமை,Discography ; திருக்குறள் | Thirukkural — Master Collection,https://www.youtube.com/watch?v=xVyPWHTMXHw,PT5M2S,2026-09-28T16:01:28Z
578,xXOHhRpIUn4,உலகெலாம் உணர்ந்து | Ulagelaam Unarndhu Cinematic Devotional Film,உலகெலாம் உணர்ந்து,Ulagelaam Unarndhu Cinematic Devotional Film,,64,சிவபெருமான் (Lord Shiva),Cinematic Film / Video,சமயக்குரவர் பெருமக்கள் (திருமுறை),பன்னிரு திருமுறைகள் / தேவாரம் & திருவாசகம்,Discography ; Lord Shiva Songs,https://www.youtube.com/watch?v=xXOHhRpIUn4,PT3M59S,2026-09-27T13:07:41Z
579,xc1iNs05Bkw,திருவெண்பா | hiphop [Cinematic Devotional Film],திருவெண்பா,hiphop,Cinematic Devotional Film,47,சிவபெருமான் (Lord Shiva),Cinematic Film / Video,சமயக்குரவர் பெருமக்கள் (திருமுறை),பன்னிரு திருமுறைகள் / தேவாரம் & திருவாசகம்,Discography ; Lord Shiva Songs,https://www.youtube.com/watch?v=xc1iNs05Bkw,PT3M14S,2026-03-14T20:31:29Z
580,xcUlgFsrepU,அதிகாரம் 31 - வெகுளாமை | Vegulaamai | Full Song Film,அதிகாரம் 31 - வெகுளாமை,Vegulaamai,,52,திருக்குறள் (Thirukkural),Cinematic Film / Video,திருவள்ளுவர் (Thiruvalluvar),திருக்குறள்,,https://www.youtube.com/watch?v=xcUlgFsrepU,PT5M25S,2026-09-28T15:02:21Z
581,xjem5fTKx90,கிருஷ்ண மந்திரம் I | Krishna Mantram Cinematic Devotional Film,கிருஷ்ண மந்திரம் I,Krishna Mantram Cinematic Devotional Film,,62,விஷ்ணு / கிருஷ்ணர் (Lord Vishnu & Krishna),Cinematic Film / Video,வேத பாரம்பரியம்,ஸ்ரீமத் பாகவதம் & மகாபாரதம்,Discography ; Lord Krishnar Songs,https://www.youtube.com/watch?v=xjem5fTKx90,PT1M53S,2026-09-27T16:55:49Z
582,xqM-FFGFDC4,தில்லை வாழ் அந்தணர் | தில்லை வாழ் அந்தணர் [Cinematic Shiva Film],தில்லை வாழ் அந்தணர்,தில்லை வாழ் அந்தணர்,Cinematic Shiva Film,64,சிவபெருமான் (Lord Shiva),Cinematic Film / Video,சமயக்குரவர் பெருமக்கள் (திருமுறை),பன்னிரு திருமுறைகள் / தேவாரம் & திருவாசகம்,Discography ; Lord Shiva Songs,https://www.youtube.com/watch?v=xqM-FFGFDC4,PT9M8S,2026-03-13T04:33:43Z
583,xq_sktu9GyU,திருவருட்பா - அருளியல் வினாவல் 2026 | Cinematic Devotional Film,திருவருட்பா - அருளியல் வினாவல் 2026,Cinematic Devotional Film,,63,சிவபெருமான் (Lord Shiva),Cinematic Film / Video,ஆழ்வார்கள் / நாலாயிர திவ்வியப் பிரபந்தம்,திருப்பாவை & நாலாயிர திவ்வியப் பிரபந்தம்,Lord Shiva Songs ; Lord Vishnu Songs,https://www.youtube.com/watch?v=xq_sktu9GyU,PT13M30S,2026-09-29T07:09:56Z
584,xvkMEdaF7w4,அதிகாரம் 31 - வெகுளாமை | Vegulaamai [Full Song Film],அதிகாரம் 31 - வெகுளாமை,Vegulaamai,Full Song Film,52,திருக்குறள் (Thirukkural),Cinematic Film / Video,திருவள்ளுவர் (Thiruvalluvar),திருக்குறள் — அதிகாரம்: வெகுளாமை,Discography ; திருக்குறள் | Thirukkural — Master Collection,https://www.youtube.com/watch?v=xvkMEdaF7w4,N/A,2026
585,y7TMSgzWf8o,அன்னம் பாலிக்கும் தில்லை | Annam Paalikkum Thillai [Cinematic Shiva Film],அன்னம் பாலிக்கும் தில்லை,Annam Paalikkum Thillai,Cinematic Shiva Film,73,சிவபெருமான் (Lord Shiva),Cinematic Film / Video,திருநாவுக்கரசு சுவாமிகள் (அப்பர்),தேவாரம் (தில்லைத் திருப்பதிகம்),Discography ; Lord Shiva Songs,https://www.youtube.com/watch?v=y7TMSgzWf8o,PT6M24S,2026-06-21T08:41:26Z
586,yEZFeX0no9o,திருவோத்தூர் பதிகம் 2026 (I) | Thiruvothur I Cinematic Shiva Film,திருவோத்தூர் பதிகம் 2026 (I),Thiruvothur I Cinematic Shiva Film,,65,சிவபெருமான் (Lord Shiva),Cinematic Film / Video,ஆழ்வார்கள் / நாலாயிர திவ்வியப் பிரபந்தம்,திருப்பாவை & நாலாயிர திவ்வியப் பிரபந்தம்,Lord Shiva Songs ; Lord Vishnu Songs,https://www.youtube.com/watch?v=yEZFeX0no9o,PT7M44S,2026-09-29T07:27:54Z
587,yMrpyhLlDc8,தாமரை மலரே | Thamarai Malare [Cinematic Devotional Film],தாமரை மலரே,Thamarai Malare,Cinematic Devotional Film,56,மரபு & கலாச்சாரம் (Cultural & Heritage),Cinematic Film / Video,வள்ளலார் இராமலிங்க அடிகளார் / மகாகவி பாரதியார்,திருவருட்பா / தேசிய ஆன்மீகப் பனுவல்,Discography ; Other Songs,https://www.youtube.com/watch?v=yMrpyhLlDc8,PT2M46S,2026-07-16T22:18:44Z
588,yPfkP_EjTyc,கௌமாரம் ஸ்துதி | Koumaram Stuthi Cinematic Devotional Film,கௌமாரம் ஸ்துதி,Koumaram Stuthi Cinematic Devotional Film,,58,முருகப் பெருமான் (Lord Murugar),Cinematic Film / Video,அருணகிரிநாதர் & சைவப் புலவர்கள்,கந்தர் அநுபூதி / திருப்புகழ்,Discography ; Lord Murugar Songs,https://www.youtube.com/watch?v=yPfkP_EjTyc,PT3M48S,2026-09-27T07:17:56Z
589,yrmF7nfwnsQ,கோளறு பதிகம் 2026 | கோளறு பதிகம் 2026 [Cinematic Shiva Film],கோளறு பதிகம் 2026,கோளறு பதிகம் 2026,Cinematic Shiva Film,60,சிவபெருமான் (Lord Shiva),Cinematic Film / Video,சமயக்குரவர் பெருமக்கள் (திருமுறை),பன்னிரு திருமுறைகள் / தேவாரம் & திருவாசகம்,Discography ; Lord Shiva Songs,https://www.youtube.com/watch?v=yrmF7nfwnsQ,PT15M57S,2026-07-16T22:18:44Z
590,yy8f939JP4M,எண்ணப் பதிகம் (திருவாசகம்) | Enna Pathigam Cinematic Devotional Film,எண்ணப் பதிகம் (திருவாசகம்),Enna Pathigam Cinematic Devotional Film,,68,சிவபெருமான் (Lord Shiva),Cinematic Film / Video,சமயக்குரவர் பெருமக்கள் (திருமுறை),பன்னிரு திருமுறைகள் / தேவாரம் & திருவாசகம்,Discography ; Lord Shiva Songs,https://www.youtube.com/watch?v=yy8f939JP4M,PT8M14S,2026-09-27T16:36:06Z
591,zFb2PGEPrr4,திருவோத்தூர் பதிகம் | Original [Cinematic Devotional Film],திருவோத்தூர் பதிகம்,Original,Cinematic Devotional Film,58,சிவபெருமான் (Lord Shiva),Cinematic Film / Video,சமயக்குரவர் பெருமக்கள் (திருமுறை),பன்னிரு திருமுறைகள் / தேவாரம் & திருவாசகம்,Discography ; Lord Shiva Songs,https://www.youtube.com/watch?v=zFb2PGEPrr4,PT9M6S,2026-08-18T11:35:46Z
592,zPQOik79O68,அருட்பெருஞ்சோதி 2026 | Arutperunjothi Cinematic Devotional Film,அருட்பெருஞ்சோதி 2026,Arutperunjothi Cinematic Devotional Film,,63,வள்ளலார் / சன்மார்க்கம் (Thiruvarutpa / Sanmargam),Cinematic Film / Video,வள்ளலார் இராமலிங்க அடிகளார்,திருவருட்பா (அருட்பெருஞ்சோதி அகவல்),Discography ; Other Songs,https://www.youtube.com/watch?v=zPQOik79O68,PT5M47S,2026-09-27T10:35:17Z
593,zTHsoP6OIAc,ஈஸ்வர நாமவளி சரணம்! | II [Cinematic Devotional Film],ஈஸ்வர நாமவளி சரணம்!,II,Cinematic Devotional Film,52,சிவபெருமான் (Lord Shiva),Cinematic Film / Video,சமயக்குரவர் பெருமக்கள் (திருமுறை),பன்னிரு திருமுறைகள் / தேவாரம் & திருவாசகம்,Discography ; Lord Shiva Songs,https://www.youtube.com/watch?v=zTHsoP6OIAc,PT4M43S,2026-08-16T01:29:22Z
594,zj4_pEqa_cs,அதிகாரம் 62 - ஆள்வினையுடைமை | Aalvinaiyudaimai | Full Song Film,அதிகாரம் 62 - ஆள்வினையுடைமை,Aalvinaiyudaimai,,63,திருக்குறள் (Thirukkural),Cinematic Film / Video,திருவள்ளுவர் (Thiruvalluvar),திருக்குறள் — அதிகாரம்: ஆள்வினையுடைமை,திருக்குறள் | Thirukkural — Master Collection,https://www.youtube.com/watch?v=zj4_pEqa_cs,PT4M49S,2026-09-28T09:46:10Z
595,zq1dxg5R-rY,அதிகாரம் 70 - மன்னரைச் சேர்ந்தொழுதல் (Female) | Mannarai Sernthozhuthal [Full Song Film],அதிகாரம் 70 - மன்னரைச் சேர்ந்தொழுதல் (Female),Mannarai Sernthozhuthal,Full Song Film,88,திருக்குறள் (Thirukkural),Cinematic Film / Video,திருவள்ளுவர் (Thiruvalluvar),திருக்குறள் — அதிகாரம்: மன்னரைச் சேர்ந்தொழுதல்,Discography ; திருக்குறள் | Thirukkural — Master Collection,https://www.youtube.com/watch?v=zq1dxg5R-rY,PT4M42S,2026-09-23T18:57:38Z
596,zqStqzcFgbM,மகா கணேச பஞ்சரத்னம் | Maha Ganesha Pancharatnam [Cinematic Devotional Film],மகா கணேச பஞ்சரத்னம்,Maha Ganesha Pancharatnam,Cinematic Devotional Film,75,விநாயகர் (Lord Vinayagar),Cinematic Film / Video,ஸ்ரீ ஆதி சங்கர பகவத் பாதாள்,ஸ்ரீ மகா கணேச பஞ்சரத்னம்,Discography ; Lord Vinayagar Songs,https://www.youtube.com/watch?v=zqStqzcFgbM,PT4M38S,2026-08-13T14:22:57Z
597,zuDJOeLjtcQ,உள்ளம் ஒரு கோவில் 2026 | Ullam Oru Kovil [Cinematic Devotional Film],உள்ளம் ஒரு கோவில் 2026,Ullam Oru Kovil,Cinematic Devotional Film,68,மரபு & கலாச்சாரம் (Cultural & Heritage),Cinematic Film / Video,வள்ளலார் இராமலிங்க அடிகளார் / மகாகவி பாரதியார்,திருவருட்பா / தேசிய ஆன்மீகப் பனுவல்,Discography ; Other Songs,https://www.youtube.com/watch?v=zuDJOeLjtcQ,PT6M34S,2026-05-11T19:29:56Z
598,zzJZkyX1GL4,அதிகாரம் 44 - குற்றங்கடிதல் | Kuttrangadithal [Remix Audio],அதிகாரம் 44 - குற்றங்கடிதல்,Kuttrangadithal,Remix Audio,59,திருக்குறள் (Thirukkural),Audio Track (Master Composition),திருவள்ளுவர் (Thiruvalluvar),திருக்குறள் — அதிகாரம்: குற்றங்கடிதல்,Discography ; திருக்குறள் | Thirukkural — Master Collection,https://www.youtube.com/watch?v=zzJZkyX1GL4,N/A,2026
